living_area_sqft,bedrooms,bathrooms,property_age,lot_size,parking_spaces,property_condition,neighborhood_quality,distance_to_transit,distance_to_school,crime_index,accessibility_score,local_income,unemployment_rate,inflation_rate,property_price
2377.6,3,2.0,6.0,9432.1,1,Good,8.69,14.0,2.03,34.49,5.21,93.69,4.58,4.92,66.52
1903.8,3,2.0,6.1,4910.4,2,Good,8.7,9.18,2.9,16.3,7.99,128.52,6.26,2.35,56.35
2506.6,3,2.5,4.8,12664.3,3,Average,5.81,0.85,3.84,49.05,10.0,75.24,6.09,2.24,64.45
3405.2,5,4.0,7.6,14102.3,4,Average,7.05,3.18,3.86,42.02,10.0,104.9,6.57,4.33,84.33
1841.0,3,2.5,37.0,10745.5,1,Average,9.18,1.32,2.01,8.0,10.0,125.48,4.06,3.48,65.16
1841.0,2,1.5,12.7,5043.2,1,Good,9.25,0.89,3.71,13.43,10.0,116.32,6.09,3.75,67.8
3472.8,6,4.5,4.9,11813.6,3,Fair,4.92,3.89,5.65,55.82,8.69,94.09,6.08,3.38,78.65
2613.9,5,3.5,8.7,10931.4,2,Average,7.57,5.14,3.79,27.11,10.0,108.07,4.09,3.55,71.06
1695.4,2,1.5,2.0,7170.9,2,Excellent,7.26,1.87,4.88,13.72,10.0,109.27,5.24,3.92,63.89
2416.1,4,3.5,42.2,13099.3,2,Good,8.17,0.39,2.01,18.03,10.0,127.14,6.27,3.59,73.01
1699.0,4,3.0,9.4,6555.6,2,Excellent,8.74,1.84,1.47,24.63,10.0,129.53,6.68,2.97,54.64
1697.6,3,2.5,65.0,7800.8,1,Fair,4.63,2.63,1.19,59.9,9.34,80.23,5.04,5.15,36.61
2174.8,3,2.0,7.7,6482.1,2,Average,5.26,7.36,4.64,46.95,6.85,73.91,3.99,3.47,51.18
1022.9,1,1.0,32.6,3641.4,2,Good,8.13,3.62,1.72,29.09,10.0,102.97,6.89,3.25,38.73
1092.6,2,1.5,5.3,7144.5,1,Good,6.77,4.17,0.51,30.49,10.0,105.02,5.24,3.14,47.11
1641.2,2,1.5,1.4,7165.9,1,Good,2.49,0.92,1.44,74.96,8.83,40.18,3.12,3.66,33.57
1401.8,1,1.0,0.6,7591.9,1,Average,3.5,4.28,2.91,68.53,10.0,76.38,4.94,3.22,42.89
2230.5,5,3.5,16.8,10944.6,3,Good,7.69,2.43,7.09,33.05,10.0,111.65,6.45,1.88,65.87
1454.2,2,1.5,6.7,5033.6,1,Excellent,8.01,5.69,3.31,22.25,9.57,126.2,3.86,3.21,61.63
1218.9,2,2.0,10.6,4829.1,2,Fair,4.07,0.98,1.48,59.27,10.0,58.01,5.33,2.59,37.15
3337.5,5,4.5,30.7,17293.7,2,Good,8.48,2.51,1.64,30.27,10.0,106.53,4.84,3.6,88.26
1846.4,2,2.0,5.1,9160.8,1,Average,6.15,0.95,2.39,35.82,10.0,119.17,5.16,3.38,51.09
2046.0,3,3.0,6.6,7899.0,2,Average,4.66,1.28,6.08,56.34,10.0,76.49,4.72,2.9,47.72
1213.6,1,1.0,33.6,3889.5,1,Good,5.49,5.91,4.52,44.8,8.93,100.94,5.75,4.11,37.0
1651.5,4,3.0,12.2,4207.9,3,Average,4.3,3.93,4.39,66.14,10.0,54.67,4.96,3.35,45.91
2077.3,2,2.5,31.6,6875.7,1,Average,5.39,4.37,0.9,50.21,9.12,83.04,5.92,3.12,42.05
1335.6,1,1.0,8.4,4584.0,1,Fair,3.14,0.43,0.67,55.05,10.0,79.3,4.8,3.13,41.25
2279.0,3,2.5,9.1,8927.5,1,Good,6.37,4.38,2.36,50.6,9.58,76.32,6.43,3.11,59.9
1619.3,4,2.0,3.3,7696.0,2,Excellent,7.56,2.36,4.73,27.58,10.0,143.76,5.21,3.78,60.14
1804.3,3,2.0,44.7,4500.5,1,Average,4.07,2.17,5.29,52.66,10.0,74.69,3.87,2.82,38.35
1618.7,2,2.0,40.9,5381.7,1,Average,6.53,1.9,0.68,26.04,10.0,88.64,4.26,3.45,52.13
3821.1,6,5.0,65.0,20057.5,2,Average,5.05,6.31,0.53,47.97,7.36,88.02,3.93,3.02,79.09
1988.8,4,3.0,9.3,9565.7,2,Good,7.7,0.83,1.43,39.42,10.0,129.12,3.99,2.92,68.78
1379.9,3,2.0,30.7,8025.9,3,Good,2.33,5.58,3.66,46.86,7.56,40.28,3.76,3.75,38.13
2664.8,5,3.0,9.6,10841.1,2,Good,7.78,8.63,3.34,8.0,8.24,104.94,4.01,2.7,71.03
1303.4,4,2.5,10.9,6892.7,1,,3.23,0.79,1.24,66.25,10.0,65.61,5.19,3.79,35.93
2149.7,5,3.5,31.9,6367.3,3,Good,6.12,14.0,1.43,39.71,5.33,101.89,6.01,3.63,62.14
1006.4,1,1.0,3.5,4705.8,1,Fair,5.22,14.0,0.5,51.11,5.02,82.3,3.71,4.4,25.92
1255.3,3,2.0,4.5,4630.3,1,Good,5.85,3.31,1.76,35.76,8.53,97.92,4.31,2.08,43.71
2140.7,4,3.5,6.8,6428.3,2,Average,3.75,1.2,1.82,38.03,10.0,80.04,6.08,4.16,64.11
2587.5,4,3.0,27.9,13716.0,3,Average,9.49,2.0,1.11,8.0,10.0,136.54,5.03,3.17,76.29
2121.7,2,2.0,8.4,8760.7,2,Good,4.18,0.8,2.76,66.93,10.0,63.44,3.32,2.06,56.82
1918.9,3,2.0,8.0,11172.9,2,Fair,4.33,0.61,3.53,48.63,10.0,74.46,5.24,2.91,57.74
1798.3,2,2.0,65.0,6314.3,1,Good,9.73,4.1,7.28,8.0,9.55,161.49,5.6,3.78,63.07
1191.0,3,1.5,8.7,3980.5,4,Good,7.08,2.97,2.75,9.73,10.0,111.09,5.55,3.34,49.35
1553.2,3,2.0,5.1,6438.2,3,Excellent,4.24,2.85,3.19,36.32,8.87,91.15,7.67,4.41,57.11
1700.7,1,1.5,17.6,8512.0,1,Average,6.27,1.11,1.58,47.23,10.0,89.88,4.37,3.15,41.76
2892.8,5,3.5,29.1,12527.6,2,Fair,6.08,1.06,1.52,36.43,10.0,98.55,6.41,3.37,60.68
2253.6,4,3.0,1.3,12397.3,3,Good,3.46,14.0,1.84,65.35,5.87,75.94,5.17,3.26,55.82
1078.1,2,1.5,17.4,3787.2,1,Good,5.14,3.37,2.16,37.53,9.49,105.02,5.72,2.63,39.83
2238.2,4,2.5,0.7,10846.7,2,Good,6.45,5.68,2.4,22.29,9.55,116.39,4.48,3.38,70.96
1746.2,3,2.5,13.5,7145.6,1,Average,8.78,1.72,4.54,18.24,10.0,110.3,4.46,3.24,60.67
1576.7,3,2.0,5.3,5527.9,1,Fair,6.16,6.14,1.46,31.79,9.11,111.97,3.82,3.47,52.44
2475.2,4,2.5,6.6,11095.5,3,Average,6.3,4.3,1.76,27.78,8.47,121.0,3.59,3.44,76.79
2866.5,4,3.0,11.3,13124.3,3,Good,5.03,1.58,3.22,41.36,10.0,74.83,5.94,3.4,80.81
2768.2,4,3.5,47.1,9645.8,3,Average,8.47,4.25,1.15,21.2,10.0,109.91,4.61,3.47,76.73
1489.6,3,2.0,22.3,6528.0,2,Excellent,8.12,8.52,3.1,19.53,8.2,118.09,8.0,4.22,52.57
1793.2,3,1.5,49.7,8265.6,2,Average,7.92,0.97,3.5,17.2,10.0,118.6,4.68,2.67,53.39
2243.8,3,2.5,19.4,9528.5,2,Fair,6.7,2.74,0.98,49.23,10.0,97.16,5.94,2.86,57.5
2811.4,4,2.5,0.1,10403.5,2,Excellent,3.62,11.08,0.68,63.2,6.55,50.05,5.26,4.46,62.07
1689.7,2,1.5,5.6,5705.7,2,Good,8.46,5.71,0.97,19.7,9.82,142.86,3.19,4.35,66.09
1872.5,4,3.0,42.5,5091.3,2,Average,6.6,3.3,3.75,35.86,10.0,88.9,3.72,3.59,58.29
1356.7,2,2.0,18.6,8343.7,2,Good,5.94,0.43,2.45,46.12,10.0,86.27,3.54,4.92,47.38
1314.7,1,1.5,65.0,8495.9,1,Good,7.31,1.87,2.47,33.68,10.0,110.56,6.82,3.77,43.34
2655.5,5,3.0,3.1,10983.7,2,Good,6.9,3.57,4.17,26.87,8.65,83.78,6.63,4.81,63.32
3212.1,5,4.0,6.3,18592.9,3,Excellent,4.58,1.89,3.06,40.66,10.0,55.93,7.32,4.49,80.65
1948.5,3,2.0,8.1,9334.8,2,Good,5.92,14.0,3.83,22.64,4.91,87.07,2.76,4.62,54.45
2839.1,6,4.5,7.1,8830.7,3,Average,3.07,4.68,0.81,74.66,8.68,71.89,3.69,2.54,61.91
2267.8,4,3.0,5.2,7085.9,3,Good,6.65,0.86,4.54,30.68,10.0,104.16,5.87,3.9,64.47
1594.3,3,2.0,10.5,8849.9,2,Good,8.89,2.36,1.73,25.78,10.0,98.45,4.36,3.34,54.77
2267.6,3,2.5,18.5,10479.3,1,Average,3.27,1.75,5.29,59.51,10.0,82.03,5.96,2.4,43.38
3423.1,5,3.5,6.7,18569.2,4,Good,6.73,3.08,0.99,39.94,10.0,113.58,4.71,4.4,97.11
1973.3,4,3.0,1.5,11183.2,0,Good,7.7,2.09,1.52,25.77,10.0,116.26,4.6,4.3,59.98
3455.2,4,3.5,22.2,13981.2,4,Good,7.97,1.07,5.29,13.69,10.0,118.95,3.2,3.29,89.08
800.0,1,1.0,11.1,3299.4,1,Excellent,5.16,4.32,4.58,36.48,8.68,93.73,4.57,2.94,41.44
2664.2,4,3.0,14.6,,2,Good,4.52,0.56,3.37,44.05,10.0,109.5,5.61,3.44,74.02
2060.0,3,2.0,10.9,7350.0,2,Good,5.44,2.63,4.42,29.58,10.0,99.93,4.11,2.04,53.19
1799.6,4,2.5,39.8,5836.4,2,Average,8.64,1.39,0.56,12.15,10.0,128.55,5.28,2.39,65.5
2063.4,4,3.0,14.7,8568.9,2,Average,3.42,11.07,1.63,51.53,6.47,47.18,4.05,3.18,49.14
996.6,3,1.5,46.2,2861.6,2,Average,4.31,1.36,3.08,49.41,10.0,76.88,4.35,3.86,36.89
1850.3,2,2.5,12.9,6308.5,2,Excellent,5.67,1.53,4.65,36.72,9.98,101.08,4.42,3.26,66.09
2264.2,4,2.5,6.2,8513.2,3,Average,4.74,4.13,2.8,50.19,9.21,77.94,5.71,2.98,60.8
3351.8,5,4.0,7.9,13322.6,2,Average,6.42,0.64,3.47,44.01,10.0,91.57,6.14,2.78,75.26
1666.7,2,2.0,13.3,8041.7,2,Excellent,9.05,1.46,1.54,13.56,10.0,136.78,7.22,5.23,54.02
1505.7,3,2.5,13.6,7251.9,2,Average,4.33,4.01,5.55,41.8,8.15,61.0,6.06,2.59,44.77
1676.4,4,2.5,20.9,8452.3,2,Good,6.24,0.3,4.92,19.88,10.0,108.87,5.6,2.03,57.73
2752.8,4,3.0,4.6,15006.0,3,Average,6.49,1.39,1.31,37.87,9.95,93.48,7.15,2.97,68.77
2241.9,4,2.5,19.4,6769.9,2,Fair,5.9,0.23,6.82,38.54,10.0,63.11,5.5,3.79,54.91
1660.0,3,2.5,27.1,6715.5,2,Good,3.66,0.72,2.89,56.77,10.0,60.71,5.88,3.48,39.72
2391.4,3,3.0,20.3,14101.8,2,Good,5.35,3.17,1.96,47.16,9.02,85.75,6.25,2.84,64.11
2067.3,2,1.5,11.8,9394.5,0,Good,5.36,2.15,1.09,55.01,10.0,94.34,5.39,3.54,48.9
2804.6,4,2.5,65.0,14099.1,2,Fair,7.64,0.74,0.22,12.37,10.0,118.98,5.13,4.23,76.71
1562.9,1,1.0,9.3,6875.3,1,Good,7.26,0.46,3.4,24.07,10.0,90.37,5.02,3.55,62.12
1781.7,4,2.5,2.0,9398.4,2,Average,3.71,0.39,3.09,56.02,10.0,69.34,4.57,3.52,53.8
1742.0,3,2.0,31.0,10343.0,1,Fair,5.8,0.49,2.62,32.79,10.0,84.26,4.65,3.52,50.84
1197.2,2,2.0,4.3,7221.9,2,Good,5.6,0.52,4.82,31.25,10.0,84.35,6.37,2.84,48.98
2216.4,4,3.0,22.5,6659.6,2,Good,10.0,0.49,7.69,21.35,10.0,126.02,3.99,3.74,70.54
2189.4,3,2.5,3.5,12934.3,1,Excellent,7.03,0.38,2.38,23.44,10.0,105.09,5.35,4.18,65.11
2001.8,3,2.0,0.3,11128.0,3,Excellent,4.56,4.02,4.15,34.69,9.23,121.3,5.17,4.41,69.49
1840.7,3,2.0,3.1,9720.5,1,Good,5.1,9.27,3.75,34.02,6.16,109.66,3.63,3.72,55.66
1217.6,3,2.5,8.5,3482.7,2,Good,5.82,6.4,0.72,51.26,7.11,77.93,6.12,3.41,46.5
1724.6,3,2.5,2.0,8938.3,1,Average,7.15,1.19,0.33,25.11,10.0,108.17,3.73,4.81,65.9
1772.3,3,1.5,4.0,6366.9,2,Excellent,7.37,0.93,2.37,18.56,10.0,105.39,4.38,3.49,67.9
1509.0,2,1.5,26.0,4782.9,1,Good,6.86,0.36,2.51,26.03,10.0,105.89,5.11,3.04,56.09
1888.5,3,2.0,26.4,9082.6,1,Average,6.12,0.74,1.36,36.67,10.0,108.24,6.84,2.88,55.26
2301.7,4,2.5,30.6,8962.8,3,Good,6.26,2.88,3.89,44.94,9.5,95.12,5.77,2.8,56.76
3866.7,5,4.0,33.1,19028.3,3,Good,6.27,14.0,2.31,45.15,6.09,87.11,5.54,3.02,83.78
2124.1,3,2.5,9.8,9206.2,3,Excellent,3.29,6.47,4.13,51.89,8.03,79.03,6.69,4.84,55.14
2186.7,3,2.5,36.4,8097.6,2,Average,6.39,2.52,1.98,34.39,9.79,81.2,4.91,2.83,52.41
1946.8,3,2.5,13.4,10885.2,3,Average,5.46,1.96,1.54,60.11,10.0,90.45,7.4,4.55,61.93
1020.9,1,1.0,11.4,6669.1,1,Average,3.52,0.71,1.88,68.74,10.0,44.73,5.75,3.25,31.2
1979.7,5,4.0,22.8,6179.6,3,Good,10.0,1.94,2.18,8.91,10.0,125.63,5.35,4.18,72.65
2040.8,3,2.0,4.3,9527.6,1,Fair,7.06,3.09,4.57,11.87,9.98,116.62,3.22,2.59,55.9
4732.1,6,5.0,28.0,17650.3,3,Fair,6.52,3.1,2.92,33.02,10.0,90.51,6.27,3.39,96.99
1868.1,3,2.0,10.1,8435.4,2,Good,5.83,2.81,0.8,33.33,10.0,65.8,5.79,2.19,60.36
2220.6,4,3.0,2.5,8478.9,2,Good,7.81,5.76,2.7,20.08,9.29,104.75,4.96,3.42,78.0
1974.1,4,3.0,2.3,8229.2,2,Good,4.41,2.48,5.39,45.26,10.0,64.07,4.64,3.99,50.02
1327.4,2,1.5,3.2,4370.1,1,Average,5.94,2.25,2.5,40.27,10.0,75.6,7.41,4.13,43.06
2980.9,4,3.0,39.8,17415.7,2,Fair,4.79,1.37,0.98,48.36,10.0,87.74,4.32,3.4,52.76
2599.8,5,3.0,65.0,12050.0,3,Fair,7.8,0.84,2.09,22.63,10.0,93.03,5.58,3.13,64.5
2635.6,3,3.5,7.9,11311.2,1,Good,5.01,0.2,2.71,37.78,10.0,74.41,5.24,3.47,68.52
1453.5,2,1.5,6.2,5903.6,2,Average,8.48,1.44,1.02,19.05,10.0,124.42,5.96,2.97,55.31
3264.9,5,4.0,4.4,15787.3,1,Good,6.32,3.41,1.9,33.67,10.0,92.9,3.09,2.97,92.17
1223.4,2,1.0,31.3,6478.1,2,Average,7.89,2.82,3.28,10.66,9.68,110.12,5.94,3.09,43.8
2453.8,4,3.0,4.2,10172.7,3,Average,7.22,2.62,0.8,36.35,10.0,97.91,6.96,3.57,76.3
4301.2,6,4.5,46.4,18667.5,3,Good,8.41,4.94,2.47,17.49,8.77,104.61,3.11,4.48,102.01
1412.8,2,1.5,19.8,6260.6,2,Average,4.82,1.05,2.68,47.4,10.0,71.48,4.16,4.37,41.2
1638.9,3,1.0,40.9,6109.5,1,Average,8.13,3.83,3.54,20.51,9.49,127.7,5.82,3.16,50.16
2069.1,3,2.5,14.5,8573.9,3,Average,3.15,3.19,2.33,61.75,9.58,55.12,5.05,2.79,50.82
1675.4,3,2.0,21.1,9240.7,3,Average,6.58,1.52,1.19,36.03,9.86,102.98,5.95,2.85,54.59
1161.3,2,1.5,17.4,4201.1,1,Good,5.52,0.99,4.16,30.87,10.0,104.09,6.02,2.29,38.73
2046.7,4,2.5,32.0,5524.7,2,Good,3.97,2.85,4.16,56.38,10.0,79.07,5.45,3.95,47.99
1377.7,2,1.5,32.5,4424.1,2,Average,4.89,9.49,3.31,47.31,6.96,63.39,7.14,2.35,38.04
2358.4,4,3.0,16.0,14172.9,3,Average,5.35,0.45,3.02,52.39,10.0,92.76,6.03,1.8,67.65
1448.4,1,1.0,18.0,8449.2,0,Average,6.15,9.98,2.23,43.17,7.61,110.35,3.74,3.95,37.52
3437.4,6,4.0,45.9,14921.1,2,Good,5.56,2.2,0.64,54.45,9.97,80.73,5.97,3.91,78.73
1519.1,3,1.5,47.8,8510.4,2,Fair,6.64,4.16,2.41,29.8,10.0,79.21,5.16,2.59,45.17
1785.2,3,1.5,19.6,8660.5,0,Excellent,5.01,5.4,6.48,58.09,9.03,76.4,5.8,3.63,51.15
2656.4,4,3.5,0.1,14862.6,2,Good,5.64,0.73,4.01,42.67,9.98,92.51,6.48,2.41,72.62
1298.8,2,1.0,2.0,5521.1,2,Good,5.98,0.35,2.21,44.2,10.0,102.06,6.98,3.33,53.22
2163.8,3,2.5,35.1,7836.5,1,Good,6.83,0.64,4.35,39.52,10.0,96.23,5.29,3.67,58.16
3157.4,5,4.0,1.6,15291.6,3,Fair,8.03,1.53,0.86,31.24,10.0,88.82,6.12,3.92,89.86
1138.4,3,1.5,4.3,4538.2,1,Excellent,8.04,10.24,4.25,17.52,7.52,99.55,4.01,3.7,61.19
2131.6,3,2.0,4.7,,3,Excellent,6.93,0.34,4.46,39.53,10.0,109.7,4.69,1.98,67.32
2188.5,4,3.0,16.5,8591.7,2,Good,7.27,,3.32,29.33,7.99,136.53,4.58,3.63,65.85
2627.1,4,3.5,15.5,12598.9,3,Fair,7.06,2.84,1.85,19.73,10.0,105.9,6.34,5.04,65.71
1296.0,2,1.0,6.2,5367.6,1,Good,5.93,0.55,2.38,33.95,10.0,111.62,7.1,3.69,46.14
1258.7,2,1.5,4.2,4580.5,2,Excellent,8.12,0.73,5.92,15.51,10.0,103.59,8.71,2.36,51.59
2398.7,4,2.5,26.0,15094.8,2,Excellent,4.85,3.94,2.11,37.89,9.02,71.75,6.15,2.87,67.05
2217.1,4,2.5,49.3,14210.0,2,Fair,2.81,3.2,1.84,73.78,8.66,30.0,6.44,3.02,43.86
2181.3,5,3.5,1.0,12358.6,2,Excellent,4.63,0.79,2.47,37.48,10.0,83.37,3.3,1.8,72.94
2255.8,3,2.0,2.6,9865.7,2,Excellent,9.03,7.71,0.92,8.0,9.33,116.28,3.23,3.48,72.06
1575.0,3,2.0,18.5,8580.1,1,Good,5.97,0.66,1.7,54.58,10.0,102.02,4.24,3.14,57.4
2167.4,3,2.0,29.4,10183.7,1,Fair,6.99,2.49,0.48,29.25,10.0,98.39,3.82,3.17,59.99
2214.0,3,2.5,28.2,8114.4,3,Good,6.01,2.6,3.26,41.33,10.0,122.38,5.76,3.31,62.58
1556.2,2,2.0,22.9,5973.3,2,Good,7.51,6.74,4.23,34.05,8.78,136.48,7.11,2.86,47.07
3839.2,6,4.0,39.3,13973.0,3,Average,6.63,0.27,1.25,44.83,10.0,68.97,5.21,4.04,85.53
2358.6,6,3.5,4.4,13985.5,3,Average,6.38,0.67,1.76,36.87,10.0,106.61,4.48,3.54,70.85
1316.9,2,1.5,2.0,5863.8,1,Excellent,7.6,0.8,6.13,28.31,10.0,102.05,5.54,3.0,56.46
2514.4,3,3.0,17.2,13276.9,2,Average,5.66,0.41,1.77,45.3,10.0,99.17,4.41,3.73,59.79
1420.6,2,1.0,31.1,6208.0,2,Good,7.17,3.39,5.41,31.11,10.0,88.64,4.6,3.67,42.97
2631.9,3,2.5,15.7,13156.0,2,Excellent,6.19,1.03,0.95,41.25,10.0,116.31,4.99,2.68,79.0
2997.4,5,4.0,59.3,9553.8,3,Fair,6.31,2.95,2.97,33.39,10.0,111.96,5.63,3.27,69.74
1499.3,2,1.5,28.6,5800.2,1,Good,5.03,5.08,2.89,48.11,9.3,63.01,3.37,3.27,48.87
2799.5,5,3.0,21.7,16352.6,3,Average,6.11,1.88,2.81,54.04,10.0,92.74,2.97,2.96,76.52
2308.8,4,3.0,1.1,9312.7,2,Good,5.53,4.89,2.25,39.0,9.39,90.82,4.25,2.38,69.68
2664.4,4,3.5,2.1,11236.9,1,Good,8.53,5.01,1.02,19.26,9.83,133.21,5.77,2.94,79.77
3881.1,6,4.5,27.7,13408.7,2,Average,3.47,1.18,1.52,62.17,10.0,64.72,3.81,4.35,78.54
1833.7,2,1.5,4.0,5697.8,2,Average,8.1,0.25,2.26,26.23,10.0,129.17,7.22,2.91,58.03
1534.9,2,1.5,0.5,5808.0,1,Fair,3.36,0.55,2.53,61.99,10.0,62.65,6.14,4.07,34.13
1463.6,3,2.5,43.5,7426.7,2,Good,7.47,5.75,2.58,17.37,9.6,119.44,5.94,3.37,50.41
1501.9,1,1.5,39.9,7166.6,0,Average,4.99,1.86,3.36,50.75,10.0,63.26,6.14,3.53,34.75
1945.0,3,2.5,4.4,9365.4,2,Good,7.52,6.05,1.83,29.99,9.47,111.11,5.67,2.48,52.77
2251.6,3,2.5,27.3,8890.9,2,Average,6.28,2.74,1.42,44.57,10.0,113.34,5.76,4.27,61.65
2201.4,4,2.5,0.9,11477.7,3,Average,3.92,0.9,1.1,58.82,10.0,89.86,6.57,4.95,62.16
2669.1,6,4.0,6.0,14220.8,4,Good,8.95,4.19,6.68,26.55,10.0,130.3,6.3,2.88,86.25
2007.3,2,2.0,17.6,7796.6,2,Good,7.9,2.81,3.63,17.27,10.0,114.44,5.53,4.38,55.47
3323.4,4,3.5,25.9,12722.5,2,Average,7.41,1.59,2.44,18.6,10.0,129.32,7.32,2.45,84.23
1821.4,3,3.0,0.2,6030.9,2,Good,5.35,0.49,1.17,47.26,10.0,85.08,5.29,3.36,47.2
5177.4,6,5.0,7.1,25585.3,3,Average,7.96,0.55,0.71,31.8,10.0,132.56,4.7,2.52,115.0
2487.4,4,2.5,4.3,12777.5,3,Excellent,4.19,0.87,1.85,51.81,10.0,71.69,3.57,3.68,79.66
1480.3,2,1.5,65.0,8160.2,1,Good,2.49,3.78,2.3,60.13,8.92,54.2,4.41,3.25,35.9
1373.6,2,2.0,20.0,6140.9,0,Good,3.69,4.37,0.65,46.09,10.0,51.94,6.52,3.36,36.02
2365.8,4,3.0,9.4,10256.1,1,Average,4.84,3.39,4.16,53.31,10.0,63.17,5.16,4.38,58.05
1847.9,4,2.5,1.4,5987.6,3,Good,5.14,1.52,1.79,43.48,10.0,97.82,5.73,4.33,63.5
2565.5,3,3.5,16.4,10859.3,2,Excellent,5.72,2.06,8.14,35.3,10.0,114.87,5.29,3.27,66.74
2358.2,4,2.5,18.5,10715.7,3,Excellent,5.8,4.16,3.81,48.12,8.71,93.15,3.88,4.23,68.23
1947.9,3,2.0,30.5,6848.4,3,Excellent,5.33,3.65,0.41,44.18,10.0,83.97,4.88,4.26,59.6
1485.7,2,1.5,6.1,7097.0,0,Average,2.69,4.95,0.53,62.89,7.75,70.26,4.28,4.23,42.06
1175.9,3,2.5,65.0,6114.6,2,Fair,6.85,1.08,1.21,39.74,9.45,108.45,4.72,3.51,47.05
1709.1,2,1.5,10.4,10064.4,1,Good,6.02,0.21,4.64,60.9,10.0,60.69,4.22,3.65,60.45
2696.6,4,3.0,6.3,9643.7,3,Good,5.25,1.19,1.88,40.01,10.0,99.25,5.73,3.19,71.71
2153.7,4,3.0,7.7,11339.3,2,Good,9.02,1.57,5.2,11.89,10.0,109.97,6.09,5.15,72.13
1292.1,2,1.5,13.2,8072.1,1,Average,6.06,10.54,1.59,31.14,6.86,94.57,5.24,3.7,35.36
2123.1,2,1.5,49.7,13022.5,1,Good,6.61,0.99,2.2,39.49,10.0,94.78,3.01,3.34,63.13
2286.7,3,2.5,23.9,12841.3,3,Average,7.93,5.8,1.29,17.22,8.93,107.25,3.71,3.78,72.89
1466.5,3,2.0,15.5,7940.5,1,Average,3.82,3.32,3.64,52.99,8.82,69.57,5.91,3.6,44.02
2108.7,3,2.5,3.2,9002.9,1,Average,6.46,0.79,1.22,32.25,10.0,111.79,4.37,4.95,57.01
2039.3,3,3.0,2.9,6959.8,2,Good,7.93,1.85,4.27,37.32,10.0,116.59,4.37,3.38,63.4
1339.4,3,2.0,12.6,6740.9,1,Excellent,6.34,2.48,2.92,44.15,8.59,117.6,5.28,3.97,51.92
2264.8,3,2.5,23.5,11817.1,1,Average,4.15,1.55,2.91,38.64,9.27,94.25,4.33,3.31,52.55
2431.5,4,3.0,25.0,14193.3,1,Average,5.63,,6.58,52.43,9.69,111.11,2.87,2.13,72.39
2919.2,5,4.0,4.6,12511.3,3,Excellent,6.84,1.13,1.03,23.52,10.0,102.88,4.18,3.4,87.48
2889.5,5,3.5,1.9,11349.0,3,Average,2.71,3.02,1.59,66.56,9.46,49.44,4.76,4.04,71.22
1233.8,4,2.5,8.7,6713.1,2,Good,4.07,3.93,1.85,47.57,9.13,71.28,4.59,3.5,50.42
1439.1,3,2.5,45.1,9130.7,2,Excellent,10.0,2.23,0.8,8.0,10.0,155.75,5.97,2.53,62.5
2392.9,5,4.0,14.2,7046.9,1,Average,7.37,9.3,0.97,19.49,8.37,124.7,5.3,4.59,60.94
2391.9,3,2.0,6.9,7621.9,1,Average,9.17,4.37,0.97,33.25,10.0,94.12,5.22,2.51,69.48
2392.9,3,2.5,7.0,9866.0,3,Average,8.06,7.31,1.67,22.28,8.08,121.96,6.47,2.82,75.56
5200.0,6,5.0,2.5,16319.0,4,Average,7.21,2.27,1.44,36.14,10.0,74.75,3.48,2.56,110.65
2440.1,4,3.0,11.5,7666.5,3,Excellent,5.94,0.25,3.01,31.4,10.0,93.09,6.92,2.62,66.16
2973.4,4,3.5,28.2,9799.7,2,Average,7.19,3.07,0.76,20.1,10.0,100.24,7.02,3.43,76.59
2790.3,4,3.5,62.3,16334.6,2,Fair,9.11,5.66,0.76,13.8,9.76,118.05,5.07,3.86,76.98
2509.9,4,3.0,12.5,7721.4,2,Average,7.99,2.66,0.79,27.21,10.0,128.73,4.77,2.96,76.48
1789.4,3,1.5,3.3,8728.4,3,Good,6.8,2.89,3.76,33.57,9.83,94.14,6.68,3.82,56.66
2606.2,5,3.0,20.7,12854.5,3,Good,6.19,12.0,2.13,45.89,5.2,96.05,4.91,3.98,64.67
1524.6,3,2.5,25.4,9524.1,2,Average,7.4,1.66,3.69,31.49,10.0,97.01,5.59,3.15,38.79
1839.3,3,1.5,1.3,11095.4,2,Good,5.54,5.38,0.94,42.92,9.54,89.77,5.51,2.26,56.44
1686.0,2,2.0,34.2,7921.8,2,Good,7.4,2.45,3.75,31.6,10.0,123.5,5.74,4.54,51.37
2056.3,2,2.0,31.8,11839.8,2,Average,5.24,2.19,8.5,47.53,10.0,73.01,3.99,2.9,38.9
4492.3,6,5.0,11.5,13039.5,3,Average,5.86,0.7,5.72,47.04,10.0,101.38,5.68,1.8,103.76
1039.5,2,1.5,14.8,6696.2,1,Good,4.65,4.62,6.39,54.1,9.51,79.27,4.23,3.11,37.85
2540.7,4,2.5,22.5,11795.0,2,Average,5.71,5.75,2.69,48.94,8.74,91.31,4.54,3.84,53.35
1136.3,1,1.0,20.3,4861.0,0,Excellent,5.27,2.0,0.83,51.38,9.47,80.69,6.22,3.95,42.37
1694.0,5,3.5,0.3,6491.5,3,Average,9.55,4.81,0.5,22.23,10.0,145.6,4.65,2.55,76.21
2925.2,4,3.5,2.4,9941.8,2,Average,4.89,2.98,3.99,53.44,10.0,90.63,4.5,2.01,74.87
2043.7,3,2.0,3.2,12821.2,0,Average,7.19,1.15,2.87,44.68,10.0,105.85,5.42,3.63,64.89
1370.3,2,1.5,25.4,5025.9,1,Average,4.8,8.43,4.34,43.98,7.45,82.99,6.68,3.79,28.75
1555.6,3,2.0,10.4,7746.8,1,Good,6.58,4.02,1.55,40.52,9.27,111.12,7.85,4.24,49.03
2534.8,5,3.0,14.2,9160.7,3,Average,7.02,6.94,4.49,19.82,7.31,113.33,6.46,4.15,61.82
1547.5,4,3.0,26.7,5847.7,3,Average,3.17,1.26,1.8,69.08,9.37,57.14,6.44,3.51,42.71
2155.5,4,2.5,7.5,12918.6,2,Good,3.98,8.14,3.47,53.29,6.65,87.14,5.17,2.71,59.32
2030.3,2,1.5,24.9,10389.1,2,Fair,4.78,1.65,5.49,54.8,10.0,92.09,8.02,3.04,47.27
1590.7,2,1.0,10.5,9267.8,2,Average,4.15,0.23,1.83,63.4,10.0,102.33,5.42,3.22,41.94
4231.8,6,4.0,8.5,15274.7,3,Good,6.65,0.45,2.54,43.63,10.0,79.52,5.16,2.71,95.91
2494.6,5,3.5,7.3,8497.1,4,Average,6.94,0.5,1.85,27.94,10.0,114.6,5.62,4.21,78.13
983.6,1,1.5,60.3,4116.4,0,Average,4.59,0.94,3.43,39.6,10.0,93.87,5.49,4.17,33.59
2132.9,4,3.0,26.6,9451.4,3,Good,6.72,0.86,3.28,36.63,10.0,116.39,3.75,2.35,66.85
1585.1,3,1.5,0.4,6892.5,2,Excellent,5.74,0.39,0.78,39.65,10.0,87.43,4.43,3.16,53.76
2692.8,5,4.0,56.8,13362.0,2,Average,6.32,7.42,5.01,44.69,7.76,78.61,5.62,4.95,63.16
1514.2,2,2.0,26.9,5562.7,1,Average,5.37,5.84,0.71,37.66,8.91,108.3,4.33,4.27,39.8
1919.5,2,1.5,2.9,6766.1,1,Average,7.38,4.8,5.65,22.45,8.8,103.1,5.91,3.54,49.53
2384.5,4,3.0,1.4,8835.9,3,Excellent,9.44,,3.64,11.99,10.0,129.46,5.24,4.22,72.16
2705.4,5,4.0,6.6,11401.5,1,Excellent,7.89,1.97,1.57,25.7,10.0,144.71,6.23,4.64,90.41
1312.8,3,2.5,17.6,7240.4,3,Average,9.01,1.97,1.89,19.83,10.0,110.77,5.06,3.47,63.44
1777.4,3,2.0,17.3,7516.0,1,Good,3.97,1.17,4.37,46.99,10.0,82.18,5.73,2.38,43.59
1692.2,2,1.0,5.8,7461.3,2,Average,5.28,3.2,1.95,60.62,10.0,75.21,3.21,4.04,45.4
1589.8,1,1.5,10.6,5744.5,1,Average,7.52,0.39,3.81,28.21,10.0,100.59,3.43,4.08,50.35
3706.7,6,5.0,4.3,19365.2,3,Good,9.21,3.64,5.65,8.0,10.0,133.32,4.32,2.65,105.8
2302.5,4,3.0,0.9,11952.2,2,Excellent,7.67,2.51,5.41,33.18,10.0,122.68,5.54,3.6,75.53
1285.2,1,1.0,13.1,7317.8,1,Good,4.65,5.63,2.1,48.05,8.02,91.81,4.34,2.81,47.28
2755.2,4,3.5,7.7,6682.2,2,Good,5.72,11.73,3.28,38.48,5.36,105.89,6.0,2.17,72.08
4199.6,6,5.0,14.1,17582.0,2,Good,7.1,6.9,1.97,30.84,8.5,96.76,5.63,3.57,98.57
2868.0,4,3.0,52.7,12323.8,2,Average,6.2,4.27,4.76,38.42,10.0,80.33,4.7,4.49,66.77
1174.1,1,1.0,2.8,7098.2,1,Good,5.06,2.01,0.82,60.56,10.0,78.42,5.45,3.64,49.15
1686.7,2,1.0,0.0,,1,Good,5.98,0.97,0.55,42.82,10.0,98.61,4.71,3.53,61.43
3113.2,5,4.0,1.4,16871.6,3,Average,6.47,3.7,4.15,38.36,8.78,96.57,5.55,2.4,83.84
1559.8,2,1.5,11.2,6872.5,1,Good,4.55,0.92,0.54,54.11,10.0,30.0,4.64,3.87,48.72
2334.0,3,2.5,22.1,14270.7,1,Good,8.27,0.27,1.31,39.19,10.0,94.55,5.64,2.98,72.79
2620.5,6,4.0,15.6,11715.9,3,Good,5.71,2.92,1.61,48.88,9.92,87.28,6.7,2.82,69.54
1444.6,3,2.0,12.3,7244.3,1,Good,6.37,1.8,3.64,43.2,10.0,110.22,3.84,4.06,49.5
1957.0,3,2.5,7.9,10177.8,2,Good,8.36,6.88,2.54,25.35,9.31,108.51,4.44,2.49,61.53
800.0,1,1.0,6.7,4511.0,0,Excellent,6.28,3.52,1.34,44.2,9.88,107.43,4.48,3.24,52.53
1396.1,3,2.0,8.5,6843.2,1,Fair,8.26,3.53,0.2,28.01,10.0,99.1,5.54,2.54,45.0
1829.1,4,3.0,17.0,6431.2,3,Good,4.65,5.16,1.76,46.37,8.79,82.02,6.12,3.18,57.64
1291.1,1,1.0,3.3,5802.4,1,Excellent,7.28,1.51,2.16,32.34,10.0,112.39,3.29,1.8,62.37
3538.1,6,4.5,26.6,17910.8,3,Average,8.01,10.36,7.18,40.27,8.02,123.69,5.0,3.81,84.13
1211.3,2,1.5,15.4,4276.1,1,Average,5.01,1.0,0.3,50.38,10.0,68.46,5.23,3.69,38.8
1713.0,2,1.5,5.6,6107.6,1,Excellent,6.18,6.77,3.15,50.93,8.32,74.39,6.17,5.03,53.55
2091.8,4,3.0,12.5,6381.6,2,Average,6.22,7.94,2.55,46.19,7.91,106.65,4.21,3.58,54.6
3309.1,6,4.0,59.2,12897.4,3,Fair,6.88,0.33,2.67,39.94,10.0,82.72,6.0,2.72,70.37
1208.9,4,2.5,0.4,8698.5,3,Good,7.35,3.4,0.47,43.8,10.0,98.79,5.52,4.14,62.29
3002.2,4,4.0,4.0,9979.3,1,Average,4.86,4.63,4.02,28.44,10.0,100.37,7.15,4.13,76.08
2005.4,4,3.0,10.7,8338.5,2,Good,6.39,10.04,2.99,21.57,7.21,100.89,7.61,4.38,55.73
1417.2,2,1.5,18.3,7215.2,0,Average,9.36,1.13,1.02,27.22,10.0,137.85,6.08,1.93,49.62
2349.0,4,3.0,4.3,12722.7,3,Good,8.4,2.84,0.2,15.12,9.75,130.31,4.91,2.87,77.76
2142.4,2,2.0,48.2,5480.1,2,Average,7.93,4.95,3.56,24.8,9.84,124.43,5.74,2.72,54.52
1619.6,2,2.0,18.5,7854.7,1,Excellent,6.15,0.71,1.53,52.4,10.0,95.46,5.84,4.55,50.02
2047.6,3,2.5,37.8,9565.7,2,Good,10.0,6.34,3.05,12.31,9.76,127.38,5.78,4.0,57.02
1746.1,3,2.5,7.2,9607.6,0,Average,8.35,1.85,4.45,30.69,10.0,158.64,5.66,4.25,52.33
2079.2,3,2.5,31.8,9469.2,2,Fair,6.57,3.47,7.39,32.61,10.0,96.43,5.79,2.59,45.25
2519.3,5,3.5,8.6,14315.6,3,Good,6.9,0.34,6.59,37.09,10.0,108.95,6.35,3.5,67.51
3481.1,6,5.0,5.2,8601.2,4,Average,5.67,1.01,8.03,41.72,10.0,96.41,7.62,2.18,80.34
1295.6,3,2.0,43.7,6184.5,3,Average,7.21,2.28,5.21,43.18,10.0,100.43,3.21,2.57,41.43
4215.7,6,4.5,1.7,16354.2,2,Average,7.57,1.29,1.14,26.26,10.0,106.07,6.63,3.49,95.24
1009.1,2,1.5,51.5,4102.8,2,Good,7.76,10.33,1.43,15.93,7.43,135.13,5.36,3.57,35.01
1894.8,2,1.5,11.0,11166.9,2,Average,6.17,5.27,3.85,35.7,10.0,85.66,4.33,3.7,47.45
2455.1,5,3.5,65.0,11405.3,2,Average,3.85,6.61,2.07,51.76,6.41,75.02,3.71,2.91,49.15
2204.7,3,2.0,14.0,6584.2,2,Good,6.94,2.21,3.11,25.75,10.0,117.3,5.54,3.72,62.87
1606.9,3,2.0,25.5,7087.4,2,Good,7.77,2.25,2.24,20.94,10.0,111.38,5.24,3.4,61.15
1857.8,4,2.5,0.1,7157.3,3,Good,4.74,5.43,1.71,58.21,8.1,78.18,4.01,4.58,63.97
1681.5,3,1.5,12.4,10606.2,0,Average,6.34,1.77,0.9,46.62,10.0,111.27,5.17,3.08,52.59
1625.7,2,1.5,24.1,7289.0,3,Average,8.91,2.3,1.53,20.79,10.0,125.6,6.34,2.02,59.83
2690.2,4,3.0,27.5,12431.6,2,Fair,4.33,2.61,1.61,50.46,9.48,45.76,6.91,3.86,54.31
2264.2,5,3.5,3.1,11959.3,3,Good,5.99,3.19,1.31,32.4,9.64,114.93,5.34,3.65,73.7
1567.9,2,1.5,9.8,9384.5,1,Good,9.18,3.56,2.97,8.0,10.0,116.88,5.34,2.73,53.85
2737.7,4,2.5,9.8,14169.9,3,Average,6.78,3.85,4.58,36.25,10.0,106.03,5.89,3.16,72.07
2225.1,4,3.5,2.0,8885.1,1,Good,5.55,2.08,1.97,39.66,10.0,70.41,6.48,3.55,59.22
2655.8,5,4.0,10.5,14376.5,2,Good,6.49,1.32,3.41,48.45,10.0,92.45,5.4,3.12,70.01
2490.8,4,3.0,29.6,11619.1,3,Good,7.99,8.29,4.03,14.17,8.81,110.74,5.59,2.57,67.57
1495.0,2,2.5,6.4,9048.1,2,Fair,6.13,5.81,2.84,33.48,7.58,97.98,4.76,3.25,54.59
1642.4,2,1.5,10.2,10975.9,0,Average,7.58,0.21,4.16,28.29,10.0,99.84,5.03,4.06,57.36
2595.5,5,4.0,58.4,13267.5,3,Good,6.92,2.5,1.47,32.91,10.0,132.37,4.5,3.13,69.85
2474.1,4,2.5,0.6,13984.3,2,Excellent,7.07,1.23,3.4,45.79,10.0,106.66,4.06,3.56,70.09
1983.6,3,2.5,16.1,11388.3,1,Average,7.69,3.49,2.91,14.26,9.85,125.78,3.87,3.26,58.15
2082.0,4,2.5,24.5,8199.8,1,Excellent,5.97,2.44,5.29,37.35,9.68,93.52,4.25,2.47,62.8
3125.0,5,4.0,25.8,13118.2,3,Fair,4.8,0.27,3.46,35.52,10.0,94.16,4.18,3.32,74.02
1624.5,2,2.0,22.7,9275.7,2,Good,7.35,,0.52,39.11,10.0,80.16,5.53,3.07,56.19
2419.9,3,2.5,23.3,9990.5,3,Average,6.26,1.23,1.38,33.55,10.0,87.14,5.69,3.97,61.02
1861.7,2,2.0,1.1,11600.6,0,Excellent,5.69,1.16,4.32,41.89,10.0,83.17,4.74,4.33,60.27
1851.6,3,2.5,13.7,9539.5,2,Average,7.45,0.3,5.51,28.06,10.0,103.23,4.28,4.06,59.93
2935.3,6,4.0,27.5,14969.9,4,Average,8.8,5.84,4.39,18.36,9.7,133.45,7.57,2.85,84.48
2667.5,4,3.0,1.8,14969.9,2,Good,6.22,2.97,2.7,35.6,9.55,104.77,4.71,2.53,81.42
2656.4,4,3.5,0.2,10298.9,2,Average,6.52,2.32,2.65,27.97,10.0,98.89,4.55,2.26,76.12
3155.5,5,3.5,30.3,16480.5,2,Fair,4.37,3.8,4.71,52.62,9.12,74.6,3.47,3.53,74.04
2012.9,3,2.5,22.4,11040.1,1,Good,6.1,1.56,1.23,28.31,10.0,129.31,5.77,2.87,60.8
2536.9,3,3.0,9.6,10061.6,2,Good,6.9,2.9,3.35,38.68,9.63,108.88,7.2,2.57,63.73
1792.6,3,1.5,50.8,6851.9,3,Good,6.46,1.12,1.24,40.21,10.0,68.17,4.99,4.87,52.91
2238.3,3,3.0,26.2,12281.8,3,Fair,5.85,0.41,3.19,31.06,9.96,103.03,4.82,3.76,59.61
1909.2,3,3.0,61.9,9562.6,1,Average,7.81,2.84,2.83,44.14,10.0,122.61,5.5,3.65,53.67
2067.2,3,2.5,47.7,11018.0,1,Fair,6.6,1.0,3.27,46.26,10.0,117.18,5.54,3.61,53.16
2461.0,3,2.5,11.8,11259.7,3,Good,10.0,4.64,3.24,27.74,10.0,148.38,2.5,4.61,76.73
1500.6,3,2.5,25.3,5864.0,1,Good,6.87,2.12,1.85,31.67,10.0,91.38,5.91,3.27,48.78
4156.1,6,4.5,19.9,15352.3,3,Good,1.56,1.12,2.26,65.03,9.69,55.36,7.26,3.86,82.47
1405.1,2,1.5,30.0,6165.3,0,Excellent,4.5,3.2,1.47,57.19,9.17,78.12,5.26,4.08,46.89
1306.4,2,1.0,27.9,7816.4,2,Average,7.46,0.6,2.89,35.58,10.0,125.41,5.08,4.79,43.71
2996.9,4,3.0,3.0,8277.1,1,Good,5.34,4.79,1.32,43.48,8.62,108.1,6.07,3.4,78.33
2636.2,4,3.0,4.8,16139.2,1,Good,5.45,2.13,4.76,27.04,10.0,86.01,5.94,4.33,75.51
2486.0,4,3.0,5.6,14650.2,3,Average,4.27,5.56,2.42,43.32,8.45,86.36,5.39,2.03,63.23
2489.7,3,3.0,30.7,14907.6,3,Average,5.64,0.68,6.57,43.88,10.0,104.35,6.05,4.99,51.2
1989.6,3,2.0,30.0,7798.7,2,Average,6.85,1.74,2.52,27.54,10.0,105.99,6.1,3.72,45.39
1459.7,2,1.5,12.3,9166.1,1,Average,7.19,0.84,0.69,16.26,10.0,135.15,3.91,3.97,55.62
2051.9,3,3.0,15.7,8936.3,2,Good,4.66,0.4,4.85,45.83,10.0,93.28,3.94,2.44,61.07
1576.5,3,2.0,31.6,4786.9,2,Fair,7.95,10.15,4.88,8.0,8.59,108.23,3.78,2.39,54.55
2811.0,4,3.0,6.7,11378.9,2,Average,4.36,4.35,1.88,46.72,10.0,78.73,3.54,2.92,65.62
1898.0,3,2.0,0.9,9524.8,1,Excellent,7.29,1.46,2.4,24.9,10.0,120.86,6.09,3.41,62.46
1496.8,2,1.5,11.9,5352.8,0,Fair,7.11,1.1,1.43,30.39,10.0,133.61,6.09,3.21,41.78
1785.6,2,2.5,44.1,8887.8,2,Good,4.82,0.93,5.41,51.82,10.0,89.1,5.69,3.09,50.72
2308.9,3,2.0,28.1,7675.0,2,Average,4.6,0.34,3.39,52.64,9.34,82.0,7.03,3.25,52.85
1640.4,3,2.0,8.2,6633.8,1,Good,7.19,0.55,1.42,35.57,10.0,125.36,4.86,1.8,55.19
1498.5,2,1.5,1.2,5527.8,1,Excellent,5.49,0.55,0.87,42.39,10.0,85.09,4.44,3.72,54.05
2176.1,4,2.0,18.2,12659.2,2,Average,6.16,3.71,2.71,28.35,8.93,81.95,5.33,3.27,58.66
2177.1,2,1.5,32.4,9795.0,2,Good,7.74,3.09,1.77,25.52,10.0,123.83,6.46,4.11,66.15
1673.3,2,1.5,19.7,9921.3,2,Good,7.36,2.89,0.42,22.82,10.0,104.37,4.55,3.04,55.09
1694.5,2,2.0,10.0,8607.1,1,Good,4.85,4.44,0.94,32.81,9.57,118.81,7.34,3.12,51.25
2167.3,5,3.0,2.4,11965.9,2,Good,6.4,1.13,3.57,40.67,10.0,102.18,5.12,3.52,71.79
1203.7,2,2.0,43.5,6352.6,1,Good,4.82,1.54,0.83,35.99,10.0,90.34,5.76,3.91,40.53
1221.0,1,1.5,5.8,5996.8,2,Average,8.07,0.63,6.13,30.36,10.0,108.96,5.38,4.26,43.63
1553.9,1,1.5,4.6,,1,Average,9.27,3.04,1.39,8.0,10.0,149.26,4.76,3.37,51.58
1854.4,3,2.0,30.5,7952.5,2,Average,4.98,8.85,2.23,44.98,7.94,81.88,6.2,3.72,40.41
2227.9,4,3.0,65.0,11664.7,2,Average,6.44,6.56,1.93,31.85,8.67,97.36,2.5,3.42,56.2
3348.9,6,4.0,19.4,16567.3,3,Fair,8.15,2.79,2.81,32.48,9.98,117.33,4.83,3.18,88.57
2697.8,4,3.0,17.6,14336.9,1,Good,6.54,3.51,2.88,42.32,9.63,82.17,6.07,1.96,64.6
1889.4,4,2.5,6.9,11148.5,2,Average,7.51,14.0,1.27,21.9,5.99,107.87,3.6,3.55,56.69
1984.9,3,2.5,0.4,6633.4,3,Good,6.59,2.53,3.07,32.85,10.0,108.46,4.43,2.72,58.17
1406.9,3,3.0,3.8,7873.1,1,Fair,4.6,6.74,1.96,63.38,8.61,56.24,4.66,4.05,41.66
1985.3,2,2.0,15.8,9140.0,1,Excellent,6.71,2.42,1.47,44.34,9.89,116.52,4.84,2.75,62.35
1806.2,2,1.0,3.0,,1,Average,8.53,0.36,3.62,9.85,10.0,119.33,4.54,2.97,61.31
2237.1,2,2.0,38.7,11742.5,1,Average,7.07,8.93,2.23,41.56,7.7,109.68,4.08,2.78,63.06
1495.9,2,1.5,3.8,9700.4,1,Good,9.42,0.58,5.36,27.25,10.0,102.08,5.12,3.8,57.11
2396.5,4,3.0,13.3,6215.4,3,Good,3.31,4.1,1.15,60.95,8.47,66.23,6.09,3.17,59.1
3416.8,6,4.0,12.9,10887.3,3,Good,7.18,1.07,0.3,31.58,10.0,92.99,5.62,3.83,84.88
1923.6,3,2.5,16.7,6467.9,1,Average,5.33,7.6,3.08,40.76,8.24,81.42,6.33,1.8,57.72
2299.8,3,2.0,7.1,9316.3,3,Average,4.92,0.92,1.16,40.28,10.0,59.68,4.98,4.9,64.94
2544.1,4,2.5,37.2,13012.3,2,Fair,8.9,0.68,1.08,21.72,10.0,115.03,6.59,2.64,71.93
1736.4,2,2.0,10.6,10223.7,2,Good,6.04,2.05,1.09,38.12,10.0,92.18,3.8,3.98,62.69
2161.2,4,2.5,21.7,10500.7,4,Good,5.87,2.4,4.88,44.46,9.65,88.67,6.64,3.77,63.8
2007.0,3,2.5,18.2,12911.3,3,Good,7.12,5.67,7.6,33.23,8.24,119.25,6.4,3.93,64.02
2067.7,3,2.0,2.2,8251.9,2,Good,2.63,4.8,3.46,88.27,8.66,30.0,3.46,2.79,47.89
1524.5,4,3.0,17.5,4358.2,3,Good,8.94,1.47,1.06,26.9,10.0,127.08,5.71,3.15,71.74
2015.4,2,1.5,14.4,6030.3,1,Excellent,9.93,1.76,1.0,14.29,10.0,137.78,5.06,3.7,60.96
2378.7,3,2.5,41.2,12832.8,1,Good,8.15,2.95,7.47,8.0,10.0,112.28,5.08,3.4,63.32
3320.6,5,4.0,38.3,18266.6,2,Good,7.24,2.77,1.6,34.78,10.0,95.49,5.27,2.72,90.82
2795.4,4,3.0,2.9,13228.2,2,Average,6.11,6.54,6.35,49.49,9.58,110.7,4.52,3.83,67.93
4245.5,6,4.5,1.5,15858.7,3,Excellent,4.56,2.25,4.19,43.54,9.6,106.16,6.23,5.11,101.0
1527.6,3,2.5,6.3,6183.4,3,Good,8.65,7.37,5.34,39.84,7.11,100.47,5.2,3.08,51.23
2711.6,6,4.5,65.0,15922.8,4,Average,8.15,0.93,5.75,29.13,10.0,105.78,3.96,3.77,77.64
2130.6,2,2.0,0.4,6369.1,2,Excellent,7.31,6.67,2.51,33.63,8.01,95.01,5.16,3.57,61.08
4300.3,6,4.5,20.1,20935.1,4,Good,7.1,1.36,2.42,23.72,10.0,102.71,4.68,3.12,108.38
1505.8,2,1.5,16.9,6026.6,0,Average,7.04,5.18,2.13,41.55,9.75,123.55,5.88,4.0,47.96
1489.4,2,2.5,18.7,4688.3,2,Average,5.55,2.87,2.75,35.37,9.77,96.25,3.75,3.99,39.42
1620.1,2,2.0,4.4,8244.6,2,Average,10.0,6.87,6.31,8.0,10.0,137.85,7.4,2.99,51.97
950.2,1,1.0,4.6,3941.5,0,Good,5.99,1.04,4.97,24.55,10.0,94.07,5.33,4.47,35.81
1662.3,4,2.5,10.1,9586.5,3,Good,5.73,4.07,2.25,49.26,9.04,86.45,3.84,3.41,62.93
1532.0,3,2.0,1.8,7858.4,1,Good,8.52,6.25,2.65,23.9,9.41,133.29,4.98,4.21,52.51
2106.2,3,2.5,1.4,8850.7,0,Excellent,6.45,5.0,1.12,34.76,9.37,111.19,4.67,3.66,63.63
2252.1,5,3.0,1.7,11558.9,4,Good,6.47,2.87,5.25,40.92,10.0,107.63,4.33,3.43,79.87
3853.2,5,4.0,15.3,17387.6,2,Good,9.05,3.8,1.87,25.29,10.0,98.28,5.67,3.39,100.61
2786.8,4,3.5,9.1,9428.0,2,Average,7.72,0.9,1.98,23.52,10.0,113.98,7.65,3.91,69.68
1632.9,1,1.5,6.3,9816.4,2,Good,7.81,0.98,1.83,19.81,10.0,112.24,7.26,2.58,52.36
1459.1,2,1.0,6.8,7833.8,1,Excellent,3.95,1.2,4.44,39.69,10.0,84.28,5.42,3.68,42.77
2373.6,4,3.5,4.2,8025.8,2,Good,7.22,5.83,3.17,28.44,8.87,111.39,4.34,4.38,70.61
1258.8,2,2.0,9.5,7826.5,1,Average,4.69,0.79,0.78,38.05,9.06,86.73,5.51,3.78,41.74
3793.4,6,4.5,4.1,15227.3,3,Good,5.68,1.34,2.24,44.07,10.0,83.4,6.01,2.09,91.26
3019.4,4,3.5,21.6,17491.3,2,Good,6.82,8.3,1.09,30.47,7.76,116.54,5.42,2.36,77.44
1695.6,3,2.0,2.4,9124.8,2,Good,6.43,4.7,7.45,30.93,8.99,116.27,6.02,3.42,54.29
1097.1,2,1.5,53.3,4659.6,1,Good,7.68,4.43,0.31,37.91,9.99,90.51,5.69,2.81,42.07
3209.5,6,5.0,1.7,14021.0,3,Good,7.89,2.14,0.8,19.5,10.0,97.56,5.51,4.07,91.2
1919.7,2,1.5,51.7,9158.3,2,Good,8.02,4.08,1.0,8.13,9.89,127.93,3.86,3.04,55.96
3081.7,5,3.0,32.2,13596.6,4,Good,4.08,2.87,5.16,52.56,9.74,69.51,5.06,3.81,63.18
1143.6,1,1.0,20.5,7564.5,1,Excellent,10.0,0.44,1.42,8.0,10.0,154.4,7.3,4.85,55.96
1620.1,2,1.5,43.8,8662.4,1,Good,6.46,2.95,0.84,36.63,9.47,102.63,5.74,3.42,45.37
2001.9,4,3.0,2.7,6535.2,2,Good,8.68,2.13,2.45,10.71,10.0,134.56,6.49,2.64,73.03
2031.3,3,2.5,3.5,10039.7,2,Good,1.97,0.59,1.29,74.65,9.88,37.24,7.41,3.7,44.52
1707.0,2,1.5,5.2,10276.3,1,Excellent,6.02,1.55,1.49,31.0,10.0,99.01,3.9,3.61,57.61
2484.9,4,3.5,5.1,12274.5,2,Excellent,3.87,7.41,0.57,47.21,9.45,74.31,8.06,3.59,65.45
1375.2,1,1.0,6.7,8261.1,0,Average,4.95,5.41,2.0,53.57,8.51,72.28,6.27,4.43,44.77
1901.1,4,2.5,15.4,10552.7,2,Good,6.59,8.05,3.54,32.99,8.35,114.82,6.48,2.51,54.65
2084.1,3,2.5,0.5,6632.4,3,Good,5.9,4.24,4.15,33.98,10.0,66.29,4.46,4.15,61.55
2392.4,5,3.5,8.7,9739.4,2,Excellent,8.87,3.4,2.23,9.84,9.53,129.86,6.0,2.95,80.46
2563.3,4,3.0,5.1,12900.3,2,Excellent,9.68,0.68,2.64,10.79,10.0,118.25,4.32,4.44,87.08
1348.0,2,1.5,16.8,6509.5,1,Excellent,4.76,0.56,2.22,41.5,10.0,65.42,5.36,1.81,47.45
1168.0,1,1.0,65.0,5391.3,0,Fair,5.62,1.11,2.65,38.43,10.0,103.46,5.57,5.07,42.33
3125.0,6,4.0,13.1,14568.6,4,Good,4.64,1.41,5.07,49.62,10.0,63.01,4.94,3.2,75.13
2244.7,3,2.5,10.0,12172.0,1,Average,8.58,3.19,5.75,14.54,10.0,107.69,6.47,2.49,71.74
1537.7,3,2.0,8.3,5847.3,2,Fair,6.79,6.91,0.61,37.79,9.69,111.17,4.63,4.08,53.02
3438.9,5,4.5,27.7,11513.9,3,Average,6.56,7.28,3.26,28.99,8.35,84.87,2.99,3.78,80.59
2080.8,2,2.0,1.3,7553.7,1,Excellent,7.06,3.87,4.37,39.72,10.0,120.47,4.93,3.74,64.74
3019.2,4,3.5,57.8,14136.3,2,Fair,5.94,2.93,1.98,37.14,9.8,102.33,6.58,4.1,71.68
2046.0,2,2.0,9.7,8915.7,1,Good,4.96,1.1,3.5,43.44,10.0,71.13,7.9,3.43,49.56
4110.3,6,5.0,6.8,18492.1,3,Excellent,6.59,9.1,3.35,37.7,7.29,114.53,6.65,3.18,96.95
3693.6,5,4.0,65.0,10677.3,2,Good,6.02,3.76,2.27,42.91,8.82,67.08,6.37,2.53,76.02
1831.4,4,2.5,49.4,8976.1,2,Excellent,7.12,2.64,3.07,36.28,10.0,113.55,4.78,3.31,67.04
2807.5,4,3.0,18.5,11392.9,2,Good,3.56,0.55,1.76,44.08,10.0,48.52,7.73,3.02,61.13
2504.6,4,2.5,0.3,11445.9,3,Average,6.84,5.79,1.31,38.2,9.64,96.28,5.95,3.39,77.67
3226.1,6,4.5,24.8,13884.6,3,Average,5.26,1.57,2.06,41.75,10.0,79.06,6.0,3.48,74.88
1425.5,3,2.0,7.4,6777.8,2,Average,6.77,7.59,2.18,31.81,9.11,120.82,5.89,4.7,43.04
2540.5,4,3.0,8.8,13365.2,3,Average,8.13,0.79,1.98,23.52,10.0,111.47,3.93,2.84,70.94
2894.2,4,3.5,3.1,9104.3,3,Fair,5.5,0.36,0.79,54.22,10.0,87.13,5.62,3.29,66.11
1079.7,1,1.0,13.3,5360.1,1,Excellent,8.65,2.03,2.25,8.0,10.0,118.39,3.6,3.07,60.35
1320.6,2,1.5,24.6,6913.2,2,Average,3.37,0.46,2.61,74.04,10.0,49.96,6.11,2.35,28.7
978.7,1,1.5,5.7,4984.6,1,Excellent,9.28,0.4,4.86,22.05,10.0,117.28,5.57,5.58,53.22
1818.4,3,2.5,50.3,10747.0,1,Fair,8.73,4.2,3.8,19.53,9.83,129.71,4.5,2.7,61.05
2568.7,4,3.0,3.9,,2,Average,4.9,1.15,4.01,36.4,10.0,81.03,6.44,3.68,77.11
3380.7,6,4.5,1.2,14085.7,3,Average,4.92,3.46,1.19,33.05,9.02,92.25,4.81,4.68,83.38
2050.7,3,2.5,18.6,9726.9,1,Average,3.81,2.91,3.87,52.05,8.84,65.42,4.83,2.47,49.7
3533.4,6,4.0,34.1,10017.9,2,Good,8.16,0.69,2.9,28.59,10.0,115.89,5.79,4.06,81.15
1232.7,3,2.0,55.1,,1,Average,5.91,1.76,3.27,38.9,10.0,103.63,5.18,2.25,38.32
1100.8,2,2.0,26.2,5778.7,2,Good,5.77,0.42,1.07,46.49,10.0,86.18,5.46,2.8,53.89
1959.7,3,2.0,4.0,9750.9,3,Excellent,4.48,1.95,3.98,41.76,9.79,56.35,6.34,3.82,61.76
2285.7,3,2.5,65.0,14590.6,2,Good,9.76,0.84,2.94,9.94,10.0,149.12,4.39,3.2,77.24
1975.5,3,2.0,45.3,6133.6,2,Fair,4.75,0.52,1.8,58.9,10.0,70.13,4.29,4.49,50.38
969.1,1,1.0,3.2,5773.5,1,Average,6.54,1.42,1.94,46.9,10.0,101.19,4.94,3.5,46.25
1936.8,3,2.0,14.7,7740.0,3,Good,6.89,0.21,2.36,23.8,10.0,95.45,5.13,3.79,70.92
1265.8,3,2.0,14.6,6255.1,1,Excellent,5.78,4.74,2.49,39.99,8.93,77.88,5.91,2.88,44.27
2526.0,4,3.0,10.5,12736.7,2,Good,5.42,0.75,0.7,44.39,10.0,60.73,7.34,2.62,69.84
2271.8,3,2.5,65.0,10485.0,2,Average,5.84,3.35,1.94,35.19,10.0,96.85,5.15,2.53,52.82
1438.0,4,2.0,1.1,4377.5,2,Good,7.52,5.92,2.53,40.98,8.26,63.94,5.24,2.7,41.3
1669.3,3,2.0,17.8,8932.9,4,Average,5.88,8.17,3.45,61.26,7.71,110.74,4.48,2.88,49.93
1379.2,1,1.0,4.1,7653.8,1,Good,9.43,2.81,1.88,8.0,10.0,147.85,4.35,4.27,59.01
1954.8,3,2.5,13.5,9557.0,1,Good,5.1,5.17,1.08,51.26,7.8,70.93,5.95,3.7,52.78
2791.4,5,3.5,27.2,12385.8,2,Average,7.86,2.14,3.04,25.14,10.0,137.6,5.24,2.44,71.52
1415.2,3,2.5,5.1,6408.0,3,Average,3.34,2.36,0.67,58.77,10.0,92.24,6.57,3.09,45.93
2383.7,3,3.0,9.0,7840.0,1,Good,5.1,2.73,3.84,57.45,9.54,79.84,6.45,3.38,61.06
1659.7,3,2.0,54.2,5378.3,2,Average,5.03,3.75,5.13,49.16,10.0,88.61,6.16,5.6,51.96
1514.0,3,2.0,25.8,7407.4,1,Fair,4.51,3.75,1.86,33.47,10.0,78.81,3.59,3.41,45.86
1924.7,3,2.0,15.3,10756.9,1,Average,7.01,5.12,3.48,17.82,9.44,126.81,5.95,3.74,59.66
1390.8,2,2.5,4.5,6649.2,2,Average,6.3,3.27,2.38,31.04,10.0,77.97,4.17,2.66,45.63
1646.2,2,1.5,10.0,5838.6,1,Average,2.4,7.06,1.18,61.22,7.63,49.4,3.13,3.94,34.86
1313.9,2,2.0,26.8,4414.7,2,Fair,10.0,4.15,4.84,8.0,10.0,152.87,5.44,4.44,45.22
3974.5,6,4.0,30.9,15461.2,3,Good,6.82,8.66,0.72,30.24,6.99,114.78,6.69,3.29,87.39
2023.0,4,2.5,5.0,10725.5,3,Excellent,6.5,4.64,2.67,21.2,9.64,99.18,5.98,3.86,66.62
1564.1,3,2.0,19.5,,2,Fair,8.86,4.49,4.12,8.0,10.0,146.36,4.23,3.83,56.05
2153.6,3,2.0,1.8,9081.7,2,Excellent,8.28,6.5,4.79,8.0,8.34,123.49,8.28,3.45,61.81
1921.2,2,1.5,0.4,9836.3,1,Average,5.96,3.61,4.71,27.18,9.12,95.17,6.1,4.37,42.84
1849.5,3,2.0,14.3,6223.8,0,Good,2.99,0.83,1.25,69.13,9.26,69.09,4.27,2.8,45.7
2477.4,4,2.5,4.6,7552.1,3,Good,7.52,0.48,2.51,25.97,10.0,110.58,2.95,2.75,78.59
2604.8,4,3.5,1.5,7980.0,2,Good,4.77,1.41,2.97,41.16,10.0,80.52,4.97,3.4,66.71
1659.6,2,2.0,23.6,6308.6,1,Average,8.73,5.59,1.55,8.0,8.76,114.38,3.04,3.12,54.65
1633.5,3,2.5,12.4,5359.7,1,Fair,5.1,0.27,7.0,33.29,10.0,124.75,4.07,1.8,39.36
1814.8,4,3.0,28.6,6527.7,1,Average,5.69,0.72,3.07,47.55,10.0,83.77,3.33,2.85,53.12
892.8,2,1.5,19.6,3845.1,1,Good,4.08,0.56,1.68,56.64,10.0,82.16,4.37,1.8,38.0
1175.8,2,1.5,23.6,7038.5,3,Excellent,4.23,0.32,0.65,47.73,10.0,100.34,4.61,3.16,44.28
3224.1,5,3.5,6.6,15139.5,3,Average,6.3,5.52,0.69,37.34,8.93,78.69,4.24,3.93,84.46
3553.7,6,4.5,5.5,19604.1,3,Good,6.14,1.25,6.63,23.29,9.88,104.12,7.73,3.44,94.04
1831.4,4,2.5,16.5,6822.2,2,Average,5.64,4.38,2.5,35.98,9.63,90.22,4.99,3.5,63.4
2445.0,4,2.5,4.0,13105.4,4,Good,10.0,0.69,0.38,10.63,10.0,165.13,6.66,3.28,77.89
2228.2,4,3.5,30.4,9243.7,3,Fair,7.59,1.88,1.2,23.62,10.0,99.52,5.83,3.56,64.21
5200.0,6,5.0,13.3,20851.9,2,Excellent,6.52,0.6,4.99,49.84,10.0,89.43,4.97,5.52,107.32
2956.8,6,4.5,4.6,11825.5,3,Good,1.54,0.21,3.62,83.08,9.99,41.97,4.67,3.14,71.59
1910.7,4,3.0,17.7,6900.3,2,Good,7.99,3.24,0.87,21.66,10.0,109.93,6.69,3.39,65.05
1430.2,3,2.0,52.2,8056.5,1,Average,10.0,2.3,2.09,8.0,10.0,133.57,4.06,2.75,45.23
1138.8,2,1.0,1.5,4207.2,2,Good,6.16,1.92,1.09,52.67,10.0,124.26,4.51,1.97,48.52
2145.7,3,2.5,2.1,8509.4,1,Excellent,5.04,0.46,2.11,53.35,10.0,84.75,4.49,3.6,62.21
1533.5,1,1.5,33.4,7161.0,0,Average,6.79,3.04,3.87,35.38,10.0,92.15,5.28,4.25,37.88
1214.6,2,1.5,2.1,4454.1,1,Good,3.92,5.05,0.73,57.4,9.38,64.66,4.2,5.14,40.61
1593.5,3,2.0,0.7,6933.9,2,Average,7.33,0.42,1.49,29.94,10.0,114.98,6.23,3.26,66.35
1368.5,2,2.0,7.7,3662.0,1,Average,9.2,1.91,1.14,14.56,10.0,135.53,6.38,3.21,56.39
3606.5,5,3.5,11.3,13270.9,2,Average,5.29,1.39,0.68,37.29,9.54,77.78,4.41,4.1,78.73
2720.5,4,3.0,15.2,15000.1,2,Average,5.35,7.32,6.8,43.96,8.82,63.74,5.78,4.68,60.51
1992.6,3,2.0,12.7,8444.8,3,Excellent,6.36,1.18,1.46,25.41,10.0,97.39,4.28,2.47,55.31
3354.2,6,4.5,44.0,10060.9,3,Excellent,5.6,9.44,0.67,48.5,7.28,88.29,5.4,3.9,72.59
2053.0,3,2.0,26.4,11288.6,1,Fair,3.78,5.84,2.63,56.39,9.04,59.4,6.49,4.77,52.76
1478.2,4,2.5,65.0,9123.9,1,Average,5.81,0.54,2.34,45.04,10.0,109.69,5.31,3.21,51.09
3405.3,6,4.0,11.6,11125.8,2,Average,5.44,2.3,4.49,32.58,9.42,95.64,5.08,2.53,80.77
2413.0,3,2.5,1.6,9045.0,2,Excellent,8.96,3.55,2.21,28.23,9.96,129.93,7.72,3.99,75.61
1389.9,2,1.0,56.0,8307.7,1,Average,8.58,3.08,1.39,30.95,10.0,118.62,5.6,2.39,52.85
1869.4,3,2.5,0.1,8624.4,1,Good,9.02,3.84,3.09,8.0,9.34,152.94,4.27,4.29,69.49
1470.8,1,1.5,26.9,7667.5,1,Average,7.94,1.98,3.17,22.68,10.0,100.18,4.19,4.89,47.96
1231.5,3,2.0,0.6,4999.0,2,Average,6.87,7.72,1.95,30.58,8.09,97.06,7.71,3.02,43.99
2763.2,5,4.0,25.8,15558.7,3,Good,4.93,1.21,5.7,36.92,10.0,75.32,4.39,4.64,70.69
3898.3,6,5.0,50.0,22890.3,3,Average,8.89,0.52,1.47,15.06,10.0,131.39,4.43,3.87,97.61
1224.8,2,2.0,8.9,7754.5,1,Good,7.13,12.41,2.85,34.34,6.65,116.2,5.23,4.44,53.13
2433.4,3,2.5,5.0,7343.4,2,Average,4.25,3.58,0.38,51.25,9.35,55.2,6.01,2.91,52.46
1591.2,2,1.5,4.6,7354.4,1,Good,4.86,3.64,4.44,35.65,9.35,71.25,3.84,3.87,46.23
1685.0,3,2.5,12.2,6456.9,2,Good,4.23,5.64,0.78,58.4,9.5,79.86,4.89,3.58,41.03
1624.0,2,1.5,3.4,8482.1,2,Excellent,2.81,1.95,2.67,58.51,10.0,47.96,3.72,2.81,53.73
1476.8,1,1.0,20.1,9359.8,2,Average,7.2,1.76,2.1,25.61,10.0,102.17,5.03,3.14,50.69
2032.4,3,2.5,8.3,10207.3,2,Average,4.27,9.73,2.63,65.78,6.83,76.54,6.1,3.83,56.83
1493.9,2,1.0,7.0,8067.0,1,Average,5.14,1.76,2.3,50.86,10.0,70.38,4.92,2.56,41.34
2196.6,4,2.5,11.1,8352.7,2,Good,6.57,0.46,2.65,28.26,10.0,104.44,7.37,2.5,59.73
1963.4,4,3.0,14.1,9733.1,3,Good,6.16,1.38,2.53,27.75,10.0,104.44,4.27,2.44,57.98
1837.9,3,2.0,2.8,8495.4,1,Good,5.22,6.82,1.76,53.13,8.51,85.52,5.44,2.82,54.5
1454.4,3,1.5,22.1,,2,Average,9.23,0.52,1.62,19.79,10.0,151.15,6.64,3.61,53.26
1632.9,3,2.0,38.6,7293.9,1,Average,3.75,4.24,4.65,51.29,9.03,78.3,6.31,3.02,40.38
2602.9,3,3.0,5.9,7341.8,2,Excellent,3.83,1.19,2.27,45.97,10.0,68.47,8.11,4.36,62.54
2381.1,4,2.5,3.6,11736.2,1,Excellent,7.32,4.58,4.45,33.11,10.0,104.73,5.56,2.32,76.24
1419.2,3,2.5,25.7,8279.8,2,Good,5.37,2.51,2.85,46.08,9.67,111.36,4.22,3.78,56.04
2068.9,2,1.5,3.7,12698.6,1,,5.3,3.44,0.72,42.94,9.99,76.72,5.29,3.12,58.57
2599.3,3,3.5,0.8,13002.6,2,Good,4.56,1.09,1.21,42.08,10.0,73.6,4.28,3.32,75.34
1114.0,1,1.0,17.4,5068.3,1,Average,7.11,0.79,2.54,32.0,10.0,101.01,5.33,3.91,41.49
2416.7,3,2.5,4.9,8837.8,2,Average,6.91,0.41,4.22,35.68,10.0,109.99,6.56,1.8,63.67
1584.6,3,1.5,3.4,9698.3,2,Average,6.71,5.79,3.86,26.42,8.82,133.79,5.97,1.8,41.5
2439.9,3,2.5,65.0,10065.9,2,Fair,5.45,4.17,2.66,45.36,10.0,91.14,5.09,3.35,56.54
1529.7,2,1.5,6.2,7850.4,2,Average,5.15,1.31,1.83,49.41,10.0,79.69,4.44,3.23,48.19
1062.4,1,1.0,42.1,4890.0,0,Average,6.21,6.0,2.05,46.8,8.75,99.02,5.56,2.33,36.45
1130.4,3,2.0,3.5,7153.9,1,Good,8.24,5.94,1.17,21.38,9.73,101.38,5.78,4.9,55.35
2032.1,3,2.0,30.8,5046.5,2,Average,9.32,0.67,2.19,8.0,10.0,129.58,3.82,2.53,59.58
2188.3,3,3.0,12.5,8625.7,2,Good,8.5,4.2,0.67,17.17,9.58,146.61,4.08,3.0,69.76
1456.1,2,1.5,1.5,7260.9,1,Good,7.41,1.31,1.86,41.22,10.0,119.49,4.88,4.26,52.82
2498.7,5,4.0,23.8,13576.5,3,Good,8.27,2.21,8.05,8.0,10.0,137.31,3.74,2.89,80.91
1117.1,1,1.0,40.1,6295.5,1,Average,4.37,2.0,1.34,31.65,10.0,89.47,3.21,2.75,44.32
1952.5,4,2.5,3.2,7697.1,2,Good,5.22,3.13,0.94,45.8,9.18,75.05,4.07,3.69,63.36
1307.9,2,2.0,23.3,5883.3,0,Average,7.44,1.56,0.72,22.33,10.0,137.37,5.62,2.84,57.84
1590.6,2,1.0,10.6,7985.3,3,Excellent,6.29,0.44,1.49,38.66,10.0,72.44,5.31,3.7,57.84
2031.6,5,3.0,25.2,10207.1,4,Average,7.11,3.77,1.19,28.6,9.62,111.39,4.71,3.78,59.41
1478.6,2,2.0,22.5,7673.1,1,Average,8.26,10.55,2.09,33.87,6.79,91.19,4.17,3.68,39.45
1746.6,3,2.0,0.5,6096.6,3,Good,7.98,3.73,6.14,27.03,10.0,92.82,5.61,4.28,54.21
2841.8,4,2.5,3.5,15106.9,2,Good,4.54,2.68,5.83,55.6,9.96,90.26,5.55,3.11,66.61
1632.9,3,3.0,11.5,7959.3,3,Good,6.52,0.77,1.51,16.91,9.63,90.32,6.57,3.02,54.74
2677.1,5,3.0,48.8,14022.6,3,Good,4.84,3.34,3.05,41.97,10.0,98.12,2.5,3.34,69.14
1345.6,3,2.0,7.5,5347.2,2,Good,5.1,3.22,2.19,43.47,10.0,53.22,3.28,1.8,46.2
2405.3,5,3.5,17.8,9725.2,1,Average,3.42,3.29,0.54,40.94,9.11,63.1,6.23,3.56,58.61
3309.5,5,3.0,0.2,17997.1,2,Average,6.74,7.33,4.95,36.78,8.09,85.49,5.72,3.15,89.32
841.3,1,1.0,22.4,3655.3,1,Average,3.29,4.23,0.67,59.83,9.41,58.21,6.23,3.69,30.96
1511.8,1,1.5,16.6,7171.4,1,Excellent,7.21,5.1,3.33,24.01,9.48,129.59,4.22,2.73,54.65
2445.4,5,3.5,22.6,9242.4,2,Fair,8.95,1.4,3.4,13.18,10.0,152.96,4.77,4.41,77.0
1861.1,3,2.5,42.3,8623.7,1,Average,7.45,1.21,1.29,28.46,10.0,117.91,3.79,3.24,53.09
2275.4,3,2.5,2.9,9962.3,2,Good,6.59,0.94,2.11,45.81,10.0,78.5,2.63,4.03,63.51
1617.4,4,3.0,5.5,6106.7,1,Average,9.26,5.02,2.66,21.96,9.8,114.62,5.35,3.02,62.87
2059.7,3,2.0,65.0,12537.0,2,Fair,7.09,4.04,3.69,33.62,9.82,108.77,6.76,3.75,51.85
1892.2,3,2.0,3.1,8734.0,3,Excellent,4.95,1.54,3.05,67.31,10.0,70.61,5.02,2.23,57.85
3007.1,5,3.0,23.0,9421.5,3,Average,6.73,0.69,4.78,27.25,10.0,111.55,4.41,1.8,68.41
2184.3,4,2.5,23.2,7408.3,2,Good,10.0,6.2,1.22,8.0,10.0,163.46,3.97,3.24,69.64
2248.8,4,3.5,20.7,15086.7,1,Fair,4.53,1.75,3.03,61.68,10.0,63.37,6.43,3.38,52.43
1729.9,2,1.0,4.6,6517.3,1,Average,4.02,0.87,1.08,71.0,10.0,58.65,5.29,3.33,42.52
1684.7,3,2.5,4.4,7922.7,3,Good,7.61,0.7,3.81,24.24,10.0,95.95,5.33,3.18,70.73
1717.5,4,2.5,19.8,6302.3,2,Excellent,6.1,8.27,2.81,50.24,8.8,91.55,3.61,3.1,64.72
2294.0,4,3.0,3.7,14211.4,3,Good,5.54,0.65,2.83,38.63,10.0,89.47,4.19,3.91,74.97
1724.4,3,2.5,19.5,9103.5,1,Average,4.23,1.63,1.39,57.55,9.98,73.99,6.01,4.74,48.36
2211.5,3,2.0,12.2,11010.1,2,Good,2.99,3.4,4.66,65.95,9.0,71.95,4.62,5.34,51.34
4131.5,6,5.0,8.8,12061.0,3,Fair,3.88,1.88,2.18,49.89,10.0,75.1,4.48,4.22,82.0
2710.5,4,3.0,6.4,14606.4,2,Good,9.41,2.28,0.65,28.57,10.0,132.36,7.96,1.8,80.5
1782.7,3,2.0,53.1,8305.6,2,Fair,6.48,5.39,0.75,51.48,9.17,100.14,5.28,4.19,53.05
3042.5,5,4.5,12.8,16686.2,2,Good,2.97,14.0,2.37,54.19,4.1,60.33,5.01,4.18,69.74
1732.2,3,1.5,14.8,7212.5,1,Fair,8.63,2.21,2.4,21.28,10.0,123.45,5.05,3.32,55.39
979.1,2,2.0,53.7,6302.1,1,Fair,8.72,1.72,8.11,27.34,9.68,115.83,4.45,4.1,41.23
1404.1,3,2.5,19.1,4691.5,1,Average,8.71,1.87,5.76,8.0,10.0,108.35,5.12,3.67,51.4
1038.2,2,1.0,57.0,6279.2,1,Fair,5.74,1.67,2.46,41.47,10.0,93.0,7.33,3.39,30.36
1766.9,2,2.5,2.0,7496.4,2,Average,6.02,2.25,3.67,27.01,10.0,87.2,5.65,3.59,49.1
2011.1,3,1.5,33.7,8594.2,2,Good,6.75,1.5,0.9,38.31,10.0,109.95,3.45,2.98,58.12
3593.0,5,4.0,7.4,10172.0,3,Good,9.02,2.19,5.74,17.18,10.0,129.76,4.72,2.02,92.82
2240.4,3,2.0,29.9,7178.5,2,Average,5.5,9.51,3.47,40.29,6.95,88.47,5.31,1.99,47.97
1850.7,3,2.5,34.8,6430.9,1,Good,5.14,1.28,2.1,31.83,9.74,97.92,3.54,4.09,49.01
2671.2,4,2.5,5.7,9726.2,2,Good,7.75,3.58,1.7,23.81,10.0,94.49,4.69,2.63,74.46
921.6,1,1.0,9.5,6070.4,1,Good,8.68,2.34,0.29,20.41,10.0,149.55,4.14,2.25,51.08
2170.0,3,2.5,23.3,9653.1,2,Average,6.4,4.42,2.55,39.79,10.0,68.07,4.76,2.24,54.53
2617.0,4,3.0,1.9,14171.3,1,Fair,7.71,2.25,1.32,33.69,10.0,133.94,5.28,3.04,72.1
1190.9,1,1.0,25.4,4035.5,0,Average,6.7,0.76,3.97,42.88,10.0,104.89,5.97,4.54,26.61
2981.9,5,3.5,2.1,13946.9,3,Average,6.05,6.79,3.6,48.72,7.81,87.21,3.93,3.29,77.25
2249.5,5,3.0,44.3,10187.8,3,Average,5.01,3.8,2.26,45.21,9.37,61.98,5.11,2.33,57.4
1727.9,4,3.5,5.8,10823.9,2,Average,4.42,2.59,4.38,54.84,10.0,67.47,4.84,4.51,59.45
2493.6,5,3.5,15.4,12949.5,3,Good,5.39,5.89,8.5,36.67,8.77,84.73,4.96,3.64,63.58
4423.7,6,4.0,2.2,19369.9,4,Good,4.74,12.16,2.71,38.64,5.98,82.27,4.3,3.14,97.78
2129.5,4,2.5,5.7,11924.4,2,Excellent,7.01,1.89,2.25,38.89,10.0,125.86,5.15,3.76,75.7
2179.6,3,2.0,9.3,8378.0,2,Good,8.69,1.59,2.58,9.5,10.0,125.98,5.74,3.41,68.73
1701.4,2,2.0,12.0,8966.3,1,Average,6.87,4.68,1.13,22.06,9.04,108.45,3.67,2.86,55.86
1484.1,1,1.0,0.0,5416.3,0,Good,4.84,2.14,3.2,48.55,10.0,85.59,7.1,2.99,44.16
2672.1,5,3.5,39.5,9751.5,2,Good,8.04,0.49,3.02,22.44,10.0,112.87,6.24,2.47,64.93
1480.8,3,2.0,0.1,5608.2,2,Average,7.03,1.6,3.33,30.53,10.0,103.2,3.47,3.05,56.01
2048.9,3,2.0,26.7,9385.3,3,Good,7.39,5.49,2.77,47.6,9.47,108.5,6.79,4.1,53.64
1690.6,3,2.0,11.4,8002.6,2,Average,5.57,4.12,4.29,33.81,9.56,97.77,6.87,4.08,45.17
2362.9,3,2.5,13.4,12112.9,2,Good,8.54,6.56,3.9,25.76,9.26,110.43,4.65,3.27,70.55
2245.7,4,3.0,4.2,10057.6,3,Good,8.53,0.71,4.31,21.88,10.0,116.01,5.43,3.28,78.32
2873.1,5,4.0,16.8,9770.9,2,Good,6.17,1.09,1.36,45.72,10.0,100.93,5.3,2.62,78.67
1671.5,1,1.5,13.9,8546.5,2,Excellent,7.79,0.97,7.46,21.45,10.0,99.55,3.68,3.7,60.04
1818.1,3,2.5,3.2,9913.4,3,Good,8.48,11.57,4.14,18.71,7.04,124.14,6.33,2.36,60.6
1418.6,2,2.0,4.9,8407.2,1,Fair,5.66,0.79,3.15,43.91,10.0,82.48,3.13,4.02,50.95
1710.4,3,2.5,1.2,6923.1,1,Good,6.35,3.12,6.38,24.52,10.0,105.14,5.52,3.71,63.57
2280.3,4,3.0,1.2,11669.6,3,Good,6.64,3.41,8.14,17.89,9.6,120.64,6.92,3.2,63.95
2604.4,4,3.5,0.2,11646.7,3,Good,4.52,3.29,3.96,51.46,8.62,69.4,3.34,3.73,66.17
1447.0,2,1.5,4.5,4883.7,1,Good,7.29,3.96,1.13,39.13,10.0,119.5,4.88,3.14,55.95
2709.1,4,3.0,20.5,9706.0,3,Average,8.34,2.32,1.94,18.62,10.0,123.72,6.45,3.54,65.13
3211.4,6,4.0,6.8,10024.6,4,Good,6.24,0.48,2.21,36.62,10.0,91.4,5.64,3.56,83.21
2309.3,4,3.0,7.6,8573.2,2,Good,7.11,4.07,4.37,40.29,9.64,106.88,6.12,4.27,66.88
3854.0,6,4.0,2.5,16138.4,3,Excellent,9.02,1.26,4.13,13.28,10.0,146.87,4.44,3.77,101.6
1524.1,2,2.0,15.4,8620.6,2,Average,5.77,0.45,3.7,47.76,10.0,88.96,4.17,4.19,39.73
1292.5,2,1.5,7.5,5901.0,1,Average,7.15,0.8,2.01,49.95,10.0,125.53,4.98,3.69,54.89
1072.2,2,2.0,20.3,8067.7,0,Good,5.47,1.28,3.49,39.09,9.57,86.28,5.49,3.36,38.39
3373.2,5,3.5,24.3,17741.9,2,Average,5.43,2.01,5.89,44.83,9.42,67.62,5.86,3.79,71.73
2512.5,4,3.0,15.8,8859.3,1,Good,7.12,6.52,2.17,34.48,9.82,104.77,5.69,3.66,73.22
1959.7,4,3.0,5.8,6355.3,3,Good,6.93,2.66,0.41,46.87,9.36,83.88,6.28,3.13,47.62
2203.9,4,3.5,12.8,9434.1,1,Good,7.5,2.24,2.12,27.77,10.0,106.79,5.33,2.34,74.11
1347.6,2,1.5,5.2,6638.9,2,Excellent,6.64,0.88,2.54,41.12,10.0,96.34,4.05,3.01,64.48
4703.3,6,5.0,42.0,27096.8,4,Good,7.34,10.44,3.17,29.11,7.7,134.81,3.71,3.0,101.21
2090.6,2,2.0,26.2,8108.4,2,Good,9.5,7.85,4.4,9.72,8.14,156.76,6.03,3.82,59.97
2076.2,3,2.5,12.2,12406.4,1,Good,8.41,5.62,0.72,17.76,8.95,122.89,6.31,3.35,67.81
2576.1,4,3.0,60.6,11490.6,1,Fair,7.11,1.45,1.47,24.2,10.0,123.71,7.37,2.79,63.58
2364.6,4,3.5,14.2,12034.8,2,Good,7.41,2.84,0.84,54.03,10.0,104.63,7.87,3.28,72.21
2161.1,3,1.5,7.2,10352.5,1,Good,5.96,1.78,4.98,29.88,10.0,73.58,6.27,3.16,60.57
1515.2,2,1.5,1.8,,0,Good,6.21,1.85,4.48,25.44,10.0,103.84,5.6,2.71,53.38
2356.7,2,2.0,14.1,7969.3,1,Good,7.39,0.44,2.73,30.36,10.0,115.0,4.74,4.5,82.49
3861.1,6,4.5,35.4,10092.7,3,Average,6.66,0.68,1.64,37.74,10.0,88.44,4.24,3.26,79.61
3200.0,5,4.5,36.3,12267.3,3,Average,7.93,10.6,8.5,29.82,7.07,103.66,5.27,2.81,78.17
3489.9,6,5.0,16.7,18204.6,3,Average,8.78,3.21,1.82,9.87,10.0,139.13,5.08,2.15,100.5
1670.8,3,2.0,9.0,6763.8,2,Good,6.32,0.22,3.88,31.74,10.0,74.07,7.3,3.47,47.7
1413.2,2,2.0,18.9,6775.2,2,Fair,2.88,5.5,1.32,59.92,8.42,65.97,5.84,3.79,31.38
1912.1,4,2.5,25.8,7150.9,2,Good,10.0,0.49,8.22,16.99,10.0,135.6,4.95,2.91,66.15
2037.6,3,2.5,9.5,10476.1,2,Average,5.33,4.14,5.51,35.55,7.7,94.08,4.23,3.51,49.08
2930.6,5,4.5,11.6,14507.4,3,Average,6.85,3.3,3.05,32.62,10.0,117.63,5.79,2.58,74.69
1105.0,1,1.5,20.5,5888.8,1,Good,7.81,0.41,2.7,23.17,10.0,102.57,5.35,3.23,47.52
3413.0,6,4.5,37.7,13777.0,2,Good,9.04,2.62,1.21,8.0,10.0,112.95,4.7,4.21,87.18
1890.7,3,2.0,28.2,7819.0,3,Excellent,9.75,0.36,2.96,8.0,10.0,157.66,4.44,3.22,68.64
1720.9,3,1.5,0.4,9757.2,1,Good,5.85,0.41,2.43,48.07,10.0,91.42,5.8,2.92,51.02
1402.2,2,1.5,2.4,5680.6,2,,8.64,0.37,2.96,14.12,10.0,128.97,4.75,4.41,53.99
1119.7,2,1.0,34.5,4104.4,0,Average,6.86,1.14,5.19,41.45,10.0,116.6,4.84,3.55,40.53
2665.4,6,4.0,32.3,8297.8,3,Excellent,10.0,5.38,6.26,10.52,9.58,126.54,4.67,3.02,78.96
2050.1,3,2.0,8.9,10309.5,2,Excellent,8.48,1.64,1.06,8.26,10.0,135.16,8.32,2.75,69.47
1272.2,2,1.5,15.8,6844.5,2,Average,6.18,3.47,2.46,40.89,9.12,105.04,5.37,2.54,46.99
1269.9,2,1.5,42.5,6557.7,4,Good,5.07,0.63,2.48,37.67,10.0,103.91,4.29,3.72,46.9
1776.6,3,2.5,43.7,7454.1,1,Average,1.77,8.84,2.02,66.11,6.88,65.72,2.5,3.98,36.89
3583.7,5,3.5,27.5,12233.8,3,Average,7.71,2.45,1.97,35.48,9.73,114.6,3.4,3.4,81.44
1824.6,1,1.5,4.2,10847.5,1,Excellent,8.32,0.28,0.98,10.39,10.0,131.17,4.88,3.25,68.51
1180.7,3,2.0,23.6,7129.8,1,Average,7.84,2.67,3.91,21.89,10.0,115.8,7.06,3.84,55.28
1833.5,3,2.0,1.9,8710.6,2,Fair,2.26,0.85,1.84,58.93,10.0,53.07,7.72,2.34,47.77
1816.3,2,2.0,40.4,9941.4,1,Average,4.24,0.9,2.31,45.27,10.0,57.91,4.94,3.46,38.34
800.0,1,1.5,2.9,2710.6,2,Excellent,7.37,3.14,2.25,25.76,10.0,106.56,5.6,3.41,36.0
1960.6,4,3.0,19.5,7096.3,4,Good,9.71,1.02,0.65,8.0,10.0,111.58,5.02,3.71,67.32
1843.0,4,2.5,17.0,7547.6,2,Good,6.4,0.97,1.63,34.53,10.0,96.68,5.7,3.76,51.71
2549.6,5,3.0,27.0,7947.4,2,Good,8.46,2.69,5.14,23.73,10.0,140.83,4.94,3.09,65.86
3816.7,6,4.5,14.4,14386.0,4,Good,4.64,1.06,6.04,42.53,10.0,89.23,4.59,4.79,77.01
2964.0,5,4.0,1.1,16140.7,4,Good,6.87,0.57,3.39,20.97,10.0,105.61,4.48,2.59,86.21
1818.7,3,2.0,22.0,7704.1,1,Good,6.01,1.88,0.43,44.95,9.32,91.24,5.98,3.04,48.08
1356.6,3,1.5,8.7,6068.8,1,Fair,8.64,0.37,5.91,14.37,10.0,116.77,6.63,4.04,43.14
4918.1,6,4.5,6.9,22910.6,3,Good,5.53,7.74,1.08,59.26,6.61,75.72,4.71,2.92,99.74
2040.0,3,3.0,65.0,11438.1,2,Fair,9.52,2.12,1.03,8.2,10.0,145.93,6.0,3.48,59.22
2008.0,4,3.5,16.1,6540.7,2,Good,5.95,0.24,4.21,41.42,10.0,71.89,5.37,3.0,57.58
1981.4,3,2.0,22.3,12119.7,2,Average,4.57,,3.26,34.51,10.0,55.79,4.78,3.11,45.89
2141.6,4,3.0,13.5,9640.0,3,Good,4.63,10.33,4.9,39.06,6.42,90.96,5.95,2.43,59.22
1899.7,3,2.0,26.5,7743.9,2,Good,5.38,2.4,6.76,25.64,8.76,89.78,6.68,3.97,52.53
1634.7,3,2.5,25.1,7138.2,2,Good,7.17,1.62,3.34,32.95,10.0,108.05,4.29,3.99,58.01
1650.1,2,1.5,19.3,7790.5,1,Average,5.4,1.41,5.56,43.05,9.65,90.02,4.85,3.98,43.71
1975.4,3,2.5,65.0,10558.3,1,Good,5.02,1.93,1.07,48.59,10.0,110.91,6.81,3.08,57.7
1652.1,2,1.0,11.1,6342.2,1,Fair,8.1,0.96,2.89,29.95,10.0,118.95,5.15,3.65,53.6
1557.0,2,2.0,22.0,8291.1,1,Average,1.0,4.62,5.24,84.62,9.05,40.61,4.33,4.9,33.97
2074.0,2,2.0,28.8,10842.1,0,Good,5.73,2.47,1.67,36.34,10.0,119.66,5.39,3.62,61.67
1827.6,3,2.5,8.5,6864.1,2,Average,4.1,4.65,3.99,54.72,8.51,71.24,5.21,2.53,39.02
3382.6,6,4.5,11.0,18421.7,3,Fair,4.94,1.14,5.4,49.31,10.0,105.94,6.36,2.76,79.19
800.0,1,1.0,62.6,5635.5,2,Good,6.94,0.2,2.55,29.59,10.0,75.3,5.15,2.72,33.15
2927.9,6,4.0,0.6,12251.7,3,Excellent,6.13,11.04,2.46,32.98,7.5,79.24,5.19,4.39,74.75
3090.6,6,4.5,7.4,17835.8,2,Good,5.97,2.5,4.33,53.21,10.0,84.28,5.14,3.7,84.26
967.1,2,1.5,12.0,3208.1,1,Good,8.64,0.47,0.51,8.0,10.0,132.55,5.38,2.22,56.69
1772.3,2,1.5,0.0,4484.4,1,Excellent,6.48,0.55,1.89,36.94,10.0,124.3,6.87,4.38,64.86
1754.6,5,3.0,41.3,6305.0,3,Good,9.75,2.03,0.43,14.81,10.0,128.86,6.0,3.82,65.17
1220.9,1,1.0,6.1,5178.1,1,Excellent,7.78,4.0,2.93,15.38,8.88,128.19,4.05,3.53,50.57
1522.0,2,1.5,5.4,8146.1,0,Good,4.76,1.82,3.79,39.82,10.0,111.06,5.51,4.54,54.84
1354.7,2,2.0,30.9,4579.7,4,Average,9.98,5.69,1.95,8.0,10.0,161.69,5.58,3.23,49.93
3689.7,6,4.5,5.9,11140.0,3,Average,7.0,1.48,2.43,34.35,9.9,99.85,5.61,4.42,97.42
2772.5,5,3.5,19.3,8813.3,3,Fair,9.87,0.35,1.45,11.55,10.0,150.66,3.57,1.8,77.99
3118.3,5,4.0,31.0,16570.0,2,Good,6.02,0.23,1.63,38.54,10.0,98.99,5.36,2.85,78.84
2572.4,3,2.0,28.3,12829.2,1,Good,6.99,6.48,4.37,34.63,9.81,96.15,4.58,3.99,61.75
1345.9,2,1.5,27.4,7368.6,1,Average,7.28,13.53,2.25,34.39,6.21,114.68,3.55,4.66,42.14
1663.1,2,1.5,1.7,7580.4,2,Good,6.2,0.66,2.26,43.73,10.0,89.64,6.53,2.49,48.98
2371.5,4,3.0,1.5,11973.7,3,Good,8.79,0.4,2.86,30.44,10.0,127.82,4.89,3.09,74.67
1302.8,2,1.0,6.6,4614.8,2,Good,9.98,8.07,7.55,20.02,8.02,120.46,4.91,3.52,50.44
2564.6,3,2.0,0.7,10639.4,1,Average,2.37,0.54,3.9,69.84,9.69,30.0,6.17,2.7,53.06
1837.0,4,2.0,12.5,9430.2,0,Average,7.97,1.03,2.21,30.22,10.0,112.61,6.33,3.2,45.89
1752.5,2,1.5,9.0,8376.9,1,Average,4.89,5.38,3.81,50.79,8.85,85.69,4.93,4.59,58.45
2562.7,3,3.0,14.7,7575.6,1,Good,1.83,14.0,3.03,74.32,4.47,30.29,5.23,2.63,53.87
2334.4,4,3.0,6.4,13214.7,1,Average,7.43,2.33,2.15,20.84,10.0,117.82,4.09,3.22,64.29
1761.0,3,2.0,12.0,10106.0,2,Good,7.43,,0.24,29.87,10.0,111.1,4.16,3.6,59.42
2998.2,4,3.5,7.3,11165.3,1,Fair,7.72,6.22,3.82,8.84,9.66,122.93,6.63,3.75,72.26
1368.7,2,2.0,3.9,6417.5,2,Good,7.17,1.8,4.84,37.66,10.0,120.67,5.25,2.75,55.13
2478.9,3,2.5,18.9,14361.7,1,Fair,8.08,1.22,0.52,24.34,10.0,136.67,6.27,3.27,70.02
2459.2,5,3.5,20.1,8690.5,3,Fair,5.41,2.36,3.33,41.67,10.0,95.71,5.02,3.18,56.91
1793.0,3,2.0,31.8,8682.5,2,Good,6.97,6.4,5.79,29.27,8.54,101.07,5.66,3.63,62.93
2239.8,3,3.0,37.4,10317.9,2,Average,7.76,1.05,1.23,31.12,9.98,116.85,3.28,2.52,62.79
1289.6,2,2.5,21.9,5931.5,3,Fair,8.94,1.96,2.36,28.06,10.0,160.36,6.15,4.35,60.05
2761.2,4,3.5,20.9,14169.2,4,Average,6.58,2.08,2.53,36.48,10.0,114.45,5.17,3.59,70.6
1873.0,3,1.5,1.1,7254.5,2,Good,6.12,5.92,5.36,53.74,8.97,96.33,4.68,4.2,59.44
1664.1,3,2.0,2.1,5702.0,2,Average,6.4,3.81,1.44,43.01,9.91,96.5,5.89,2.97,54.17
2884.6,4,3.5,30.1,9441.3,3,Average,4.35,5.05,4.94,46.58,10.0,66.67,6.29,2.48,57.29
1561.6,3,2.0,4.8,7054.4,2,Average,7.89,3.98,6.38,31.13,10.0,99.06,4.75,2.68,54.98
1220.5,2,2.0,7.9,6236.7,2,Average,3.88,3.07,3.62,55.86,9.57,93.5,3.88,3.93,42.04
1158.8,2,1.5,2.8,5575.4,1,Average,7.2,0.65,1.93,23.14,10.0,114.54,7.03,3.07,51.25
2470.3,2,1.5,3.9,8148.5,0,Average,6.65,5.93,0.72,33.45,9.89,83.74,4.96,2.19,56.39
1276.5,3,2.0,26.9,8261.7,1,Average,3.71,3.19,2.24,53.68,10.0,65.89,3.09,3.54,39.63
3692.9,6,4.0,5.5,17694.4,4,Average,3.81,4.07,1.67,54.78,9.36,86.61,4.74,3.16,88.08
964.2,1,1.0,10.7,4182.0,1,Average,4.96,5.03,0.89,45.89,10.0,75.82,5.69,3.18,25.52
3618.3,6,4.5,3.0,15892.5,3,Average,5.88,1.4,4.49,43.94,10.0,81.23,5.11,2.12,80.07
2151.4,4,3.5,20.4,11894.2,3,,9.16,2.04,1.9,18.38,10.0,135.39,5.06,2.27,70.26
1931.7,2,2.5,23.5,8883.5,1,Good,6.3,2.69,3.6,46.28,10.0,106.67,4.81,2.99,56.03
1651.2,3,1.5,8.1,6253.9,2,Excellent,7.48,1.54,0.95,33.42,10.0,104.82,4.74,2.7,59.64
2297.8,4,2.0,27.6,10316.8,2,Average,8.78,1.16,2.09,13.84,10.0,117.58,3.79,2.97,71.88
1972.0,3,2.0,4.9,11930.2,2,Good,8.43,5.0,6.03,37.2,9.93,128.41,3.77,4.02,63.82
2940.0,4,2.5,21.2,12145.6,2,Average,6.49,4.68,1.87,32.15,9.64,83.86,5.6,2.6,74.04
2079.7,4,3.0,23.6,9225.8,2,Good,5.23,5.9,1.92,43.16,9.82,77.61,6.55,2.72,57.54
2106.1,3,2.5,62.3,9581.6,1,Good,7.4,4.02,2.7,33.91,10.0,108.39,4.9,3.0,52.66
1759.4,3,2.5,4.8,5615.7,1,Good,5.27,1.4,1.25,67.0,10.0,95.91,6.72,2.68,53.15
1958.8,2,2.0,1.8,8766.8,1,Average,9.77,1.47,3.4,14.9,10.0,131.33,6.41,3.24,63.15
2225.5,3,2.5,5.5,8646.3,1,Good,8.06,2.6,4.59,17.81,10.0,125.6,5.05,4.17,64.35
1098.2,3,1.0,2.4,3760.1,1,Good,6.88,5.98,3.14,17.81,9.07,120.39,5.9,3.18,38.7
1246.6,1,1.0,3.3,5768.9,1,Average,7.42,1.56,1.38,15.94,10.0,103.27,5.74,3.59,42.06
2591.9,4,3.0,7.3,7517.5,2,Good,6.82,4.85,2.06,27.97,10.0,148.56,4.64,1.8,68.17
2121.3,3,2.5,9.6,8231.8,2,Good,5.84,1.37,3.56,42.73,10.0,112.0,2.83,3.46,68.19
1873.6,2,1.5,42.1,6719.7,1,Average,7.4,1.52,4.36,17.11,10.0,113.89,5.35,4.51,50.67
2011.1,2,1.5,3.9,5915.1,3,Excellent,6.06,4.67,5.64,41.13,8.39,92.18,5.97,3.47,62.66
2256.7,3,2.0,64.2,11634.2,2,Fair,9.99,3.83,1.45,8.0,10.0,132.06,4.59,3.5,59.15
1654.2,3,1.5,29.9,9436.4,2,Average,5.25,0.95,5.13,35.0,10.0,108.67,7.41,3.61,43.2
1521.7,2,1.0,38.4,5921.9,1,Average,7.42,5.81,4.18,33.49,10.0,113.23,6.34,4.58,41.02
2140.0,3,2.0,47.7,9870.3,3,Excellent,5.09,5.11,4.49,42.85,8.87,63.4,3.58,4.42,54.89
1418.8,2,1.5,25.2,6025.6,1,Average,5.07,5.31,3.62,59.91,9.46,59.36,4.99,2.63,38.42
2305.1,4,2.5,28.0,10804.9,3,Average,3.29,2.23,1.18,55.24,10.0,64.35,4.28,4.3,59.7
1101.1,2,1.5,10.4,6108.7,2,Good,7.24,1.48,2.56,38.77,10.0,110.15,4.8,4.43,54.77
2864.7,4,3.0,12.9,10673.7,2,Average,5.54,6.27,0.51,62.66,9.09,75.89,5.92,2.12,54.56
2357.6,4,2.0,48.5,11099.3,2,Good,8.45,3.04,2.92,17.53,10.0,100.97,4.92,3.42,76.0
2185.5,4,3.5,8.6,7104.8,3,Good,7.24,8.75,1.96,53.12,8.93,80.82,4.57,3.79,58.08
2818.4,6,4.0,0.8,7791.8,3,Average,6.77,1.14,0.2,35.09,10.0,92.19,5.3,1.8,77.43
3579.3,5,4.0,25.9,19379.2,2,Excellent,3.96,12.09,1.25,50.52,4.66,65.47,6.04,2.89,80.58
2849.9,5,3.0,15.3,15209.3,2,Fair,7.55,,8.5,24.22,10.0,121.54,6.02,2.86,73.71
1049.1,2,2.0,30.4,5647.0,0,Excellent,5.31,1.75,1.31,41.76,10.0,84.22,5.88,2.92,46.92
1276.8,1,1.0,1.4,6584.9,1,,3.92,1.07,1.19,64.71,9.63,84.99,6.71,4.18,48.89
1605.7,3,2.0,17.5,7586.0,3,Average,7.27,10.93,4.91,39.38,5.9,117.13,5.1,3.36,49.4
2016.5,2,1.5,5.1,8941.4,0,Excellent,4.24,0.33,1.51,62.48,9.88,80.89,4.8,3.72,59.78
2395.1,3,3.0,42.0,8692.6,2,Fair,2.74,2.25,1.79,52.22,10.0,70.17,5.03,3.47,44.81
1550.0,3,2.0,2.1,7146.7,2,Excellent,8.83,1.66,3.66,21.88,10.0,107.19,4.31,5.25,60.2
2133.2,3,2.5,33.3,9098.4,3,Fair,5.49,0.76,2.42,31.88,10.0,80.64,4.28,4.15,50.95
1534.0,3,2.0,1.7,8216.0,3,Average,3.36,4.2,2.44,63.59,10.0,97.26,6.01,3.39,34.73
1613.2,3,1.5,0.5,8433.2,0,Average,4.77,7.51,1.26,48.2,7.99,53.14,6.11,3.2,39.04
1221.3,1,1.0,4.8,6799.6,1,Average,5.2,1.09,4.28,50.09,10.0,80.66,2.5,2.88,36.71
1446.5,2,1.5,7.3,7052.3,0,Good,8.56,2.4,3.48,15.3,10.0,130.1,6.23,2.67,49.42
1245.0,1,1.5,17.7,25683.75,0,Average,3.51,2.96,1.3,47.53,9.96,39.05,4.75,2.5,37.45
1420.0,3,1.5,2.5,6649.0,2,Fair,4.09,1.78,2.5,62.34,10.0,61.5,4.5,4.14,38.53
2889.3,4,3.0,10.4,13326.1,2,Good,8.26,8.34,3.98,26.7,8.12,147.99,4.84,2.73,80.85
1433.3,2,1.5,4.1,8387.3,2,Good,5.69,2.18,1.57,42.69,9.81,92.83,3.81,3.88,44.58
5020.7,6,5.0,34.8,24272.8,2,Good,6.91,13.2,2.68,16.69,5.08,96.43,5.02,3.02,99.74
2374.8,4,3.0,0.8,13368.9,3,Good,5.62,1.32,0.48,48.08,10.0,92.53,7.31,2.84,66.7
2131.7,3,2.5,7.9,10581.5,2,Good,10.0,0.44,3.88,8.0,10.0,131.93,3.5,3.15,79.01
1479.7,2,1.5,18.0,9035.0,2,Average,4.18,2.94,1.52,54.58,10.0,97.03,5.88,4.74,44.49
2553.2,5,3.0,44.0,10879.2,2,Good,7.01,5.75,2.74,29.62,8.87,91.72,6.27,5.68,67.83
1633.6,3,2.5,36.4,8722.6,3,Average,9.21,1.77,4.19,13.0,10.0,123.54,5.84,3.13,51.51
2085.4,4,3.0,40.6,7447.7,2,Average,5.83,0.86,3.18,47.33,10.0,71.1,6.89,3.06,57.01
4895.3,6,5.0,1.2,15106.7,3,Excellent,5.14,4.49,1.15,39.94,9.56,80.01,6.28,4.12,106.47
1932.1,2,2.5,33.1,9430.9,2,Good,7.88,1.21,1.82,24.22,10.0,113.19,5.94,3.51,51.78
2987.7,5,4.0,27.2,16779.9,3,Good,8.31,4.9,3.31,24.1,9.7,137.27,6.34,2.91,84.66
1562.3,2,2.0,41.9,5852.9,1,Fair,5.06,1.17,0.38,65.68,10.0,68.96,6.29,3.77,40.48
1973.9,4,1.5,6.7,7739.5,4,Average,9.13,,3.11,14.37,10.0,136.79,4.82,3.98,65.11
3713.7,6,5.0,43.7,15697.7,4,Good,6.59,7.2,1.21,41.6,7.66,102.02,5.89,3.22,84.5
1604.5,3,2.5,9.3,8584.5,2,Excellent,7.42,0.93,3.54,22.59,10.0,83.79,4.9,3.24,54.93
3768.2,5,4.5,18.1,14256.4,3,Average,9.18,5.7,3.03,30.2,10.0,120.4,3.73,4.69,98.26
2559.9,5,4.0,9.9,13223.7,3,Excellent,7.88,1.19,4.46,20.06,10.0,104.95,7.22,2.78,81.27
1641.1,3,2.5,10.0,9927.2,1,Good,6.5,3.66,4.07,31.85,10.0,123.31,4.59,2.99,51.1
2493.3,4,3.5,14.2,14210.7,2,Average,5.29,1.09,4.11,48.07,10.0,93.49,6.41,3.05,64.29
2808.5,4,3.5,7.9,10394.3,2,Average,10.0,0.59,2.59,8.0,10.0,142.03,5.79,4.67,78.47
2484.0,4,3.5,28.3,9200.1,2,Average,5.08,,2.45,61.55,9.59,30.0,4.21,1.92,51.0
1153.3,1,1.0,18.1,4494.5,1,Good,7.07,3.09,4.47,29.3,9.61,79.62,4.35,4.02,49.99
1549.2,3,1.5,21.1,5037.3,0,Good,7.42,1.84,2.4,34.19,9.94,120.5,5.64,3.38,49.94
1832.4,3,2.0,4.7,6005.6,1,Average,7.5,0.32,1.54,35.35,10.0,122.23,5.64,4.76,54.95
1946.8,3,2.5,62.9,11380.8,2,Fair,10.0,2.26,2.19,15.07,10.0,129.61,4.79,3.67,54.6
2483.0,4,3.0,19.4,10440.1,3,Good,6.59,0.72,2.5,40.7,10.0,101.12,3.46,1.8,68.75
2126.4,3,2.0,4.0,12088.0,1,Average,6.33,1.63,1.49,57.35,9.86,97.18,6.08,4.61,49.52
1252.2,2,1.0,25.0,7098.7,2,Excellent,9.29,3.02,2.12,17.6,10.0,134.25,2.5,3.22,56.3
2282.6,4,2.5,3.4,7571.9,3,Excellent,6.26,9.17,1.44,39.09,7.47,91.73,5.58,1.87,70.03
2474.3,5,4.0,1.2,14439.7,2,Average,8.08,2.49,2.15,25.1,10.0,129.3,6.45,3.1,79.91
2430.7,4,3.5,13.5,13356.7,3,Excellent,6.85,0.89,1.44,41.39,10.0,119.26,3.17,3.43,79.13
2916.9,5,4.0,14.5,12159.2,3,Good,8.16,9.55,1.47,43.41,8.63,105.38,5.38,2.61,88.32
2675.4,4,3.5,3.8,10290.1,3,Good,7.81,0.28,1.06,26.51,10.0,98.05,4.78,2.25,79.41
2346.6,5,3.5,7.7,9923.6,2,Good,5.77,3.49,5.11,35.27,10.0,80.26,5.41,3.62,61.12
1949.7,2,1.0,52.5,6735.6,1,Average,3.18,1.17,3.15,70.11,10.0,62.26,6.28,2.47,42.93
1117.3,2,1.5,6.0,5224.5,2,Fair,3.49,4.73,4.26,47.07,9.29,70.08,3.72,2.63,34.92
2322.4,3,2.5,3.0,7526.1,2,Excellent,3.19,1.49,0.79,61.58,10.0,72.69,4.95,4.42,62.38
2148.9,2,1.5,65.0,9877.7,1,Fair,6.34,1.99,6.19,37.78,10.0,111.46,5.02,3.15,50.27
2197.4,4,3.0,6.5,5609.3,3,Average,2.27,4.91,1.36,66.36,8.08,56.12,3.06,2.49,50.7
1278.1,2,1.5,20.5,5014.9,1,Fair,6.21,7.5,1.45,37.14,8.34,99.65,5.83,2.73,46.7
1368.7,2,2.0,4.7,5512.4,0,Average,6.74,0.85,6.35,17.91,10.0,125.6,6.99,3.69,39.1
2888.8,5,3.5,14.4,13647.6,2,Good,8.04,1.32,1.95,17.09,10.0,117.54,5.94,3.72,85.14
1970.7,5,2.5,8.8,8470.6,2,Average,7.41,0.21,2.18,35.35,10.0,118.45,5.34,3.9,64.22
2536.5,4,3.0,58.7,9373.4,2,Fair,8.12,6.41,0.48,8.0,7.82,122.9,6.17,4.0,65.82
2018.1,4,3.0,10.2,12151.7,3,Good,7.25,9.61,2.45,29.69,7.54,105.89,4.55,3.65,61.43
2019.1,3,2.5,15.8,9398.2,2,Excellent,5.92,1.25,1.21,37.92,10.0,90.72,4.23,3.86,70.91
2775.0,5,3.5,52.1,8409.3,3,Average,6.31,1.75,3.67,19.02,10.0,116.06,5.77,3.04,72.73
1668.0,2,2.0,65.0,8778.6,2,Good,4.97,1.99,3.38,61.04,10.0,80.86,5.45,2.56,40.81
2066.6,3,2.5,1.9,8216.1,1,Excellent,6.91,1.89,2.65,24.97,10.0,99.53,5.55,4.42,71.51
1699.7,4,2.5,32.4,5690.8,2,Fair,3.65,1.8,3.18,62.97,10.0,56.64,4.26,4.06,43.87
1716.3,4,3.0,8.7,8323.6,1,Average,8.42,2.27,2.31,16.72,9.96,127.73,3.54,3.19,59.65
1793.3,3,2.0,16.3,9591.5,1,Average,4.78,0.73,2.27,42.88,10.0,72.78,4.06,2.9,42.82
2159.7,2,1.5,8.5,11499.8,1,Average,6.78,0.39,1.12,31.19,10.0,107.58,4.26,5.11,66.43
1689.9,2,1.5,9.2,6386.5,1,Excellent,7.08,4.31,3.9,28.19,9.43,108.89,2.95,2.72,53.45
3101.1,6,4.0,3.1,17095.1,3,Good,8.59,6.2,6.64,19.09,9.38,117.83,5.72,3.57,87.95
1461.0,2,2.0,15.3,6251.2,1,Good,3.47,5.52,2.14,54.72,7.01,45.41,3.78,2.9,47.25
1871.7,4,2.5,14.2,11286.3,2,Good,5.91,3.35,2.81,33.79,9.06,78.6,3.72,3.09,54.92
1713.2,4,3.0,3.8,5717.0,3,Average,7.49,11.3,4.31,37.73,7.68,98.93,4.91,2.84,59.49
3315.8,5,4.0,14.0,13664.3,1,Good,9.65,0.2,5.52,13.58,10.0,121.94,4.2,1.8,82.86
2140.5,3,2.5,65.0,10188.5,2,Good,6.43,1.43,5.36,35.01,10.0,105.32,3.46,3.69,65.85
2867.4,3,2.5,22.6,9798.6,0,Good,5.43,1.39,0.57,33.13,10.0,117.26,3.59,3.89,79.81
1188.0,2,1.5,11.8,6173.1,2,Good,10.0,1.58,0.57,22.65,10.0,132.85,5.79,2.9,59.76
2194.0,3,2.5,44.6,10375.8,2,Fair,7.94,5.35,5.64,24.73,10.0,110.98,4.83,5.35,59.18
2728.1,4,3.0,15.4,7884.9,1,Good,8.97,1.59,3.18,8.0,10.0,120.0,3.54,3.61,81.91
2056.6,2,2.0,2.6,9919.6,1,Excellent,4.32,2.6,5.37,53.0,10.0,86.72,6.8,3.53,53.82
2901.3,4,4.0,14.3,13172.5,1,Good,7.44,3.25,3.17,21.79,9.59,116.51,4.42,3.69,71.96
1667.3,3,2.0,3.6,5799.8,2,Fair,4.55,6.17,2.92,57.83,8.57,77.09,5.78,2.96,39.53
3272.4,5,4.0,26.3,19094.1,2,Excellent,4.15,3.26,0.2,63.88,10.0,55.75,5.08,2.67,89.05
4467.6,6,4.0,61.5,24276.3,3,Fair,7.55,1.74,7.43,36.8,10.0,98.25,5.31,2.83,87.1
1759.9,4,3.0,8.1,6518.0,2,Good,7.67,4.0,2.84,22.85,10.0,115.7,5.22,2.99,65.96
1709.7,2,1.5,10.3,8101.1,1,Good,5.63,2.52,3.55,41.03,10.0,92.9,3.68,3.82,52.07
3323.2,4,3.0,9.9,13165.3,3,Excellent,9.08,2.61,3.78,18.21,10.0,129.17,7.67,3.12,86.14
3473.3,5,4.0,6.0,17894.2,3,Fair,5.84,1.51,2.08,46.79,9.6,101.42,4.36,3.86,91.33
1664.0,3,2.5,28.5,9963.0,1,Average,6.01,0.21,1.68,33.17,10.0,77.05,6.11,2.45,50.49
1724.9,3,2.0,17.3,6675.4,1,Good,6.44,1.61,3.91,36.46,10.0,103.25,4.33,2.92,58.61
1810.5,4,2.5,1.2,11280.1,2,Excellent,6.06,1.35,4.66,53.57,10.0,98.19,3.98,2.87,73.79
1248.2,2,2.0,32.9,5532.9,2,Good,8.8,0.54,4.16,15.63,10.0,112.78,6.71,1.8,48.02
1448.8,2,1.5,3.7,5178.1,2,Excellent,4.62,0.91,1.86,50.75,10.0,69.72,6.91,3.06,50.5
1406.1,1,1.0,65.0,9075.7,1,Average,5.14,12.86,2.42,65.77,6.05,93.84,5.7,2.62,33.91
1527.3,3,2.0,8.5,7076.6,3,Good,4.36,1.25,3.43,51.97,10.0,59.15,6.09,3.74,46.59
1974.1,3,3.0,17.2,8491.2,3,Good,9.89,2.54,1.71,8.0,10.0,173.23,3.82,3.95,75.23
2168.9,3,2.5,1.5,10415.7,2,Excellent,5.92,2.75,4.49,38.77,10.0,100.81,5.93,2.35,69.64
3438.1,4,3.0,7.6,13599.9,2,Average,5.12,2.83,3.95,59.7,9.92,83.04,5.91,3.22,78.18
1408.9,3,2.0,29.2,6143.3,2,Good,5.98,0.36,2.45,48.53,10.0,90.27,5.68,2.44,47.91
2820.1,4,3.0,11.7,16320.2,2,Average,8.03,4.92,5.83,14.98,8.33,128.36,7.01,3.64,59.27
1854.0,3,2.0,42.3,9522.8,3,Fair,7.69,4.39,2.15,30.69,9.85,107.73,2.69,2.88,47.68
1963.9,3,2.0,15.4,10969.1,1,Good,5.46,12.3,3.2,42.79,4.67,82.66,5.0,3.0,58.18
2530.5,3,2.0,47.5,10363.6,2,Fair,5.78,0.85,3.13,45.24,10.0,111.81,6.83,3.24,52.04
1348.9,1,1.0,65.0,6397.2,1,Average,3.88,2.78,3.41,51.46,9.42,63.02,3.98,3.61,38.89
2284.4,2,2.0,10.9,12348.1,1,Average,6.75,5.41,3.97,37.56,9.67,104.53,5.91,3.44,52.72
2118.1,4,2.5,15.0,8927.9,3,Fair,8.81,0.62,3.29,34.79,10.0,115.65,4.67,3.69,59.41
2374.1,3,2.5,32.4,,1,Good,5.45,5.19,5.41,22.33,8.83,91.33,5.3,3.94,60.94
2211.0,6,4.5,4.5,9991.9,3,Good,7.64,1.21,4.43,30.82,10.0,121.04,4.04,3.3,82.07
4719.0,6,5.0,35.6,18617.5,3,Fair,5.45,1.25,0.97,51.4,10.0,111.26,7.69,2.62,98.21
1598.5,2,1.5,16.1,5501.8,2,Average,4.53,9.52,6.42,39.8,7.76,63.95,3.94,2.2,40.4
1659.3,2,1.5,23.3,9585.9,2,Fair,7.72,1.41,1.87,23.12,10.0,93.56,5.06,2.83,44.61
1606.6,3,2.0,1.5,9699.6,1,Good,10.0,3.01,2.16,8.0,10.0,136.26,4.91,3.57,54.89
1645.1,2,2.0,26.2,7505.0,2,Excellent,7.48,2.06,6.08,23.5,9.65,102.36,6.38,2.36,51.55
1598.6,3,2.0,6.7,9544.4,2,Good,5.76,0.46,2.1,34.96,10.0,90.97,5.28,4.21,56.58
3029.5,4,3.0,29.4,15392.6,1,Good,5.87,9.82,1.64,36.62,7.04,99.83,3.47,2.61,70.39
3285.2,4,3.0,12.8,17774.1,2,Average,9.94,0.97,1.66,12.69,10.0,170.98,4.49,3.32,101.35
1636.4,1,1.0,5.8,5921.9,0,Good,7.05,1.2,0.93,44.2,10.0,99.78,2.82,4.51,46.91
1493.2,1,1.0,54.9,4194.6,1,Average,5.12,1.72,4.75,60.31,10.0,52.95,5.28,3.26,32.87
2356.6,3,2.0,26.1,7236.6,2,Good,6.39,2.41,1.91,44.93,9.02,95.13,7.16,2.58,67.16
1647.0,2,2.0,65.0,5048.4,1,Good,6.89,0.7,0.48,46.86,10.0,109.11,4.98,1.8,52.4
2493.7,4,3.0,8.2,9797.8,2,Excellent,7.34,3.38,1.98,47.21,10.0,95.89,5.57,3.7,66.76
2145.3,4,3.0,78.9,8195.8,1,Average,9.22,2.51,8.28,16.04,10.0,134.32,6.41,3.63,51.98
1175.5,3,1.5,17.0,4811.3,2,Fair,8.8,1.36,3.38,29.54,10.0,128.09,4.44,3.83,46.03
3434.5,5,4.0,20.9,10167.1,1,Average,6.86,3.98,4.51,35.98,10.0,107.49,6.41,3.48,72.18
3746.4,5,4.0,0.7,15805.0,3,Good,6.43,2.51,4.65,33.24,10.0,109.97,7.3,3.0,87.29
1612.5,2,1.5,6.2,5739.6,0,Good,7.21,6.08,0.74,30.07,9.63,106.79,3.25,2.81,64.86
1744.6,2,2.0,43.2,10171.2,1,Good,5.41,6.39,3.96,51.21,8.3,94.83,6.45,3.43,40.07
2208.5,3,2.5,9.9,5386.9,2,Fair,8.26,12.74,1.56,37.11,6.8,94.85,3.57,4.14,53.59
2246.3,3,2.0,58.2,12628.2,2,Fair,6.13,0.42,2.27,44.77,10.0,82.06,4.35,1.8,58.71
2516.2,4,3.0,4.3,15055.6,3,Average,7.38,1.86,1.62,26.44,9.84,105.13,6.44,4.1,74.32
4038.3,6,5.0,65.0,19618.5,4,Good,9.58,2.43,0.95,10.13,10.0,121.14,5.55,3.18,108.7
1878.2,3,2.5,21.5,9865.9,1,Average,7.5,1.05,2.72,13.35,10.0,111.29,4.7,3.27,63.05
1511.1,3,2.0,27.0,9824.3,2,Average,6.92,8.36,8.23,36.05,8.07,99.71,7.66,3.92,39.03
1233.0,2,1.5,9.1,4362.6,3,Good,5.57,0.5,4.08,45.9,10.0,82.67,4.84,3.27,48.15
1547.2,2,2.0,42.8,9063.0,1,Average,6.36,1.99,3.31,26.95,10.0,110.51,6.41,3.57,46.92
1975.2,4,3.5,14.2,10174.3,2,Good,4.46,0.86,0.76,54.87,10.0,77.41,4.86,2.17,50.31
3744.7,5,3.5,20.6,19339.8,3,Excellent,7.46,3.87,0.82,33.93,10.0,95.62,5.7,3.19,103.44
1667.1,2,2.0,1.8,7878.2,1,Excellent,2.66,4.11,0.2,54.0,9.37,47.12,5.74,3.78,43.39
2161.0,4,3.0,18.0,8963.6,1,Average,8.24,6.79,1.57,18.68,9.98,130.34,5.29,3.11,63.43
1986.7,3,2.0,38.0,10568.7,2,Average,7.82,1.88,1.9,36.68,10.0,117.69,3.64,3.15,56.98
3028.8,5,3.5,3.5,14782.1,3,Average,6.68,4.97,1.95,27.32,9.89,118.53,5.5,3.52,80.15
4838.8,6,4.5,24.1,24418.5,2,Fair,5.54,2.75,1.82,41.72,10.0,100.57,4.56,3.72,101.35
1659.4,4,2.5,0.5,5828.1,2,Excellent,6.47,5.55,0.65,37.89,10.0,93.97,4.7,4.54,63.54
1683.6,3,2.0,46.9,6974.4,1,Excellent,3.31,0.49,2.8,57.31,10.0,83.12,5.85,3.73,44.12
2879.7,4,3.0,65.0,12750.4,1,Fair,7.98,2.19,8.27,27.45,10.0,138.05,5.78,4.41,71.4
2536.8,3,3.0,7.9,9814.8,1,Average,6.21,0.72,1.58,48.45,10.0,71.36,4.37,3.33,61.86
3813.7,6,5.0,2.0,14080.6,2,Good,9.23,5.2,2.12,25.12,9.27,131.56,5.44,1.8,95.04
2451.3,3,2.0,19.3,8821.0,2,Good,7.21,0.73,4.81,28.8,10.0,100.17,5.22,3.08,57.2
1762.1,2,1.5,0.5,7449.5,1,Average,6.92,0.23,6.22,37.2,10.0,100.89,4.25,2.79,54.46
2457.1,2,2.5,11.9,9958.1,1,Average,7.22,8.69,1.67,38.35,7.34,96.62,4.32,3.35,68.16
2945.5,4,3.5,5.7,8513.7,2,Excellent,4.74,2.32,2.27,49.67,8.71,66.38,4.34,3.16,72.09
2662.9,4,3.0,11.5,14213.0,3,Good,5.69,13.68,2.93,34.62,6.02,103.03,5.19,3.6,74.53
2386.4,4,3.0,0.3,12294.0,2,Excellent,6.74,2.13,3.21,37.03,10.0,86.15,4.87,2.9,66.92
2902.5,4,3.0,1.0,15268.5,3,Good,5.96,3.06,1.52,34.86,10.0,94.79,5.43,3.56,71.33
3008.7,4,3.5,0.3,10079.3,2,Average,5.46,4.56,2.94,40.23,9.89,68.93,4.23,3.68,78.83
3241.4,6,4.0,17.4,15690.1,4,Average,5.99,1.25,4.35,39.21,10.0,111.68,5.01,3.43,80.53
2507.5,5,3.5,14.8,11490.0,3,Good,6.58,0.66,1.98,33.57,10.0,101.08,5.09,2.3,67.95
1884.7,2,1.0,4.8,10984.4,1,Average,10.0,3.66,4.06,9.35,10.0,150.43,5.56,4.07,64.08
2103.5,4,2.5,18.7,11038.2,2,Average,5.91,2.49,3.15,27.43,10.0,95.75,6.82,3.86,60.03
3048.1,5,3.5,38.8,14215.7,2,,5.28,5.81,0.81,43.99,9.08,82.18,6.38,3.26,70.85
1501.3,3,2.0,5.8,8682.6,2,Good,6.23,0.35,3.05,19.62,10.0,97.55,5.12,2.04,53.52
2273.4,4,2.5,32.1,7846.8,3,Average,9.2,2.72,2.56,8.0,10.0,151.94,3.45,3.63,63.64
1741.2,1,1.0,19.6,4894.2,1,Good,9.33,0.86,0.43,15.06,10.0,119.75,4.64,3.0,57.34
2018.4,3,2.0,0.6,9922.4,2,Average,10.0,3.27,0.88,23.19,10.0,104.31,6.21,2.99,65.89
3125.8,6,4.5,8.5,11317.4,4,Fair,6.61,4.77,3.04,40.51,9.34,90.0,5.14,3.34,82.33
2136.4,3,2.5,12.8,7940.8,2,Good,7.65,1.18,1.56,29.73,10.0,96.1,3.82,4.49,59.25
2030.9,3,1.5,23.7,9582.9,1,Excellent,4.61,2.3,6.59,45.42,10.0,91.57,4.97,3.51,52.28
1241.5,2,1.0,6.1,3454.4,2,Good,5.86,1.94,2.13,38.84,10.0,89.97,4.68,3.32,47.7
2594.6,2,2.0,65.0,12433.0,2,Fair,4.49,4.7,2.39,60.0,8.41,88.25,6.59,3.01,58.09
2504.7,5,3.5,20.8,14780.6,3,Fair,7.35,3.13,2.33,20.37,9.44,109.99,4.56,3.42,67.02
4260.5,6,4.5,8.4,15332.3,3,Excellent,6.57,0.61,3.73,29.39,10.0,100.67,5.66,3.4,97.34
1794.1,3,2.0,1.8,7369.3,2,Average,6.91,12.24,2.79,40.9,7.16,106.73,5.96,3.85,54.19
2157.5,3,2.5,3.6,7125.2,3,Excellent,4.98,7.99,0.64,42.04,8.0,102.95,3.84,3.0,51.91
2180.4,4,2.5,12.0,7190.4,2,Good,8.03,2.97,0.61,39.32,10.0,119.97,4.38,2.79,64.76
3470.7,6,4.5,12.3,10853.9,2,Average,2.17,5.01,0.82,72.23,7.61,65.45,4.73,3.07,74.37
1932.6,3,2.0,26.3,5967.5,0,Good,6.05,0.26,2.22,46.65,10.0,109.17,5.35,3.33,56.12
2203.2,3,2.5,23.3,9162.6,2,Average,6.31,0.92,1.6,24.45,10.0,95.26,4.55,3.38,62.2
2472.0,5,3.5,4.0,10028.5,2,Average,2.86,4.87,3.91,71.91,8.84,56.87,3.69,3.39,50.38
2133.1,2,1.5,16.3,10832.1,1,Average,7.19,0.56,2.47,24.33,10.0,102.41,4.09,2.66,53.92
1709.1,3,2.0,0.4,11071.1,1,Good,6.19,0.34,2.98,41.66,10.0,114.13,6.23,3.34,64.16
2138.7,3,2.5,9.2,11867.4,1,Excellent,7.51,3.26,5.05,26.75,9.92,98.19,7.48,3.91,63.82
2909.6,6,4.5,26.0,13346.0,2,Average,10.0,0.31,5.68,12.2,10.0,129.88,5.54,4.35,81.52
1395.1,2,1.0,9.2,,1,Fair,7.08,0.85,1.98,22.92,10.0,102.6,6.39,4.14,42.03
2093.4,4,3.5,32.5,11303.3,3,Fair,8.25,0.47,6.47,10.62,10.0,103.81,5.59,3.35,61.51
1563.9,3,2.0,65.0,6386.3,2,Fair,8.99,2.65,1.35,19.09,10.0,120.06,5.97,3.28,47.65
3035.9,4,3.0,16.8,9567.5,1,Average,7.39,3.82,2.27,24.76,9.7,125.84,6.01,4.33,78.34
1172.5,1,1.0,2.8,6253.2,0,Good,4.94,0.85,5.2,39.3,10.0,90.95,5.95,3.32,35.69
1643.2,3,2.0,8.6,7502.7,2,Excellent,3.55,2.22,4.34,45.36,10.0,59.91,5.59,4.05,54.17
2280.2,4,2.5,0.2,8396.9,3,Good,7.17,0.27,2.6,8.0,10.0,118.74,5.36,3.38,80.08
3456.2,6,4.0,16.6,20064.1,4,Average,5.78,1.18,0.89,41.88,10.0,120.61,4.75,1.8,89.96
1952.7,3,2.0,31.0,12841.3,1,Average,8.81,0.83,1.05,15.65,10.0,130.7,5.78,3.9,56.58
1645.3,2,1.5,17.9,7320.7,2,Average,5.64,0.78,0.82,35.0,10.0,109.8,5.54,4.12,54.91
3859.9,6,5.0,27.8,14806.3,2,Good,6.47,1.02,4.06,36.2,10.0,111.38,4.2,3.15,88.93
1203.7,2,1.0,29.0,5440.3,1,Excellent,4.41,5.44,1.91,60.15,8.94,71.64,6.51,2.53,34.55
925.6,1,1.0,34.3,5983.8,1,Average,5.88,9.77,4.13,42.25,6.97,95.39,6.29,4.54,29.71
2330.9,5,3.5,5.6,7416.0,1,Excellent,4.8,4.12,3.05,44.16,8.49,87.6,5.41,3.29,63.47
1676.2,3,2.0,36.9,8550.8,3,Excellent,4.97,0.44,0.97,65.66,10.0,71.69,6.5,3.14,48.84
1397.7,3,2.5,19.1,9700.3,3,Average,6.4,3.37,3.38,35.75,9.87,62.13,6.0,3.74,50.86
2560.4,3,2.5,6.2,8837.1,2,Average,5.41,4.44,1.72,34.13,8.36,75.51,4.72,5.45,64.38
2176.2,4,2.0,65.0,11726.8,2,Average,10.0,0.58,8.11,13.62,10.0,109.79,3.2,3.76,54.46
1640.2,4,3.0,54.0,9610.4,2,Average,8.0,1.32,2.13,23.54,10.0,106.53,3.17,3.53,61.86
1276.5,1,1.0,15.4,5796.9,2,Average,8.45,1.99,0.87,31.38,10.0,98.3,6.59,3.45,52.54
2711.8,5,3.0,33.4,14303.5,2,Good,6.3,1.39,5.24,31.55,10.0,109.78,5.17,4.64,74.3
2508.8,4,3.0,5.5,8442.2,2,Fair,6.69,2.54,2.54,34.95,10.0,85.38,4.79,3.8,68.33
1930.0,2,1.5,9.7,10625.5,2,Average,5.73,0.65,3.55,33.75,10.0,98.47,4.47,4.05,54.88
3813.6,6,5.0,3.7,18816.2,2,Good,10.0,2.08,2.24,14.37,10.0,150.73,5.27,3.63,98.45
1374.0,3,2.5,13.2,4867.5,2,Good,6.3,4.43,2.63,37.19,9.88,107.32,6.21,3.8,50.47
1171.5,1,1.0,12.3,6364.0,0,Excellent,5.41,2.18,0.68,44.9,10.0,61.1,4.31,3.19,51.18
1568.4,3,2.5,4.3,8354.9,1,Average,5.14,0.96,5.01,42.93,10.0,99.86,5.3,3.53,51.02
1966.6,2,1.5,20.1,8654.8,1,Average,7.1,5.38,1.99,30.28,8.93,112.58,8.12,2.89,59.49
2175.8,2,2.5,2.3,7734.7,2,Fair,9.06,1.8,0.63,8.0,10.0,140.42,7.2,3.02,73.86
1836.4,3,2.0,1.1,7333.6,1,Average,8.46,1.97,3.45,27.13,10.0,147.87,2.74,3.77,63.08
2260.2,4,3.5,8.7,10379.0,2,Fair,5.14,1.62,4.21,53.55,10.0,95.21,3.2,2.87,57.71
1289.4,2,2.0,9.5,7921.6,1,Average,5.09,1.29,0.74,48.7,9.58,67.03,7.19,3.5,40.17
3312.0,6,4.5,6.9,18304.3,3,Good,8.74,3.15,8.5,17.1,10.0,134.69,6.19,3.12,89.01
1941.6,3,2.0,5.4,8328.9,3,Good,10.0,0.87,4.24,8.0,10.0,118.95,5.26,2.56,63.48
2954.4,5,3.5,67.4,14188.0,2,Average,6.24,4.89,2.17,51.63,8.94,95.87,5.78,3.57,75.64
2252.9,4,2.0,3.2,8899.9,3,Good,8.67,2.3,2.51,32.0,10.0,117.68,4.85,3.98,75.94
2344.6,4,3.0,9.3,6361.5,2,Good,3.86,7.08,4.61,58.87,6.47,69.54,4.47,2.41,45.97
2439.2,4,3.0,42.3,11449.9,2,Fair,4.98,9.14,3.22,56.34,7.18,61.16,6.0,3.86,59.13
2337.2,5,3.5,4.6,10731.7,2,Fair,4.68,1.75,1.38,61.69,9.34,59.33,5.09,2.56,56.95
2502.3,3,1.5,20.8,11839.6,1,Good,7.24,0.75,4.2,39.08,10.0,101.99,6.15,4.42,63.73
3181.8,6,4.0,2.8,16711.7,2,Excellent,6.18,2.45,5.94,31.7,10.0,92.93,4.6,3.83,86.87
2140.5,3,2.0,7.9,9765.0,2,Excellent,6.93,1.21,1.35,30.71,10.0,98.72,5.98,2.41,62.14
2561.0,3,2.5,7.0,11644.5,2,Good,8.69,1.98,2.04,20.41,10.0,145.29,5.54,4.04,73.57
1936.4,4,3.0,49.8,5996.0,2,Good,5.32,1.72,1.74,45.56,10.0,92.16,3.73,2.94,51.35
3307.8,5,4.0,10.1,20377.4,2,Good,6.67,2.12,1.19,39.81,10.0,107.24,6.82,2.68,85.15
1577.0,3,2.5,21.1,8590.5,2,Good,4.09,2.41,6.2,59.78,10.0,66.7,3.65,3.94,43.88
3753.1,6,4.0,16.6,20233.7,3,Good,8.59,3.36,3.28,24.17,9.33,104.35,6.66,4.31,96.18
1970.3,3,2.5,2.7,8761.1,2,Good,8.47,0.21,5.8,8.0,10.0,122.39,5.7,3.76,60.1
1211.0,2,1.5,50.5,6250.4,0,,7.15,1.15,2.7,37.14,9.72,132.54,5.9,3.12,45.82
2089.8,4,3.0,7.6,7163.3,2,Average,6.72,0.8,4.25,40.43,10.0,105.37,4.66,3.53,56.15
1574.4,3,2.0,0.8,5400.3,3,Good,5.58,4.17,0.77,57.36,10.0,104.8,4.79,2.96,58.75
2681.8,5,4.0,6.4,12262.5,2,Average,3.99,5.91,1.2,48.87,8.99,88.21,5.2,3.27,70.42
1590.1,1,1.5,7.4,9563.2,1,Good,7.05,4.34,4.12,15.88,8.81,113.91,3.78,3.71,43.84
1709.3,3,2.0,1.8,5910.5,2,Average,7.86,11.96,1.71,23.6,6.2,118.49,5.83,2.33,56.23
1031.4,1,1.0,17.4,3856.3,1,Good,10.0,0.46,4.45,14.51,10.0,126.17,4.81,3.73,36.46
1705.6,4,3.0,7.7,7586.5,3,Good,5.79,2.2,3.82,37.91,10.0,88.69,2.87,2.34,52.96
855.5,2,1.0,17.9,3622.9,1,Good,6.99,7.55,2.24,43.62,8.95,100.29,7.28,2.44,40.48
1147.8,2,2.0,0.1,6798.5,2,Good,8.51,1.43,2.67,14.69,10.0,127.44,5.49,3.89,52.78
2607.5,5,3.5,65.0,13947.9,3,Average,8.56,5.39,2.12,21.68,9.05,103.64,5.56,2.77,76.98
2630.8,3,1.5,3.4,10620.7,2,Good,5.38,2.84,2.63,43.16,10.0,79.34,4.44,2.66,69.63
2319.0,5,3.5,19.4,11533.9,2,Average,6.0,12.5,4.95,61.05,4.64,99.63,5.57,3.18,52.82
1424.5,4,2.5,22.6,7793.1,2,Fair,5.55,1.68,1.01,36.83,10.0,79.05,6.01,2.96,43.03
1965.1,3,2.5,3.4,11542.6,2,Good,4.88,1.93,0.64,54.24,10.0,68.26,3.6,3.57,67.22
1995.7,4,3.0,2.1,10477.0,2,Good,9.15,0.77,2.65,8.0,10.0,119.13,5.86,3.53,68.93
1332.2,2,1.5,3.0,6384.2,2,Excellent,6.61,0.76,1.26,38.08,10.0,97.23,4.03,2.66,45.77
3381.9,5,4.5,5.1,10326.8,3,Good,6.37,6.51,1.85,33.11,8.06,64.88,3.78,2.12,77.54
2716.4,4,3.0,3.3,9361.0,1,Fair,6.95,1.87,4.3,42.4,9.97,94.43,4.23,3.25,68.0
1849.5,3,2.5,20.2,6365.4,1,Average,6.6,3.3,4.48,40.66,9.5,114.2,7.51,4.23,47.17
2017.1,3,2.5,9.8,8765.8,2,Good,6.1,4.67,2.25,40.37,9.69,99.71,6.06,3.35,70.2
2149.4,4,3.0,13.9,13188.9,1,Good,5.13,2.05,2.85,34.28,10.0,89.87,5.18,3.14,58.91
977.9,2,1.5,0.9,4728.6,2,Good,9.32,10.04,2.8,17.02,7.21,106.56,7.07,4.7,43.21
1832.6,2,1.5,35.6,10242.4,1,Fair,5.47,9.11,3.17,41.77,6.79,82.15,4.19,3.96,37.47
1573.9,3,2.0,3.4,7584.6,2,Average,4.83,3.85,6.72,55.26,9.56,78.87,4.07,2.1,49.84
1407.3,3,1.5,8.0,5491.1,2,Good,6.35,14.0,0.99,28.83,7.7,104.58,4.19,3.19,46.19
1811.0,3,2.5,1.3,10962.9,1,Fair,10.0,0.21,4.37,16.57,10.0,155.55,7.27,3.57,66.62
3748.8,6,4.5,2.6,15021.9,3,Good,5.02,0.23,2.48,53.07,10.0,96.11,6.16,2.6,94.7
2500.6,3,3.0,19.7,12474.5,1,Good,7.78,0.42,1.22,16.04,10.0,106.24,4.3,3.18,74.36
1636.1,3,2.5,21.2,6252.7,2,Good,6.06,9.4,2.05,38.28,6.91,86.78,4.44,3.42,50.57
2441.6,3,2.5,20.3,14537.9,0,Good,6.94,3.17,2.45,29.61,9.38,124.59,5.51,3.23,60.95
3261.0,4,3.0,14.5,15721.0,2,Good,8.16,8.61,0.7,31.8,7.95,113.8,3.95,2.49,74.63
2761.8,4,3.5,54.9,15227.9,2,Average,3.4,0.63,2.52,55.52,10.0,49.0,5.0,4.5,54.06
2040.3,3,2.5,12.7,6442.4,2,Average,4.89,0.3,1.96,49.97,10.0,78.3,4.11,3.6,55.91
1593.3,2,2.0,10.7,6647.1,2,Average,8.13,2.71,1.56,29.87,10.0,137.44,5.12,2.76,66.66
2551.4,4,3.5,5.1,14051.9,1,Average,6.68,0.82,7.42,37.93,10.0,89.1,6.1,4.06,64.12
2293.2,4,3.0,1.9,11939.8,2,Good,6.88,6.49,1.81,18.7,8.51,98.13,7.12,3.34,71.9
2733.4,4,3.0,14.3,8065.3,2,Average,7.78,1.95,0.44,23.52,10.0,102.39,3.48,4.14,76.93
2495.7,3,2.0,6.8,9273.8,2,Average,4.9,4.91,3.59,53.49,10.0,94.72,5.86,3.32,59.08
2885.2,5,3.5,13.4,12559.4,3,Good,8.4,2.53,2.69,27.09,10.0,125.62,5.95,2.29,79.36
1656.8,2,1.5,4.2,,1,Excellent,7.98,2.61,0.63,8.0,10.0,129.68,4.95,2.6,59.37
3168.7,5,4.0,32.8,15347.8,2,Good,6.93,3.86,6.57,31.46,10.0,126.59,4.55,4.26,77.12
2141.3,4,3.0,65.0,,1,Fair,7.34,1.51,2.36,39.45,10.0,88.27,4.55,4.17,58.07
4131.3,6,4.5,7.0,16455.4,3,Good,8.6,9.71,1.87,25.42,8.1,113.24,3.16,2.4,103.9
1569.9,3,2.0,33.3,7269.0,2,Excellent,5.43,1.84,4.23,49.79,10.0,81.39,6.06,4.44,47.46
3668.7,6,5.0,37.1,15636.3,3,Good,7.69,1.82,4.5,43.09,10.0,114.4,4.36,4.17,88.29
2141.5,3,2.5,65.0,11009.1,1,Fair,9.64,4.13,2.11,10.73,9.75,142.94,3.36,2.92,59.23
1590.8,4,2.5,7.6,10294.5,2,Average,7.65,3.44,5.26,30.25,10.0,106.13,5.56,3.34,60.19
1686.9,3,2.0,25.4,6224.1,2,Average,6.1,14.0,1.84,32.41,6.12,85.46,5.54,1.8,47.1
1786.3,3,1.5,4.7,9352.9,1,Excellent,10.0,,0.39,8.0,8.92,153.39,6.13,2.87,74.27
2318.0,4,3.5,17.6,8008.5,2,Excellent,6.92,1.27,0.79,29.01,10.0,112.17,7.2,3.24,65.86
2399.4,4,3.0,22.0,8685.5,1,Average,9.02,0.54,2.41,22.91,10.0,133.12,5.24,3.63,66.73
1634.7,3,1.5,24.3,5420.8,2,Average,5.74,0.56,3.9,39.11,10.0,60.98,4.87,3.31,54.44
1981.2,5,3.5,4.2,7132.2,2,Good,8.42,1.64,5.29,29.01,10.0,138.75,4.77,3.5,74.93
4229.3,6,5.0,34.0,14528.2,3,Average,5.52,2.28,4.24,34.13,10.0,91.01,4.88,2.67,85.3
3657.9,6,4.5,9.8,13034.0,3,Average,7.08,3.44,5.07,36.71,10.0,104.18,4.39,3.64,83.14
2327.9,4,3.5,4.4,13278.7,3,Good,5.41,6.44,0.65,49.8,7.73,75.72,4.72,4.66,67.63
2025.0,4,3.0,14.1,10806.2,2,Fair,9.92,14.0,4.32,12.91,5.93,130.24,4.41,3.73,65.65
2083.9,2,1.5,35.8,11594.3,2,Good,6.1,1.88,4.03,48.12,9.94,82.7,4.06,3.43,51.18
2476.8,3,2.5,61.5,11241.6,1,Fair,4.51,2.72,4.88,48.26,9.42,48.85,7.11,2.84,48.48
1396.9,2,1.5,24.8,4219.7,1,Fair,6.67,3.14,1.51,32.08,10.0,90.27,6.72,3.13,46.2
1826.1,2,1.5,0.1,8324.2,2,Good,7.47,2.82,3.03,23.38,9.59,88.48,3.15,2.42,59.19
1114.3,1,1.0,2.6,3945.1,2,Average,6.45,0.5,1.6,36.27,10.0,98.35,5.55,2.32,42.91
2297.8,4,2.5,1.4,9374.9,3,Average,5.04,0.59,2.15,47.8,10.0,66.8,5.13,3.35,69.07
2506.2,3,3.0,1.9,12300.7,2,Good,8.37,7.23,0.2,27.2,9.32,131.44,5.36,3.82,72.54
1687.3,2,1.5,8.7,8807.9,1,Good,8.77,3.8,1.76,24.44,9.92,102.51,3.6,2.76,65.12
3466.5,6,4.0,7.4,13119.8,4,Good,3.53,3.83,1.88,61.72,8.53,82.36,3.17,4.3,81.32
1301.1,3,2.0,2.2,4877.6,2,Excellent,4.92,5.6,4.61,44.71,9.81,93.31,5.14,2.98,42.66
1196.9,1,1.0,38.5,2882.8,2,Average,6.21,0.48,1.93,42.94,10.0,81.52,4.79,3.33,41.23
2161.5,4,3.0,17.2,6465.8,1,Good,5.54,1.92,1.55,57.63,9.95,87.44,4.6,4.11,57.01
2882.7,5,3.5,28.7,9553.6,3,Good,7.45,1.11,3.43,19.22,10.0,98.68,4.97,3.17,70.97
3602.5,6,4.5,8.4,17245.3,3,Excellent,9.81,3.66,2.57,8.0,10.0,145.93,5.86,3.87,110.93
1701.7,4,2.5,9.5,,2,Excellent,5.81,0.97,3.31,43.0,10.0,117.06,6.17,3.83,60.41
2914.7,6,4.0,6.9,15327.6,4,Good,9.34,3.97,2.68,8.0,9.91,148.92,4.12,2.89,88.58
1971.4,3,2.5,10.4,8732.2,2,Good,3.86,1.77,2.55,45.87,10.0,59.73,4.22,2.91,53.39
1881.0,3,2.5,17.0,5651.5,1,Average,7.32,2.05,3.06,33.59,9.96,110.79,5.37,4.32,63.4
2722.4,4,3.5,12.2,13331.9,2,Average,5.43,5.65,3.91,33.25,8.34,108.75,6.55,4.39,74.53
2510.7,4,3.5,32.8,11999.2,2,Fair,7.36,1.57,3.0,40.65,10.0,116.97,4.96,3.87,62.94
1150.9,3,2.0,41.5,5630.7,1,Average,3.34,1.15,4.58,59.25,8.46,77.53,5.36,2.75,33.75
3350.2,4,3.5,11.4,17904.3,3,Excellent,4.19,6.28,2.55,50.55,8.28,82.26,3.7,4.05,78.6
3239.0,5,4.5,4.9,8975.1,3,Average,7.36,3.9,2.66,22.54,10.0,110.66,2.78,3.19,88.01
1605.3,4,3.0,52.3,5617.7,2,Fair,5.37,1.86,2.97,46.16,10.0,85.74,7.74,2.45,40.35
2295.1,4,2.5,23.9,,2,Average,5.92,,1.65,29.45,10.0,76.11,5.5,2.92,51.77
2375.4,4,3.0,18.4,12853.5,2,Average,9.81,1.57,2.85,8.0,10.0,127.04,4.08,3.23,69.15
2189.1,4,3.0,24.6,7504.7,3,Good,6.75,2.76,4.97,22.93,10.0,89.97,2.84,4.21,69.77
1648.1,3,2.5,1.4,4378.2,0,Average,8.12,0.68,6.56,33.12,10.0,113.49,6.79,2.8,49.04
1579.6,4,2.5,1.3,10653.3,2,Good,5.13,7.22,1.56,38.53,8.35,85.43,4.16,2.68,57.9
1980.4,3,2.0,3.0,7690.6,2,Excellent,4.09,2.78,3.73,42.73,10.0,70.48,4.16,3.04,59.38
3012.3,6,4.0,2.9,10476.4,4,Excellent,6.35,1.76,3.82,35.76,10.0,101.1,4.41,3.31,81.05
2416.9,6,4.0,9.8,10299.9,3,Average,3.82,2.91,2.53,72.75,9.49,78.2,5.35,3.9,61.61
1755.1,3,2.5,3.1,10523.4,2,Good,5.24,0.76,3.64,54.69,10.0,79.47,5.9,3.83,52.27
2617.8,4,2.5,34.7,8558.6,2,Fair,6.93,0.46,3.72,24.84,10.0,115.0,4.87,1.8,61.8
800.0,2,1.0,15.5,5047.8,1,Average,6.3,2.74,4.47,28.79,10.0,113.38,4.05,3.13,29.12
2987.1,5,3.0,8.3,14816.6,3,Average,7.1,0.43,1.04,24.1,10.0,112.49,7.73,3.49,78.33
1086.9,3,2.5,1.3,4875.9,2,Good,7.58,3.66,1.81,21.17,10.0,104.55,4.66,2.75,49.44
1760.1,3,2.5,16.1,9145.4,2,Average,4.35,5.35,2.93,54.8,7.83,88.25,5.21,2.81,47.46
1350.3,2,1.5,2.2,8450.4,0,Average,4.8,14.0,4.48,45.08,4.9,87.01,3.55,3.87,39.75
1270.1,1,1.0,24.5,5374.1,1,Average,2.58,4.89,1.48,55.51,9.22,63.32,5.84,3.91,34.53
2999.8,6,4.5,29.2,9951.7,2,Fair,5.83,11.89,2.16,27.52,6.11,113.57,6.4,3.27,63.54
1696.5,3,2.5,14.1,8988.1,1,Excellent,7.83,0.27,0.91,42.89,10.0,124.93,4.25,3.7,60.25
2255.8,3,2.5,2.9,11385.5,2,Average,9.18,2.82,2.68,18.65,10.0,152.66,3.18,3.75,72.12
1965.6,4,2.5,27.8,8235.0,3,Good,6.84,0.78,2.88,26.53,10.0,101.61,4.78,2.58,66.58
2361.3,3,2.0,6.6,10557.4,1,Average,8.97,1.1,0.67,27.42,10.0,122.14,7.29,2.59,65.21
2052.7,3,2.0,4.5,10745.8,2,Average,7.19,4.44,2.05,19.34,9.6,123.78,4.5,3.11,59.69
1275.3,2,1.5,11.4,6472.8,2,Excellent,6.69,1.13,0.52,34.82,10.0,88.17,7.99,2.88,44.66
2831.9,6,4.0,46.1,15100.0,3,Average,5.4,0.83,2.18,38.93,10.0,113.53,4.58,2.95,75.22
1681.1,2,1.5,6.4,5524.5,0,,2.21,1.69,0.94,67.54,10.0,68.6,3.19,3.33,46.09
1158.9,1,1.0,42.5,6140.3,1,Average,8.7,0.48,2.3,11.36,10.0,126.3,4.64,3.33,40.89
1720.1,2,1.5,1.0,,1,Average,6.4,0.71,8.5,35.47,10.0,115.47,3.14,1.8,48.4
3378.8,4,3.0,1.6,13579.1,2,Excellent,9.0,0.71,2.22,8.0,10.0,137.76,4.41,3.47,97.6
2690.8,5,4.0,21.6,12059.6,3,Good,4.79,1.02,1.77,47.84,10.0,62.03,5.62,3.21,70.16
1768.6,4,3.0,3.8,5636.8,4,Good,10.0,6.75,1.52,21.25,8.99,128.57,4.69,3.57,64.35
1768.3,3,3.0,6.9,5722.3,1,Excellent,6.05,1.32,4.12,46.85,10.0,98.6,6.41,2.92,59.41
1785.5,4,3.0,2.6,8479.2,2,Good,5.25,1.22,2.97,39.34,10.0,87.66,4.61,2.92,63.74
4133.4,6,4.5,7.3,20560.7,3,Average,6.11,0.63,6.36,24.25,10.0,113.62,3.56,3.11,100.18
2284.0,4,3.5,5.9,12636.2,2,Average,6.81,0.25,3.79,15.43,10.0,107.51,5.36,4.2,69.99
2322.8,3,2.5,24.0,10355.4,3,Average,6.37,0.76,0.53,43.75,10.0,80.54,5.04,3.09,70.31
2865.8,4,3.0,21.8,10497.8,2,Excellent,5.57,4.31,4.09,45.9,8.01,81.45,5.17,4.23,76.22
2172.4,2,2.0,55.8,8903.5,1,Average,3.25,11.4,1.72,62.17,5.71,72.82,3.8,4.13,42.44
1825.0,3,1.0,23.2,10627.1,3,Excellent,5.05,4.56,3.07,63.29,10.0,57.58,5.49,3.15,56.24
1865.5,3,3.0,21.4,7705.1,2,Good,8.43,6.34,3.98,24.66,10.0,102.23,6.73,3.02,61.1
1948.7,4,3.0,21.3,9327.1,3,Good,4.92,5.14,1.47,50.18,9.39,76.32,3.75,3.04,54.55
1972.3,3,2.5,38.6,8228.0,1,Good,3.41,1.32,3.56,46.42,10.0,77.18,3.1,3.29,58.79
2577.7,4,3.0,6.3,8564.7,2,Good,4.6,4.4,3.21,63.49,9.06,74.87,3.5,2.98,72.19
2034.9,3,2.5,6.4,11408.6,1,Good,6.34,4.64,3.68,34.85,9.89,104.37,5.17,3.95,66.5
2582.3,4,3.0,24.3,7588.1,3,Average,5.13,1.16,8.32,39.55,10.0,84.1,3.43,2.92,64.42
1942.5,4,3.0,4.7,8192.1,3,Average,6.0,8.31,1.47,41.45,8.23,91.99,5.56,4.05,61.46
2054.0,2,1.5,43.8,,1,Average,5.06,14.0,6.42,63.72,6.26,74.07,5.59,2.7,36.06
992.9,2,1.5,13.8,3911.6,1,Excellent,8.32,2.84,2.59,37.62,10.0,132.41,5.6,2.15,53.37
2753.7,5,4.0,6.4,12713.0,2,Fair,7.38,1.42,0.88,23.38,10.0,92.35,8.05,2.05,65.97
2255.8,3,2.5,26.9,10379.2,1,Fair,10.0,1.62,5.85,19.0,10.0,136.73,3.15,2.99,63.34
2833.6,4,3.5,6.7,13566.0,2,Average,5.81,2.99,4.71,41.7,10.0,107.89,3.32,2.79,60.21
800.0,1,1.0,59.5,4840.7,2,Good,5.99,0.22,5.62,48.8,10.0,83.15,6.61,2.76,33.05
4150.3,6,4.5,65.0,20524.9,2,Average,8.63,1.38,4.26,24.41,10.0,102.46,5.79,4.14,99.02
1902.9,3,2.5,19.8,7452.0,2,Average,7.2,,1.2,38.87,10.0,78.21,6.46,2.85,63.6
2945.0,4,3.5,2.2,13170.2,1,Good,4.81,3.33,6.83,58.03,9.98,89.59,2.95,1.93,69.96
1388.6,3,1.5,5.5,6398.3,2,Fair,7.5,3.16,8.5,12.91,10.0,121.54,3.7,3.82,49.93
2476.2,6,4.0,13.0,11747.6,3,Good,7.21,3.06,4.18,33.78,10.0,103.14,6.28,4.4,73.06
1382.0,2,1.5,34.3,6642.2,1,Average,3.27,0.72,1.39,52.98,10.0,44.82,5.02,3.74,45.6
1606.3,3,2.0,3.7,10443.4,2,Good,5.33,9.46,5.07,41.15,5.37,84.22,6.65,2.9,48.07
3904.6,6,4.0,2.0,12693.0,4,Good,6.84,2.64,0.58,31.16,10.0,120.18,4.74,3.53,106.41
1869.2,4,2.5,1.4,11374.3,2,Good,9.1,2.8,2.05,10.07,10.0,111.92,4.97,2.8,74.69
2156.2,3,2.5,12.7,7368.0,2,Average,7.76,2.71,1.11,19.78,10.0,129.01,7.72,2.67,65.92
2709.5,5,3.5,38.9,10947.3,3,Good,5.48,2.58,5.38,35.07,10.0,64.34,4.06,3.25,64.68
2376.7,3,2.5,0.8,9267.9,1,Good,5.23,9.12,2.61,42.56,7.2,69.17,6.01,3.36,53.01
2106.2,3,2.5,4.3,11187.5,1,Fair,7.94,3.15,2.47,28.76,10.0,117.79,3.48,3.25,63.44
2270.5,3,2.5,21.3,7834.8,3,,2.13,2.32,3.0,74.17,8.95,62.79,4.25,4.65,51.17
4634.1,6,5.0,31.5,26051.3,2,Fair,5.05,4.85,0.57,38.12,8.1,103.64,6.01,3.43,90.02
1958.3,3,2.5,29.6,9629.5,3,Fair,9.04,1.13,4.51,25.46,10.0,142.81,3.64,4.12,66.9
2143.9,4,3.0,27.7,10797.5,1,Good,7.03,0.88,2.38,33.69,10.0,127.63,6.16,5.07,65.67
2886.3,4,3.5,2.5,12383.4,3,Average,5.13,2.05,0.38,57.24,10.0,86.59,4.96,3.04,75.52
2942.3,5,4.0,9.1,15935.1,2,Good,4.34,0.25,1.72,39.01,10.0,66.16,4.13,3.51,84.75
3027.4,5,3.5,65.0,16519.2,2,Fair,8.01,1.31,5.91,24.77,10.0,133.71,5.08,4.01,70.16
2498.8,3,2.5,65.0,9946.9,3,Average,6.64,1.94,3.55,37.27,10.0,120.45,4.56,3.49,52.38
1339.4,2,1.5,16.6,6710.7,1,Good,6.11,2.97,4.1,23.4,9.89,108.25,4.42,3.19,44.86
3539.4,6,5.0,22.2,14468.7,3,Excellent,7.17,2.71,4.02,48.91,9.66,116.07,4.66,5.16,99.54
1337.8,2,2.0,54.4,7795.2,2,Average,6.8,1.67,3.2,26.05,10.0,122.64,3.67,4.3,47.24
2221.5,4,2.5,10.8,8597.3,4,Fair,6.66,1.55,2.54,38.31,10.0,106.36,3.26,1.82,62.17
1534.6,4,2.0,2.6,8480.5,1,Average,4.12,0.2,3.68,61.25,10.0,72.05,2.86,4.42,46.7
1953.8,3,2.0,19.9,6904.6,1,Good,4.65,7.01,2.43,49.33,7.73,88.66,5.75,4.6,49.88
2241.9,3,2.5,58.0,9321.7,2,Fair,7.85,1.04,4.32,35.8,10.0,121.93,5.68,4.3,54.78
2236.1,4,2.5,21.5,10847.6,2,Fair,7.51,1.62,2.54,42.58,10.0,123.72,4.33,3.96,60.39
2316.2,3,2.5,29.3,12681.4,1,Average,7.19,0.27,1.68,21.86,10.0,105.81,5.06,4.56,69.71
3515.0,6,4.5,9.9,20309.2,4,Average,5.44,10.26,2.59,43.13,7.0,100.34,6.72,4.06,94.04
2341.9,4,3.5,1.8,10709.2,2,Average,7.88,2.38,1.26,31.17,10.0,127.6,4.51,3.83,68.23
1834.5,2,2.0,3.3,7987.4,1,Good,5.83,0.28,4.39,27.37,10.0,95.06,4.91,3.5,54.04
2800.2,4,2.5,65.0,8498.7,3,Average,8.84,1.13,2.75,27.75,10.0,116.19,7.33,2.6,66.04
3030.0,6,4.0,12.2,14224.2,3,Good,5.16,6.97,3.73,57.49,7.49,101.66,5.63,2.37,81.15
1300.3,2,1.0,0.2,5801.0,1,Average,5.55,1.71,5.23,55.2,10.0,71.94,6.2,3.98,44.47
2462.9,4,3.0,56.0,10810.0,2,Average,6.23,3.94,2.04,42.91,8.71,83.21,5.98,3.97,58.01
2554.0,5,3.5,12.4,12649.4,2,Average,8.03,3.24,2.78,36.2,10.0,119.64,5.76,3.37,69.68
1800.6,3,2.0,32.6,7281.9,2,Fair,6.44,2.24,8.5,43.28,10.0,63.91,4.4,2.76,52.1
3234.1,5,4.5,14.3,9333.4,2,Average,6.57,5.93,6.97,22.07,9.53,122.13,4.13,2.55,76.9
1896.0,3,2.0,1.9,9817.3,1,Fair,5.8,0.33,0.6,36.87,10.0,91.85,5.94,3.13,54.74
2088.0,4,3.5,17.2,9126.5,1,Excellent,6.98,7.99,2.38,27.44,8.61,126.85,5.78,3.93,54.12
1880.7,3,2.5,65.0,7369.4,2,Average,6.37,4.25,2.99,33.15,9.4,123.54,5.46,5.08,55.76
2009.1,3,2.5,0.6,5848.2,1,Average,5.09,6.58,3.56,45.94,7.04,81.35,5.52,3.38,50.89
1361.4,2,1.5,33.2,,0,Average,6.73,0.25,2.29,29.02,10.0,121.27,4.35,3.62,46.27
1207.1,2,1.5,4.8,4347.5,1,Fair,6.77,0.48,3.8,37.2,10.0,88.03,3.9,4.24,44.13
3491.5,5,3.5,9.0,17544.8,2,Excellent,10.0,0.94,4.5,20.51,10.0,146.07,4.39,3.35,101.83
1485.6,3,2.5,8.4,6977.8,2,,5.4,3.08,3.47,46.58,10.0,80.47,4.92,3.68,42.06
1412.4,4,2.5,41.2,7022.1,2,Average,4.99,0.51,1.8,51.04,10.0,92.13,4.55,4.02,40.33
940.4,1,1.0,12.6,4168.0,1,Good,7.0,8.78,2.48,12.89,8.14,117.88,6.92,4.23,48.88
1597.8,2,1.0,10.7,7866.7,0,Average,4.71,4.62,2.0,50.55,9.26,76.96,6.82,3.44,35.68
1257.5,1,1.0,30.7,6640.1,0,Fair,4.57,5.47,4.4,58.15,8.67,85.17,6.14,3.04,25.48
3550.0,6,4.0,0.9,17443.9,4,Fair,3.91,3.01,1.73,63.72,9.36,83.23,6.54,3.55,85.54
2845.3,5,4.0,1.6,13347.9,3,Good,5.11,3.39,0.86,55.14,9.34,86.35,3.78,2.13,76.4
1570.5,2,1.5,0.4,10135.5,2,Excellent,5.15,1.0,1.85,44.12,10.0,119.77,5.99,3.62,56.75
4395.6,6,4.5,21.0,13936.9,3,Average,4.19,7.91,0.91,56.78,6.47,71.27,5.16,4.05,94.35
2817.5,5,4.0,13.4,11972.9,3,Good,6.05,3.55,2.27,30.98,9.61,117.75,4.69,4.67,74.82
1783.5,2,2.5,37.6,10138.1,1,Good,2.24,1.93,0.84,72.85,9.07,66.81,4.89,4.09,41.87
833.1,1,1.5,12.4,1500.0,1,Fair,7.39,7.03,3.29,26.81,9.05,83.89,4.9,1.8,36.16
4455.2,6,4.5,4.5,12124.8,2,Excellent,5.5,6.58,1.76,46.27,8.12,109.13,4.78,4.44,99.72
1228.6,1,1.0,29.4,4362.0,0,Good,5.76,0.2,2.81,39.85,10.0,106.3,4.52,4.5,47.02
1123.4,1,2.0,6.3,6605.6,1,Good,7.56,8.48,0.72,27.65,8.52,113.5,3.73,2.71,44.55
2858.1,6,5.0,49.4,9878.6,4,Good,7.17,1.65,6.35,38.05,10.0,112.61,3.47,3.1,77.63
4693.4,6,5.0,5.2,14839.5,3,Good,5.37,1.95,1.98,47.99,9.88,93.61,5.64,4.48,102.45
3243.8,6,4.0,3.3,14146.5,4,Good,7.31,0.49,2.31,29.52,10.0,128.36,2.5,3.44,90.27
2434.2,4,3.5,12.2,10433.8,2,Excellent,9.29,6.92,2.2,11.31,9.25,126.03,7.34,2.96,68.48
2460.6,4,3.0,0.9,7536.5,2,Average,4.68,2.68,1.53,59.69,10.0,101.0,4.52,2.84,61.5
2693.8,5,3.5,0.7,9911.3,2,Good,7.86,7.76,3.73,29.93,8.32,100.18,3.22,5.38,73.65
2606.1,4,3.5,12.3,11299.0,3,Excellent,4.5,5.06,2.62,59.85,9.29,52.07,5.77,3.99,72.37
2204.9,4,3.0,4.4,11781.0,2,Fair,8.62,7.5,3.16,19.34,8.39,132.39,5.05,3.19,67.91
2072.4,3,2.0,0.2,10777.5,2,Good,5.22,9.68,1.22,37.78,8.62,102.64,4.16,4.47,62.2
1954.9,2,1.5,6.3,11091.9,0,Good,5.15,7.15,1.48,49.11,8.5,81.71,4.57,3.33,51.64
1534.7,3,2.5,11.7,7077.9,2,Fair,8.57,0.95,3.0,19.09,10.0,91.84,5.1,4.31,49.93
1811.2,3,2.5,9.0,7783.6,1,Good,7.8,0.43,0.76,31.89,10.0,93.81,6.39,3.84,61.58
1104.9,2,1.5,2.6,6136.6,0,Average,5.28,3.3,0.63,18.14,10.0,91.8,2.5,3.15,51.87
1930.6,2,2.0,15.6,9011.2,1,Good,6.73,0.74,3.52,30.8,10.0,102.25,5.55,3.77,53.53
1413.7,3,2.0,22.3,6784.9,3,Average,5.22,6.56,0.82,43.14,7.44,103.03,7.01,3.8,45.74
1358.0,3,2.0,20.3,7473.7,3,Average,3.63,9.63,4.41,49.7,6.58,67.8,4.3,4.0,35.34
2128.1,4,1.5,9.0,12109.4,2,Excellent,6.84,0.61,0.9,37.3,10.0,93.3,6.02,4.62,67.53
3252.6,5,3.5,2.7,10226.5,2,,5.86,1.06,1.13,36.7,10.0,96.7,5.94,5.06,78.97
2755.7,3,3.0,12.5,7053.3,1,Good,4.8,3.34,1.59,46.88,10.0,94.39,7.27,3.71,66.7
1153.2,3,2.0,39.8,3174.8,2,Good,8.85,4.33,0.67,11.25,10.0,145.67,5.46,1.97,49.8
1413.2,2,1.5,11.4,6606.2,1,Average,4.86,2.5,6.9,56.14,7.91,79.32,5.97,4.06,36.21
2777.4,4,2.5,3.9,9376.8,3,Good,6.76,1.67,3.99,38.02,10.0,103.67,6.37,3.2,65.19
1416.8,3,2.5,1.8,8338.2,2,Average,8.44,1.37,2.34,22.07,9.85,133.01,5.88,2.13,58.08
1847.1,4,3.0,51.9,5130.1,2,Average,6.04,3.71,1.48,40.98,9.81,83.97,4.22,3.92,54.66
2422.4,4,3.5,24.5,9871.6,1,Excellent,5.18,4.57,3.64,64.75,10.0,94.87,4.4,3.73,64.0
1423.8,3,1.5,6.8,,2,Good,7.04,1.29,1.59,30.8,10.0,102.66,5.49,2.8,53.15
2073.3,4,3.0,6.3,12036.9,1,Good,7.32,1.46,0.7,24.06,10.0,108.12,6.15,2.51,74.16
1252.7,1,1.0,100.6,5823.8,1,Good,8.08,2.17,1.49,14.38,10.0,117.93,5.57,4.45,55.2
1618.9,2,1.5,3.5,9179.2,2,Good,9.87,2.11,0.91,17.22,10.0,140.3,4.06,3.78,70.26
2234.8,4,2.5,13.8,13692.6,3,Fair,5.68,6.12,1.18,51.8,8.8,117.08,4.93,2.81,61.02
1144.2,1,1.0,22.5,6495.8,1,Excellent,6.85,2.04,1.98,27.06,10.0,97.24,3.67,3.9,48.42
2331.3,4,3.0,9.1,8238.4,2,Fair,4.22,12.47,2.2,51.47,4.39,67.63,5.85,3.08,44.14
1984.5,2,1.0,0.7,6939.9,3,Excellent,7.7,1.39,4.36,21.33,10.0,133.8,7.38,3.81,55.01
2424.5,4,3.5,4.7,8569.4,2,Good,6.83,3.98,4.35,31.48,10.0,109.78,5.78,3.64,75.28
2161.1,3,2.5,41.8,11189.2,1,Average,6.18,4.75,2.57,22.74,10.0,106.8,3.05,1.8,58.0
3221.0,5,4.0,13.3,9036.6,3,Average,5.39,3.39,3.1,52.35,9.15,72.53,5.32,3.48,89.52
2087.7,3,2.5,30.4,4515.1,2,Excellent,5.87,1.66,1.86,49.59,10.0,95.99,5.18,3.28,56.09
1719.4,2,1.0,14.6,9270.2,1,Good,6.93,1.15,2.43,15.91,10.0,115.99,4.62,2.84,58.49
2085.6,5,3.0,51.8,11487.4,3,Average,4.76,3.17,2.98,64.11,9.66,70.31,2.95,2.45,59.25
2416.7,5,3.5,43.2,11436.2,3,Average,5.95,3.64,2.67,51.8,10.0,102.19,5.73,3.24,59.06
2032.7,2,2.5,11.9,7602.7,2,Average,6.53,1.15,7.12,11.29,10.0,97.23,6.24,3.14,54.62
2026.8,4,3.0,6.9,10871.4,3,Good,3.73,1.51,2.73,40.43,10.0,58.84,4.23,3.89,58.93
1562.9,2,2.0,16.6,7278.0,1,Average,4.61,,0.81,47.31,7.37,92.17,4.22,3.29,41.95
1584.4,3,2.0,20.2,6159.3,2,Good,5.31,5.52,4.97,53.35,8.94,102.02,4.85,3.47,48.94
1223.0,2,1.5,12.4,7020.5,1,Average,9.32,0.85,4.17,16.43,10.0,134.01,7.12,3.65,50.2
3686.2,5,4.5,31.1,20200.3,2,Good,5.0,8.87,3.03,46.48,7.85,88.86,4.89,3.05,71.14
1292.9,3,2.5,3.6,3542.2,2,Excellent,6.4,3.36,2.31,38.86,10.0,117.14,4.36,2.65,54.58
1567.9,3,2.0,7.3,7366.4,2,Good,4.63,2.4,3.38,44.13,10.0,72.67,4.76,5.06,52.57
1554.0,2,2.0,20.9,7577.3,0,Good,5.1,0.92,2.03,55.96,10.0,88.56,5.84,3.34,46.26
2733.2,3,3.0,5.1,9776.4,1,Good,3.91,4.39,0.44,55.21,9.44,64.51,2.97,3.24,74.01
1802.2,2,2.0,10.4,9519.2,1,Fair,7.71,8.31,0.92,15.23,8.15,99.37,4.94,4.46,54.71
3092.4,4,3.5,59.7,12654.1,1,Good,4.11,0.41,2.15,48.11,10.0,66.79,4.82,4.82,68.91
1578.6,3,2.5,17.7,7434.0,1,Average,8.13,2.55,0.84,28.2,10.0,102.78,5.08,4.48,59.63
2203.2,3,2.5,53.6,11439.5,3,Good,7.34,6.91,3.28,26.31,8.32,115.39,4.43,3.11,71.73
1491.6,2,2.0,23.1,6068.6,1,Good,6.36,9.95,0.75,34.91,6.31,87.38,3.74,3.66,45.37
4233.6,6,4.5,23.2,13471.1,3,Fair,8.19,0.44,1.27,26.87,10.0,99.65,6.23,3.84,100.06
1318.6,3,1.5,16.1,6262.3,1,Average,10.0,5.21,1.13,10.82,10.0,150.4,3.18,5.08,65.77
2227.1,4,3.0,2.8,7465.9,2,Good,7.36,1.26,3.14,18.23,10.0,119.12,6.92,3.72,67.36
2494.4,4,3.0,13.2,8655.1,2,Good,4.48,2.7,4.75,61.35,10.0,71.94,5.58,3.75,55.24
2309.6,5,3.0,5.2,8804.3,2,Good,9.18,5.1,1.01,13.18,9.39,140.42,5.95,2.64,76.27
1872.7,3,2.5,65.0,10433.0,1,Average,6.84,2.72,5.04,37.9,10.0,92.32,5.27,2.46,56.23
1909.4,3,1.5,5.6,8232.3,3,Excellent,10.0,0.57,5.22,10.6,10.0,134.79,6.5,4.42,68.06
2029.1,2,3.0,4.7,11542.3,1,Good,5.59,3.06,2.96,38.67,9.08,94.98,5.79,3.66,64.26
1898.0,3,3.0,17.6,7927.8,1,Excellent,8.81,0.6,1.66,23.8,10.0,140.76,6.64,3.74,62.71
2800.0,5,3.5,12.9,13464.4,3,Average,6.5,1.57,1.84,37.02,10.0,94.39,6.13,4.21,72.86
4331.6,6,4.5,0.4,24625.1,2,Good,10.0,2.81,1.17,10.79,10.0,131.66,6.43,4.04,111.29
1644.0,3,2.5,2.5,5972.6,1,Average,5.99,14.0,1.14,18.01,5.06,107.68,4.41,3.94,48.26
1237.2,2,1.5,30.0,6383.0,1,Good,10.0,4.35,1.39,14.73,10.0,148.58,4.78,3.88,49.65
1937.4,3,2.5,11.9,9666.0,3,Average,7.29,1.36,3.54,28.11,10.0,110.94,5.22,3.5,59.1
4929.0,6,5.0,2.8,25258.8,2,Good,8.02,6.89,1.79,28.23,7.82,133.82,5.2,3.56,103.96
1508.3,2,1.5,11.3,7933.5,0,Average,9.56,1.02,3.16,22.42,10.0,162.2,5.83,4.09,59.43
3546.4,6,4.5,5.3,13750.4,4,Average,5.08,1.75,1.07,52.45,10.0,88.57,4.38,2.7,85.67
3594.6,5,3.5,4.6,12786.8,2,Good,8.24,3.53,0.46,23.93,9.25,111.55,5.19,2.61,96.23
1646.2,3,2.0,56.9,4539.5,2,Fair,5.97,1.89,1.79,36.6,9.31,100.65,5.89,3.46,43.6
2438.5,3,2.5,8.1,10434.5,1,Fair,6.77,4.38,0.5,55.25,10.0,91.4,3.09,3.51,54.03
3533.1,6,4.5,0.9,20159.6,3,Good,6.65,3.56,0.99,36.38,10.0,118.86,6.36,3.94,94.64
1749.9,3,2.0,63.3,10468.4,3,Fair,7.53,3.72,5.65,30.78,10.0,101.78,7.45,3.23,43.81
1860.8,2,2.0,28.5,8028.7,1,Average,7.45,1.94,2.31,27.36,10.0,108.02,4.19,2.82,59.85
1630.1,4,2.5,5.3,9874.7,3,Average,5.46,0.38,2.16,37.81,10.0,76.12,6.83,3.85,53.04
1400.9,3,2.0,9.5,8725.8,2,Good,6.72,6.8,4.28,18.11,9.33,104.88,5.45,4.41,61.37
1592.0,2,2.0,35.7,8847.1,0,Average,2.3,0.45,1.76,79.38,9.42,54.47,4.23,3.67,33.21
1302.0,2,1.5,8.0,4339.9,2,Excellent,8.28,2.2,1.94,14.74,10.0,130.64,6.11,2.31,56.79
2022.2,4,3.0,15.1,7766.6,2,Good,9.55,1.35,1.59,10.89,10.0,136.49,7.33,3.61,71.91
1526.2,3,2.0,13.8,9541.0,2,Fair,6.84,1.32,3.06,32.2,10.0,104.34,4.76,1.95,48.54
2168.6,2,2.5,9.2,12561.1,2,Average,3.61,1.02,2.0,70.07,10.0,58.47,4.03,3.37,48.04
1159.1,3,2.0,18.4,6166.4,2,Excellent,7.84,1.21,2.06,19.94,10.0,111.12,2.74,1.89,54.33
2243.5,3,3.0,11.5,8234.9,2,Average,5.13,10.15,1.3,50.55,7.4,64.44,5.04,3.08,44.91
2675.1,4,3.0,0.4,13701.6,2,Good,6.83,11.65,3.71,35.0,5.25,123.04,5.38,3.78,66.27
994.5,3,1.5,30.3,6507.6,2,Good,7.73,2.91,2.84,15.46,10.0,112.62,7.2,3.19,44.28
2277.7,4,3.0,2.2,11890.3,1,Average,7.48,2.58,1.83,13.69,10.0,134.03,7.25,4.26,73.67
3070.8,5,3.5,11.2,14478.7,4,Excellent,8.45,,0.96,15.47,10.0,120.43,4.47,3.56,92.56
1308.5,1,1.0,15.6,6317.7,0,Average,6.76,5.41,4.34,38.88,9.27,76.15,6.09,2.56,36.07
3588.2,6,3.5,22.0,15295.2,4,Fair,6.81,0.8,4.39,35.05,10.0,97.03,3.93,4.08,82.02
2313.8,3,2.5,9.5,8192.2,2,Excellent,7.83,0.69,2.87,24.73,10.0,114.97,5.28,3.92,68.64
1561.3,2,1.5,23.9,8809.7,1,Good,6.37,1.97,2.19,41.81,10.0,99.19,5.06,4.36,55.01
1959.6,3,2.0,2.5,8013.9,2,Good,5.26,1.57,0.81,37.12,10.0,94.99,4.24,3.93,53.68
2429.4,5,3.5,19.1,11810.0,2,Average,7.31,0.53,1.23,27.91,10.0,111.54,5.07,3.75,66.92
2052.1,4,2.5,31.5,8073.3,3,Average,4.47,0.71,2.41,50.79,10.0,71.66,6.13,2.66,45.22
2412.9,4,3.0,39.6,13478.9,2,Good,6.35,14.0,1.62,31.73,4.86,85.27,6.41,4.01,61.01
1447.7,3,1.5,15.6,7073.3,1,Good,4.02,4.45,0.68,73.62,9.58,65.54,5.04,3.29,49.96
2120.2,3,2.5,6.8,8291.9,3,Good,5.5,3.12,3.87,25.0,10.0,96.73,5.1,4.0,64.8
1218.3,2,2.0,3.2,5483.7,2,Good,5.58,1.36,3.09,51.22,10.0,101.14,3.18,5.07,52.54
1921.9,3,2.5,7.6,6231.2,2,Excellent,4.73,,2.13,56.69,10.0,69.94,5.5,4.31,54.52
1456.3,3,2.5,14.0,7330.3,1,Good,8.48,3.36,2.34,25.49,10.0,136.63,4.91,3.61,59.75
1544.7,3,2.5,3.9,7208.3,0,Average,8.33,5.11,1.64,21.65,10.0,128.79,5.1,3.46,52.38
3079.8,5,4.0,54.9,12176.4,4,Fair,8.87,9.56,1.68,29.96,7.36,114.53,4.67,3.09,70.86
2927.7,4,4.0,40.9,16649.9,2,Good,6.16,0.62,4.38,34.29,10.0,99.32,4.16,1.8,73.9
2473.0,4,3.0,0.6,13067.2,3,Average,5.72,0.88,0.61,44.16,10.0,95.95,4.24,3.43,70.8
1363.3,2,1.5,14.9,7701.4,2,Average,7.95,2.88,6.05,27.14,10.0,101.48,4.46,3.01,56.72
1788.7,2,2.0,28.0,11227.1,1,Good,6.73,9.12,0.23,34.4,6.94,83.39,3.74,3.64,56.49
3055.2,5,4.0,5.1,8778.8,3,Good,6.72,2.13,2.12,34.22,10.0,108.94,5.52,3.01,81.23
2099.8,3,2.5,13.4,6212.4,3,Good,1.92,3.42,2.17,63.61,7.68,40.73,5.82,3.57,56.84
4499.7,6,5.0,9.4,20169.9,3,Average,7.86,1.31,2.33,17.56,10.0,136.58,5.05,4.33,115.0
2293.1,4,3.0,3.9,9095.2,3,Excellent,7.62,5.54,2.7,36.97,8.69,136.76,5.39,3.52,71.99
2137.1,3,2.5,17.2,,0,Good,6.49,3.17,1.46,58.06,10.0,106.25,4.95,2.59,60.97
1793.3,3,2.0,65.0,6704.7,3,Average,7.97,,3.4,27.16,10.0,129.96,6.46,2.78,47.17
2093.8,3,3.0,8.2,9299.2,1,Average,7.58,2.7,3.62,35.91,10.0,97.87,5.26,3.92,61.83
1894.4,3,2.0,14.5,10596.8,3,Good,5.25,4.0,5.03,49.49,9.79,66.68,5.51,3.96,50.15
2560.2,5,3.5,7.2,11720.4,3,Average,6.1,0.97,3.08,42.61,10.0,93.22,6.08,2.75,60.16
2792.9,5,3.5,37.7,15840.4,3,Excellent,4.69,1.54,1.66,55.99,10.0,60.88,5.17,3.38,76.32
1517.6,2,1.5,36.0,8247.2,1,Average,9.13,1.12,0.91,23.55,10.0,134.33,6.73,4.08,53.2
1254.0,2,1.0,3.5,4592.6,1,Average,8.26,10.51,1.65,36.01,7.83,109.01,4.47,4.69,41.09
1050.8,1,1.0,41.4,4501.3,0,Good,5.03,0.34,2.21,39.44,10.0,85.57,7.1,3.53,25.89
2387.0,4,2.5,3.0,9432.7,2,Average,7.61,0.39,2.55,50.2,10.0,110.14,4.98,3.25,64.98
1358.1,3,2.0,1.8,8014.0,3,Good,7.0,1.61,1.9,31.96,10.0,114.44,4.48,3.12,53.57
940.6,1,1.5,19.0,4664.8,2,Good,5.27,2.67,2.07,45.65,9.89,90.12,3.47,3.51,39.52
2289.3,3,2.5,8.8,8211.4,1,Good,6.72,1.48,3.34,31.41,9.34,96.67,6.16,4.44,55.26
4781.7,6,5.0,13.6,26638.6,3,Average,8.05,6.42,3.77,23.04,8.7,98.36,4.8,3.51,109.35
1994.0,4,3.0,19.0,9973.4,2,Average,8.19,0.79,6.33,27.56,10.0,121.48,5.36,3.77,64.94
2679.7,5,4.0,1.0,9356.2,3,Average,10.0,1.65,2.22,17.22,10.0,115.61,5.49,2.33,74.43
2056.3,2,1.0,6.2,7409.1,1,Good,6.67,2.34,1.98,36.87,10.0,119.15,4.66,4.6,52.15
1930.2,4,2.5,11.1,10779.5,3,Good,6.07,0.92,3.09,34.45,10.0,102.23,6.38,4.4,66.66
2756.4,4,3.0,5.6,15477.4,3,Excellent,7.51,1.3,2.95,8.0,10.0,123.19,5.7,3.18,81.9
1805.2,2,1.5,0.9,6228.4,1,Average,6.17,9.62,1.8,25.49,7.21,82.39,4.26,3.32,52.94
2194.2,3,2.5,1.6,8227.9,3,Good,5.45,2.55,2.92,43.22,10.0,92.63,3.72,4.28,64.82
2236.3,3,2.0,29.1,12648.2,3,Average,4.83,6.72,7.31,52.17,8.24,71.25,6.06,5.61,50.44
1581.6,2,1.5,43.6,9240.8,2,Average,1.0,1.2,1.79,73.81,9.29,38.59,4.93,2.14,38.93
2827.7,3,2.5,3.0,15495.7,1,Average,7.82,3.23,0.78,21.84,10.0,100.98,5.97,3.02,78.6
1879.5,4,2.5,5.2,8730.2,2,Average,3.55,4.81,1.96,60.59,8.37,64.68,4.93,3.1,51.65
1533.8,3,1.5,19.0,9565.8,2,Fair,4.92,1.95,0.77,49.19,10.0,62.24,5.43,4.18,46.63
2411.0,2,1.5,55.5,9884.4,2,Fair,7.03,3.34,1.31,28.2,10.0,103.56,6.09,3.67,54.17
1459.0,3,2.0,6.4,5884.7,3,Average,5.92,6.57,2.39,29.96,7.66,70.07,3.55,3.02,50.69
2018.0,3,2.0,34.8,9734.0,2,Excellent,10.0,,1.17,8.0,10.0,164.46,7.05,2.34,77.12
1991.8,4,2.5,12.7,8434.6,4,Good,3.78,1.6,4.97,63.51,10.0,70.75,5.61,4.16,59.69
2922.1,5,3.5,56.5,15524.9,3,Average,10.0,5.76,1.64,8.0,9.12,140.08,2.95,3.25,72.41
2359.4,4,2.5,2.6,7460.7,2,Excellent,8.99,1.04,4.44,21.07,10.0,137.79,6.68,2.53,76.2
1980.8,3,2.0,65.0,10796.1,3,Average,8.14,2.8,0.82,36.6,10.0,100.38,6.29,2.89,58.97
2660.4,5,3.0,10.5,8678.0,3,Good,9.09,2.04,0.89,11.08,10.0,118.61,4.99,3.08,85.54
3250.5,4,3.0,55.0,16717.4,2,Average,7.23,3.7,2.02,25.76,10.0,115.56,6.74,3.18,81.16
2429.0,4,2.5,11.0,7173.1,2,Average,3.43,3.73,1.15,66.6,8.31,66.75,4.5,2.62,58.09
2005.4,4,2.5,13.6,9802.0,3,Average,7.43,2.96,1.03,39.78,10.0,100.33,5.06,2.63,55.81
1262.5,3,1.5,29.4,7744.1,2,Average,3.83,9.59,2.65,49.69,6.5,78.17,7.78,5.18,32.88
1376.4,4,3.0,23.1,4322.1,2,Average,5.55,0.82,0.86,29.46,10.0,93.05,5.77,3.65,44.98
1795.7,2,2.0,17.4,6291.6,1,Good,6.36,5.97,4.13,45.99,8.27,105.21,6.39,3.09,43.58
1614.3,3,2.0,9.7,7368.6,1,Good,4.86,2.35,3.01,52.18,10.0,86.35,6.1,3.68,55.88
1871.6,3,2.0,28.3,10121.9,2,Average,8.2,3.67,3.05,27.17,10.0,109.79,3.68,3.52,56.01
2038.2,4,3.0,53.3,7952.5,2,Fair,6.12,1.22,4.24,46.1,10.0,94.26,5.53,2.72,60.69
2405.2,4,3.0,0.2,9847.7,3,Good,7.24,0.52,3.12,23.78,10.0,82.22,5.43,1.96,69.46
1949.5,3,2.5,16.0,7976.5,1,Average,6.48,5.01,1.68,39.85,9.69,92.4,6.5,3.0,49.97
2369.1,5,4.0,36.2,14339.3,2,Good,6.73,1.13,3.65,32.14,10.0,98.93,6.85,3.26,70.26
2043.8,3,2.5,19.1,8345.4,1,Fair,4.9,1.78,1.87,51.6,9.98,90.17,6.62,3.32,49.85
1000.8,1,1.0,29.0,2533.3,2,Good,4.39,0.36,2.3,57.28,10.0,82.62,4.68,2.03,36.39
1438.3,2,1.5,40.6,6512.9,1,Good,6.22,3.56,2.38,46.9,10.0,86.04,3.62,5.26,43.53
1899.9,3,2.5,25.0,8664.9,1,Good,4.76,3.92,0.79,55.0,8.33,68.91,5.75,5.2,48.87
1308.5,3,1.5,22.7,5027.7,2,Average,9.01,7.62,4.27,16.53,8.37,146.89,5.1,3.73,46.52
2465.1,4,3.0,60.2,14468.5,2,Good,4.02,7.29,4.2,57.28,6.92,67.14,4.04,3.42,50.64
3414.4,6,4.5,35.9,15617.5,3,Fair,10.0,4.11,1.47,11.94,10.0,141.6,4.43,2.98,93.61
3061.2,4,3.5,30.4,12994.0,2,Average,7.04,1.44,1.2,25.3,10.0,117.0,5.14,3.83,77.74
1854.4,3,2.5,1.6,9170.4,3,Good,6.62,1.7,2.34,31.95,10.0,100.07,5.48,3.31,62.8
3366.9,5,4.0,4.9,17918.6,3,Excellent,5.53,1.74,4.47,46.57,10.0,86.44,4.59,4.34,89.96
2104.9,3,2.0,14.6,8452.4,3,Fair,7.68,0.64,0.93,32.5,10.0,108.93,5.18,4.09,63.07
1775.8,3,2.0,22.3,6963.3,3,Average,6.13,9.62,1.13,34.16,7.02,88.39,5.12,2.76,59.74
1612.1,3,2.0,6.5,5579.7,0,Excellent,7.04,5.65,5.93,22.78,9.14,107.97,5.5,2.88,55.55
1797.5,3,2.0,1.8,10410.8,2,Fair,8.02,0.7,0.31,13.9,10.0,91.66,4.13,4.13,51.56
1744.4,3,3.5,6.7,9501.2,1,Good,7.7,9.57,1.57,17.11,7.14,108.55,4.43,3.92,57.21
2121.0,3,2.5,26.5,10010.3,3,Average,8.73,6.13,3.62,13.59,9.41,132.98,6.68,2.57,57.1
2113.7,3,2.5,37.8,8229.1,1,Average,7.47,8.24,4.92,24.11,8.38,116.81,4.92,3.06,56.46
2000.3,3,2.0,43.9,10163.2,1,Good,4.79,1.28,4.55,44.08,10.0,99.81,5.72,3.28,49.8
2328.4,4,3.0,8.6,12173.0,1,Good,2.76,1.51,1.19,53.06,8.63,68.42,3.86,3.37,62.97
3031.2,5,3.5,8.4,11975.6,2,Excellent,6.88,2.23,2.82,17.66,10.0,109.83,6.51,3.35,78.89
2785.9,4,3.0,9.4,14180.8,3,Average,6.91,1.01,3.59,33.62,10.0,104.82,6.47,4.07,74.22
1188.3,2,1.5,8.5,4999.9,2,Average,9.97,2.2,2.96,11.24,10.0,133.23,5.53,3.51,50.23
817.4,1,1.0,19.7,4496.2,0,Good,6.29,0.23,8.5,41.44,10.0,104.4,4.52,3.46,33.44
2771.1,5,4.0,8.0,8839.2,4,Average,7.17,6.92,1.2,36.6,8.24,112.03,3.62,2.83,75.97
1238.4,1,1.5,0.4,6077.1,1,Good,7.9,0.77,3.34,28.89,10.0,110.6,7.7,3.53,51.42
1847.0,2,2.0,10.4,10081.4,2,Excellent,7.42,2.42,0.2,31.1,10.0,98.24,4.75,3.38,70.25
1326.7,4,2.0,4.6,7715.9,3,Good,8.02,8.66,2.79,31.31,8.1,116.48,3.62,3.04,60.29
1063.5,1,1.0,0.5,2318.1,0,Average,5.03,5.7,0.39,56.34,9.02,99.0,4.54,2.54,40.87
2415.1,3,3.0,11.5,9889.8,1,Average,4.74,4.99,4.47,43.45,9.19,81.08,5.64,4.36,59.5
2606.3,5,4.0,4.2,8034.6,3,Good,5.99,3.18,4.3,45.67,10.0,94.34,3.83,4.73,70.45
1633.1,1,1.5,10.9,9266.1,0,Average,2.59,2.03,1.8,59.69,9.98,60.67,4.55,3.58,43.91
806.8,1,1.5,5.9,5779.5,1,Good,6.43,,2.43,37.21,10.0,105.67,3.61,4.48,48.98
1650.5,4,2.5,16.7,7435.4,2,Good,5.31,0.49,5.17,52.87,10.0,89.58,6.79,3.57,56.6
2291.9,3,2.5,65.0,7876.4,1,Fair,7.08,0.41,2.57,29.22,10.0,105.83,5.11,2.36,55.96
1190.8,1,1.0,14.3,6208.9,1,Average,6.02,6.13,2.36,32.58,8.23,87.15,3.6,3.63,38.35
2130.6,2,2.0,18.7,9460.5,2,Average,4.67,1.88,0.31,44.22,9.4,92.8,4.21,3.15,59.51
1987.5,4,3.5,45.3,7315.1,3,Average,8.86,0.38,1.52,10.94,10.0,120.91,4.49,3.76,53.5
2447.3,5,3.5,8.4,9139.3,3,Fair,6.65,3.68,0.53,23.37,10.0,123.47,5.23,4.58,77.36
2083.6,3,2.0,3.3,7341.2,3,Good,8.05,3.88,0.67,33.35,9.86,119.77,4.2,3.02,73.03
1421.4,3,2.0,6.0,5854.2,2,Good,6.83,1.03,2.81,37.4,10.0,104.29,4.8,3.69,52.63
3037.5,6,4.0,9.3,16175.1,3,Average,7.34,1.89,2.67,22.37,10.0,119.99,4.5,4.05,82.55
1890.3,4,3.0,18.6,11196.1,2,Excellent,4.05,2.93,1.99,47.52,10.0,62.43,3.62,4.42,68.74
1979.2,3,2.0,0.1,8581.5,1,Good,8.8,3.1,2.99,10.0,10.0,134.24,4.19,4.14,63.03
1441.4,1,1.5,34.6,7822.9,0,Good,8.08,2.49,2.28,17.79,10.0,119.55,4.35,2.56,48.99
1711.0,2,1.0,1.4,7445.6,1,Average,6.47,1.65,1.91,44.52,10.0,105.11,3.86,2.56,61.32
1466.0,2,2.0,41.6,6591.9,1,Average,7.02,0.43,3.1,32.07,10.0,96.14,3.61,3.97,42.43
1880.8,3,2.0,53.7,11253.9,1,Average,8.3,0.27,6.87,40.27,10.0,110.8,4.55,3.11,54.37
3637.7,6,4.0,65.0,13788.8,3,Average,5.83,2.17,1.1,43.57,10.0,66.39,6.15,2.66,77.49
1236.2,3,2.0,29.8,4698.6,2,Average,3.65,0.93,5.71,53.49,9.82,60.58,5.04,4.29,46.17
1136.0,3,2.0,2.8,6779.7,2,Good,5.86,9.12,0.77,48.83,8.23,85.3,2.5,3.12,44.14
3344.0,5,3.5,22.0,10951.2,3,Average,6.77,3.47,2.13,21.41,10.0,93.56,6.31,4.62,72.82
1857.0,4,2.0,4.1,11204.5,3,Average,6.44,3.02,0.87,37.87,10.0,97.46,4.44,3.07,61.6
1581.0,3,2.0,40.9,10392.0,2,Fair,8.87,1.87,3.74,8.0,10.0,127.92,6.78,2.84,49.36
2875.5,5,4.0,6.9,13011.6,3,Excellent,4.77,1.48,0.36,30.53,10.0,86.88,6.09,3.35,82.07
1616.5,3,2.5,7.1,5159.5,2,Good,5.0,0.83,0.63,45.21,10.0,90.42,4.86,3.97,56.26
3786.1,6,4.5,44.9,15706.2,4,Good,4.6,0.4,3.02,55.75,10.0,86.96,4.99,3.62,79.63
2533.3,6,4.0,0.2,8737.4,4,Average,7.27,3.42,3.31,30.43,10.0,118.32,3.95,4.82,85.44
1684.5,2,1.5,3.9,5708.9,2,Average,3.75,5.03,2.67,56.84,8.67,72.02,5.92,3.53,40.3
4251.6,6,4.0,9.9,20968.0,3,Average,7.84,6.44,3.3,8.0,8.33,115.92,6.98,3.27,95.15
1616.5,2,1.0,21.7,7405.4,1,Average,4.82,4.32,0.38,45.66,9.2,93.45,4.4,4.53,48.21
2590.8,4,3.0,18.8,9583.3,2,Average,5.11,7.47,2.21,43.95,7.1,93.45,4.54,3.85,69.12
2218.9,4,3.0,19.9,9625.2,2,Fair,9.69,13.2,2.25,19.04,5.92,115.65,7.37,3.09,52.29
3151.4,5,4.0,38.2,13888.1,3,Fair,8.72,10.64,2.47,10.74,8.25,122.85,5.29,3.58,73.89
3451.4,4,3.5,2.3,,2,Good,6.71,3.07,3.79,43.77,10.0,76.97,3.52,3.56,90.01
2020.7,4,3.0,13.3,7719.8,3,Average,4.14,1.01,2.98,52.61,9.99,47.09,3.7,3.25,52.01
1535.0,3,2.0,23.3,8419.0,2,Good,10.0,0.56,6.67,8.0,10.0,132.88,7.07,3.54,58.78
2347.2,2,1.5,18.2,11430.9,3,Average,6.15,14.0,2.97,42.85,4.82,93.89,5.72,2.43,49.95
1576.2,3,2.5,10.7,6176.1,1,Good,6.95,1.38,3.4,23.55,10.0,98.94,4.04,3.13,58.18
4042.8,5,4.5,0.3,14417.1,3,Good,8.14,0.31,1.04,32.87,10.0,93.76,5.57,3.72,93.92
2096.0,3,1.5,1.1,7566.4,2,Good,2.97,1.79,3.08,50.37,9.17,69.97,4.28,3.0,55.85
1758.4,2,1.5,2.3,9397.7,1,Good,5.35,4.61,1.64,50.89,8.01,76.6,3.09,2.73,54.8
2131.6,4,2.5,7.6,7335.0,3,Good,6.38,7.29,1.56,33.95,7.85,105.19,4.82,3.37,65.63
1247.0,2,1.5,2.3,6799.6,1,Average,6.74,2.28,3.71,33.86,10.0,92.94,5.19,3.05,43.33
1422.2,1,1.0,10.0,7157.4,1,Good,4.15,1.31,0.63,29.83,10.0,65.8,3.48,2.41,52.91
3041.6,6,4.0,3.5,16462.2,3,Average,7.09,5.02,2.45,25.82,8.31,112.58,3.82,2.43,72.11
1587.8,2,1.5,27.2,4822.3,2,Average,6.56,2.44,1.9,34.17,10.0,95.56,4.1,3.71,45.43
1385.2,2,1.5,36.9,6067.6,0,Fair,9.5,0.49,4.11,25.08,10.0,136.65,4.98,3.47,58.92
2411.1,3,2.0,8.9,6964.1,2,Good,8.3,7.2,3.77,21.33,9.05,124.34,5.34,3.64,66.91
3026.0,5,3.5,12.9,12654.6,3,Average,6.02,3.61,1.93,36.58,9.72,74.2,3.61,3.18,80.84
2569.9,4,2.5,55.2,14018.3,2,Average,6.15,0.32,1.02,44.27,10.0,102.38,4.56,2.26,65.53
2831.7,5,4.0,13.8,8822.6,2,Average,8.33,0.23,4.3,19.42,10.0,107.62,4.68,2.74,85.0
1533.2,3,2.5,65.0,5480.0,0,Average,7.01,0.49,2.21,41.98,10.0,90.07,3.29,3.16,46.09
1214.8,2,1.0,2.8,3863.1,3,Fair,4.03,5.72,5.01,57.75,8.38,61.2,5.45,3.73,34.52
3379.4,6,5.0,35.7,12913.8,4,Good,10.0,2.3,2.85,8.0,10.0,151.4,5.86,2.09,97.12
1784.8,3,2.0,12.4,9285.5,1,Good,4.72,1.51,2.22,59.43,10.0,56.85,5.54,1.8,57.28
1830.3,3,3.0,0.4,9287.6,2,Average,10.0,1.12,1.73,12.91,10.0,149.11,3.75,4.49,61.49
3180.7,5,3.5,64.5,16707.0,2,Fair,7.27,2.46,2.91,36.49,10.0,113.36,5.86,3.85,76.13
2427.7,4,2.5,60.4,9852.9,3,Average,5.36,0.48,0.71,42.82,10.0,87.64,5.09,2.74,56.06
2343.9,2,2.0,8.7,13341.7,1,Average,2.24,3.27,1.4,72.42,8.6,54.21,6.28,3.22,49.83
4263.1,6,5.0,55.5,20287.1,3,Good,7.9,1.73,4.5,40.98,10.0,111.77,5.73,3.08,94.61
1595.2,3,2.0,2.7,7786.2,2,Good,3.71,6.46,0.83,57.11,7.23,77.21,5.54,3.62,36.57
2764.9,4,3.0,20.5,12899.4,2,Excellent,7.14,4.69,4.03,28.38,9.94,101.17,4.89,3.02,79.51
2038.5,2,2.0,3.8,11808.8,2,,9.98,0.26,5.59,24.43,10.0,117.03,6.25,2.54,60.34
2195.2,5,3.0,5.1,10941.3,3,Excellent,4.45,0.78,1.51,56.72,10.0,75.12,3.94,3.77,67.22
3411.7,6,4.5,27.2,16999.4,3,Good,7.83,2.26,5.94,20.71,10.0,126.25,3.81,4.76,89.35
2386.9,4,3.0,8.5,10482.3,3,Average,5.04,3.64,7.99,59.86,9.49,89.84,8.22,3.8,52.9
2412.5,3,2.5,0.1,,1,Good,8.54,4.22,1.57,8.0,10.0,148.61,3.06,3.46,78.25
2908.5,4,3.5,9.6,14242.8,1,Average,6.62,5.62,2.27,39.49,8.74,97.57,3.89,3.24,70.78
1758.6,4,2.5,4.7,8880.0,3,Excellent,6.47,0.36,1.44,45.43,10.0,97.1,6.08,2.81,59.24
1489.6,2,1.5,20.7,7813.2,2,Average,8.67,0.26,2.72,28.22,10.0,121.47,3.41,3.09,47.59
1386.2,2,1.0,3.9,6487.8,2,Good,7.63,3.14,2.93,21.3,10.0,101.83,6.01,3.69,47.66
1004.0,2,1.5,33.2,2714.1,0,Good,5.05,4.32,1.51,37.58,10.0,76.47,6.55,4.29,37.12
4103.8,6,3.5,5.6,20685.3,2,Average,9.72,5.14,1.28,14.93,10.0,122.2,6.68,4.32,91.01
1358.1,3,2.0,9.0,8965.7,2,Excellent,3.74,0.74,3.22,66.18,10.0,35.84,5.27,3.53,54.13
1849.3,4,2.5,6.4,9458.3,4,Average,7.0,11.29,1.88,24.32,7.45,97.33,3.91,3.54,57.44
1813.7,3,2.5,18.6,6459.3,3,Average,5.02,1.03,1.75,49.33,10.0,83.05,4.19,3.44,48.7
2225.2,3,2.5,1.9,9382.4,3,Good,3.82,1.12,3.2,43.3,9.84,77.79,6.59,3.83,62.76
2658.5,2,2.0,11.7,14012.4,2,Average,4.46,0.74,1.71,60.66,9.49,68.21,3.15,3.44,61.13
2700.4,3,2.0,7.3,12988.4,2,Excellent,6.41,0.34,1.32,32.78,10.0,90.83,6.11,3.45,78.22
1629.3,2,1.5,38.8,6891.4,1,Average,7.13,5.51,1.37,27.91,9.38,121.42,3.43,2.75,44.02
1884.7,3,1.5,1.4,10723.4,2,Fair,8.41,0.22,5.38,30.43,10.0,103.03,5.1,2.74,53.34
2205.9,3,2.0,31.9,10898.7,2,Average,9.16,2.19,2.8,22.03,10.0,128.02,4.51,2.88,67.65
1831.6,2,1.5,3.3,7573.6,2,Good,7.0,0.51,2.41,34.12,10.0,118.9,4.71,3.58,65.93
3507.2,5,4.5,1.7,11243.9,3,Average,5.7,0.35,2.07,51.2,10.0,80.66,6.68,3.17,83.07
2372.8,4,3.0,4.1,6679.0,2,Average,8.37,8.93,2.08,27.4,8.69,99.79,4.61,5.34,67.99
2584.3,5,3.5,1.9,8112.8,3,Good,5.39,5.78,0.5,52.83,8.45,110.92,6.35,3.69,65.6
2520.0,3,2.5,13.2,13943.0,2,Average,3.63,1.81,0.81,42.47,8.95,77.91,4.41,4.58,60.03
3013.1,5,3.5,65.0,11422.7,3,Fair,8.19,2.16,5.6,21.05,9.89,130.81,5.49,4.51,69.71
2128.9,2,1.5,0.6,8967.0,1,Average,8.88,6.68,0.71,17.0,9.17,125.9,5.06,3.72,70.04
1269.2,3,2.0,11.1,7773.1,1,Good,5.02,5.3,1.48,44.11,8.93,91.71,3.69,3.37,53.25
2298.2,4,2.5,8.8,10941.3,2,Good,10.0,3.96,1.79,17.36,10.0,105.13,3.71,2.73,76.46
1590.9,2,2.0,7.5,8668.9,2,Good,7.55,2.66,1.51,30.22,10.0,105.7,4.91,2.95,66.82
1660.7,2,1.5,7.3,7634.1,3,Fair,7.28,3.2,1.05,34.82,10.0,122.0,4.77,4.03,56.93
2453.4,4,3.5,40.6,12443.1,1,Good,5.57,1.8,3.89,35.65,10.0,69.51,5.94,3.6,67.72
3082.2,3,3.0,0.3,9359.5,2,Good,8.33,2.6,0.7,40.75,10.0,116.14,3.16,2.92,81.59
2013.1,3,1.5,26.8,5440.5,1,Excellent,3.76,2.68,7.94,52.86,10.0,72.67,4.29,3.24,48.17
2226.3,3,2.0,5.2,7216.0,1,Average,5.89,6.6,0.79,43.98,7.72,81.74,5.67,3.65,55.1
3625.6,6,4.0,8.7,13749.1,4,Good,5.18,0.99,4.92,44.07,10.0,84.68,4.93,3.42,81.79
2173.9,3,1.5,9.8,8668.0,2,Good,4.14,1.11,6.07,53.59,10.0,78.05,3.6,3.22,53.68
4967.1,6,4.5,6.5,23027.7,3,Average,8.05,0.96,0.43,19.17,10.0,121.84,5.6,3.36,115.0
2435.6,3,3.5,1.8,8672.7,2,Good,7.11,2.97,2.52,33.4,10.0,101.2,6.13,1.8,65.78
1078.9,1,1.0,2.2,6870.6,0,Good,7.95,4.0,3.11,30.78,9.52,104.8,4.1,3.41,49.28
2601.0,3,3.0,6.4,9549.3,3,Average,6.0,1.07,2.79,19.65,10.0,99.54,6.26,2.61,64.5
2283.4,4,3.0,31.0,7898.3,2,Average,8.27,3.82,3.24,19.09,10.0,124.89,4.54,3.67,61.49
3138.2,5,3.5,2.6,11774.5,2,Excellent,6.64,3.37,1.3,31.26,10.0,105.41,4.81,3.5,84.76
2529.1,4,3.0,24.4,14525.5,3,Average,5.65,1.44,4.13,60.55,10.0,91.58,4.61,3.96,54.86
1903.7,3,2.5,6.1,11322.5,2,Average,5.35,1.04,1.21,50.76,9.96,91.29,6.32,3.97,61.61
1301.8,1,1.0,38.7,8195.1,2,Average,2.93,7.03,1.59,73.31,7.46,70.98,5.02,4.69,34.66
1857.2,3,2.0,10.1,9775.9,2,Good,8.6,2.9,1.03,23.79,10.0,128.19,6.05,1.91,67.24
1483.7,3,1.5,3.4,7967.5,3,Average,8.39,4.09,3.85,21.89,10.0,122.87,4.67,3.31,59.59
1630.8,2,3.0,65.0,7270.5,1,Fair,10.0,8.5,3.62,13.0,9.3,132.62,5.6,1.87,48.37
2455.3,5,3.5,3.5,11105.5,2,Average,5.9,0.94,1.12,46.95,10.0,112.23,4.0,3.77,71.97
3584.8,5,4.0,15.1,11319.5,2,Average,5.3,1.58,1.82,60.72,10.0,70.22,6.3,3.27,79.6
2294.2,3,2.5,15.2,11223.6,1,Excellent,3.44,2.02,5.58,61.7,10.0,61.69,4.86,3.05,49.88
1314.8,2,1.5,8.4,5273.7,1,Average,8.23,1.05,0.52,18.5,10.0,112.49,6.57,3.6,51.67
2334.6,3,2.5,54.5,10255.2,3,Fair,7.81,6.07,7.5,36.24,8.88,89.28,5.14,2.61,52.06
3037.6,5,4.0,33.4,13578.0,3,Excellent,9.29,0.48,1.24,8.0,10.0,136.83,5.31,4.79,98.61
1614.2,2,1.5,31.9,6767.5,1,Good,4.85,1.07,1.81,51.7,10.0,77.93,7.72,3.22,42.92
1906.6,3,2.0,65.0,7793.6,1,Average,7.79,0.88,2.4,31.35,10.0,115.03,6.02,3.46,52.95
2008.5,1,1.0,11.0,5175.2,0,Average,5.56,10.01,0.79,42.29,6.34,86.44,5.41,3.3,39.38
1518.2,1,1.0,1.8,9710.3,0,Excellent,8.92,3.36,3.65,8.89,10.0,138.11,3.86,4.09,58.82
2507.1,4,3.5,26.1,,2,Good,7.47,4.23,1.33,23.3,9.45,123.19,4.37,2.5,60.87
1915.4,4,3.0,8.6,7772.6,3,Good,3.7,0.57,1.39,56.27,10.0,52.13,6.06,4.02,64.45
2314.2,3,2.5,3.8,12422.2,1,Fair,6.26,0.89,8.5,26.13,10.0,121.75,4.83,3.01,63.25
1464.7,2,1.0,11.9,6025.3,3,Good,2.99,5.51,2.01,59.62,9.19,56.06,4.97,3.02,38.95
1714.5,3,2.0,46.8,5316.9,1,,4.41,2.88,2.77,39.0,9.16,83.9,4.01,4.06,49.32
2573.0,5,3.5,3.4,11800.7,2,Good,4.51,0.35,2.23,55.2,10.0,79.45,5.65,3.2,64.36
1753.7,1,1.5,34.0,5764.8,2,Average,5.35,2.87,4.34,46.96,10.0,87.96,5.31,3.86,43.15
3657.1,5,4.0,9.7,11875.7,3,Average,6.03,2.26,5.29,40.5,10.0,102.11,5.98,3.87,77.37
1737.4,3,2.0,2.6,5503.7,2,Good,6.8,0.73,2.74,28.18,10.0,121.61,6.56,3.14,50.99
2161.7,4,2.5,34.0,9024.3,3,Average,6.71,3.08,7.44,30.85,9.77,113.0,5.69,3.57,60.97
2769.5,6,4.0,62.9,15722.8,4,Average,6.46,0.81,4.83,29.83,10.0,95.85,3.91,3.04,72.23
1216.3,2,1.0,6.2,5468.8,1,Excellent,7.1,5.54,1.35,35.38,9.01,105.45,3.54,3.39,42.1
1078.9,1,1.0,6.5,6486.3,1,,4.25,3.28,8.5,42.87,9.65,65.99,6.0,3.76,33.13
1171.5,2,1.0,8.9,4719.1,2,Average,6.63,6.76,1.1,34.2,7.91,111.28,5.33,2.68,48.58
3108.5,6,4.5,30.3,12823.2,3,Good,9.08,1.97,4.35,10.1,10.0,137.7,7.13,3.73,81.9
1647.2,3,2.0,0.2,10402.8,3,Good,6.2,2.5,2.56,52.63,9.49,91.53,5.23,3.64,59.74
4892.1,6,5.0,4.6,14578.9,2,Good,7.39,4.77,1.73,30.97,9.88,128.56,3.3,2.28,106.61
1640.1,3,2.0,22.0,9101.0,2,Good,7.22,2.73,5.98,28.44,10.0,123.1,3.81,2.84,56.66
2131.5,4,3.5,9.4,9468.1,1,Average,8.05,2.92,2.56,12.05,10.0,143.13,4.37,2.88,70.53
3428.0,5,4.5,7.2,18113.0,3,Average,7.02,2.78,3.09,22.23,10.0,94.64,7.12,3.07,82.05
4032.5,6,4.5,37.0,13768.3,2,Good,8.02,2.36,0.52,28.33,10.0,115.85,6.49,2.68,93.46
4111.4,6,4.5,44.9,16544.7,3,Fair,7.41,5.44,4.36,43.53,10.0,107.5,4.61,4.1,89.55
3050.1,6,4.0,53.2,15674.7,2,Fair,7.68,2.32,3.11,25.66,10.0,149.81,4.99,4.2,74.68
2859.6,5,3.5,5.7,14068.9,3,Good,7.3,7.59,1.88,31.08,8.75,109.04,3.7,2.81,78.0
2458.7,4,3.0,43.9,7393.3,2,Average,4.69,5.49,3.14,48.86,8.24,96.62,3.66,2.53,51.73
2623.9,5,3.5,24.0,13588.7,3,Good,4.39,3.97,3.5,50.79,9.22,90.0,6.43,3.39,66.13
1647.6,2,2.0,3.0,6076.0,1,Average,5.86,7.53,2.63,42.32,8.41,91.26,6.23,4.4,52.07
1500.6,3,2.5,17.0,4626.6,3,Good,9.29,2.66,1.57,8.98,10.0,132.65,4.9,5.02,56.16
1995.8,2,2.0,0.5,9236.8,1,Good,6.19,5.72,3.87,29.41,9.46,103.52,7.23,2.89,52.85
1882.6,4,3.5,22.2,10130.3,2,Average,7.06,1.09,2.93,30.27,10.0,123.77,5.68,1.8,49.8
1705.1,3,2.0,23.8,9816.7,3,Average,2.96,0.44,0.75,74.81,10.0,56.62,5.43,2.28,47.18
2549.7,5,4.0,28.0,10854.3,2,Average,6.85,3.9,6.66,40.16,10.0,96.64,5.44,2.06,56.52
2791.6,5,3.5,3.4,8257.4,3,Good,6.65,1.35,4.76,23.12,10.0,114.58,4.03,3.71,80.33
2061.0,2,2.0,17.8,9821.3,2,Average,1.69,3.42,4.93,71.89,8.37,30.0,6.24,3.47,43.71
3351.4,6,4.5,3.5,11190.3,3,Good,7.02,0.46,2.68,37.17,10.0,109.31,6.25,3.56,91.89
1340.0,3,2.5,52.8,5516.6,1,Good,3.53,10.17,3.44,68.61,6.04,80.42,5.46,4.24,35.24
1867.2,4,3.0,20.2,8826.2,1,Average,5.19,2.52,2.15,59.23,10.0,90.76,3.97,4.62,46.69
1554.8,2,1.5,1.8,4710.5,2,Average,8.29,0.23,2.9,21.43,10.0,112.4,6.4,4.03,54.13
1039.7,1,1.0,3.7,5958.9,2,Good,6.78,2.27,1.8,41.86,10.0,88.99,3.22,3.95,47.55
1941.2,3,2.5,19.6,9978.2,2,,5.69,5.19,2.06,41.85,8.6,107.09,4.35,2.29,54.57
1914.8,3,3.0,11.7,10339.8,2,Excellent,5.54,6.61,2.56,42.35,8.68,86.24,5.84,3.02,60.55
3393.8,6,4.0,24.0,17103.3,4,Good,5.75,2.18,1.56,43.45,10.0,78.48,4.75,4.44,82.92
2491.9,4,3.5,5.9,9118.7,2,Fair,6.79,0.63,8.27,32.22,10.0,119.02,4.11,2.99,64.86
1396.2,1,1.5,19.3,4980.1,2,Fair,4.34,7.77,2.91,60.17,7.49,86.11,6.72,4.23,32.62
3823.5,6,4.5,3.5,13578.2,3,Good,8.52,12.91,3.84,10.92,7.04,108.3,6.45,3.49,85.14
3063.6,5,4.0,14.1,11713.2,3,Average,4.43,0.41,1.6,50.91,10.0,111.2,6.37,3.99,69.63
2449.7,4,2.0,57.0,11587.8,2,Good,3.39,0.46,4.21,72.52,10.0,56.43,5.57,2.75,53.11
1845.9,3,2.0,17.8,10394.2,1,Good,8.28,2.87,2.41,32.34,10.0,131.24,5.24,3.97,57.29
1428.2,3,2.0,0.9,6570.8,0,Good,5.71,2.64,1.26,42.91,9.7,118.52,7.11,2.92,43.07
1754.1,4,2.5,65.0,8425.6,3,Fair,6.63,3.04,3.29,27.22,9.67,113.64,6.78,3.57,42.11
2925.0,5,4.0,3.1,11207.3,2,Excellent,7.68,1.42,5.78,32.58,10.0,116.93,5.11,3.38,85.78
3864.6,6,4.5,22.8,15457.2,3,Good,5.21,0.37,2.03,58.55,10.0,64.81,8.18,4.29,87.42
3429.4,5,4.0,13.7,19098.2,1,Good,6.75,2.98,2.57,26.31,10.0,131.16,5.06,4.02,88.46
1684.0,3,2.5,6.3,10785.4,1,Excellent,7.67,0.73,2.37,28.29,10.0,125.28,5.62,2.08,61.45
1350.4,2,1.0,3.5,6179.4,1,Average,9.46,1.54,2.55,14.04,10.0,113.96,6.73,2.79,49.21
2099.2,4,2.5,3.5,7277.4,2,Excellent,5.58,2.99,2.82,35.2,10.0,110.8,5.61,2.92,54.64
1076.0,2,1.5,35.2,5259.6,2,Average,5.67,0.95,6.28,39.42,10.0,91.02,4.91,3.92,40.09
2237.5,5,3.0,37.1,6847.2,3,Good,7.51,2.7,2.87,29.54,10.0,107.52,5.62,3.03,62.9
1897.6,4,2.0,11.3,10345.6,1,Good,6.88,4.21,0.93,26.5,9.83,96.06,5.19,2.58,63.12
1697.5,2,2.0,2.0,9778.0,0,Fair,6.25,0.42,2.53,28.66,10.0,99.31,2.86,2.38,48.53
1143.5,2,2.0,38.8,4709.5,0,Good,9.37,,3.37,8.0,10.0,144.03,6.3,3.95,56.39
2391.7,3,3.0,12.0,12946.3,3,Fair,3.47,2.48,1.81,62.14,9.93,58.0,4.52,1.84,56.85
1658.3,3,2.0,10.4,10048.3,3,Average,3.94,0.53,5.93,43.19,10.0,72.11,3.93,4.19,48.82
1326.8,2,1.5,9.4,7327.3,1,Average,3.49,4.12,1.6,35.11,8.01,112.49,6.53,2.43,35.2
800.0,1,1.5,8.2,4471.5,0,Fair,8.66,1.39,1.4,29.52,10.0,131.28,5.62,3.06,41.33
1979.0,3,2.0,13.4,7743.9,2,Average,7.43,0.84,3.58,18.98,10.0,123.93,5.95,2.52,62.35
3715.6,4,4.0,16.7,15955.9,2,Good,4.03,1.26,1.5,54.49,9.77,57.96,5.06,2.71,70.22
3574.0,4,3.5,11.3,15115.2,2,Average,6.28,2.73,3.7,47.07,10.0,78.2,5.45,3.23,79.1
1702.8,3,2.5,40.9,7946.2,2,Average,6.45,2.98,2.13,22.14,10.0,119.68,4.87,3.3,52.15
1618.5,3,2.0,6.9,7687.6,2,Average,2.52,0.79,1.94,52.38,10.0,70.53,4.25,2.24,48.13
2354.5,4,3.5,15.5,11461.5,1,Good,6.84,9.03,1.14,25.22,7.03,127.64,5.95,3.1,57.48
1408.9,1,1.0,6.4,4600.4,1,Average,4.38,1.48,2.41,59.62,9.9,74.26,5.46,3.48,43.6
2220.8,3,2.0,25.2,8627.1,2,Fair,7.77,1.2,1.5,23.81,10.0,131.94,7.09,3.75,63.8
2612.7,4,3.5,1.9,7138.6,2,Good,4.44,0.86,1.28,55.61,10.0,40.25,2.74,1.87,70.84
3070.0,5,3.5,3.8,,3,Average,6.89,0.61,5.46,29.47,10.0,111.86,6.5,3.04,76.04
1929.4,3,2.5,29.1,8734.9,1,Good,8.83,13.07,3.34,20.83,6.47,141.01,4.77,1.86,61.69
1860.7,4,2.5,3.6,4678.8,4,Average,8.25,3.79,1.73,35.04,10.0,110.29,4.67,3.02,58.4
1469.5,3,2.5,17.7,9080.7,1,Excellent,7.41,5.15,0.83,50.91,8.95,125.03,5.84,3.08,44.85
1496.1,2,2.0,63.3,4856.5,2,Good,6.35,1.84,0.4,35.96,10.0,95.55,4.22,3.87,50.07
1845.9,3,2.5,13.3,8482.0,1,Average,3.8,1.91,1.8,68.54,9.51,67.58,4.71,4.13,48.28
2272.4,3,2.5,3.7,11075.6,3,Good,5.71,14.0,4.93,50.15,3.01,87.04,5.85,2.63,60.29
2751.1,4,3.0,7.0,14583.3,1,Fair,6.09,0.92,2.12,38.29,10.0,117.21,4.61,3.62,65.56
1508.5,3,1.5,31.2,4233.3,2,Good,5.96,1.47,1.54,22.88,10.0,87.22,4.42,3.89,48.54
3369.2,6,4.5,7.8,18487.6,2,Average,3.74,0.89,0.87,54.6,10.0,59.93,4.42,2.84,77.69
1817.3,4,2.5,23.1,11786.0,1,Good,7.28,1.26,1.9,28.54,10.0,96.74,5.59,3.98,64.08
1983.3,3,2.5,27.0,9754.3,2,Average,4.37,3.69,1.45,55.33,9.77,70.14,3.87,3.5,46.38
1538.4,3,1.5,12.5,6112.4,3,Average,9.28,1.38,0.81,12.73,10.0,134.48,6.03,3.19,64.84
855.4,1,1.0,27.5,2361.1,1,Average,6.77,6.87,1.7,28.13,9.31,111.75,7.53,3.51,29.21
2722.8,5,4.0,6.9,12503.5,3,Good,8.26,0.36,3.6,39.87,10.0,109.47,5.2,2.21,77.13
2586.1,4,3.5,13.1,9678.5,3,Good,8.23,1.6,0.5,32.49,10.0,124.81,5.68,3.51,76.67
1810.8,3,2.0,20.9,8324.1,1,Average,10.0,6.51,2.28,8.0,9.02,148.57,5.49,2.77,54.85
2045.6,4,3.0,3.3,8965.2,1,Fair,6.83,3.31,0.28,32.57,9.76,90.46,4.17,3.42,62.57
2393.7,4,3.0,5.8,12117.6,2,Excellent,5.8,4.92,1.21,45.99,9.06,92.56,5.55,3.1,69.92
1156.4,2,1.5,19.0,4558.4,1,Good,5.83,1.45,0.75,51.58,10.0,90.89,5.44,3.62,40.2
1660.4,4,2.5,19.2,5997.5,2,Good,9.19,1.67,4.35,11.83,10.0,131.75,7.15,4.29,61.91
2638.6,4,3.5,12.2,8656.6,3,Average,4.12,7.21,5.66,52.91,7.67,65.0,5.47,3.5,59.76
1288.2,1,1.0,28.6,3932.9,1,Average,4.92,4.63,2.62,48.7,9.63,79.68,6.57,4.15,37.42
2214.4,5,3.0,11.8,10493.5,3,Good,6.93,1.75,1.41,37.74,10.0,105.09,5.67,2.63,73.63
1242.9,2,1.5,38.4,8138.6,2,Average,6.22,0.98,2.12,22.4,9.84,122.68,4.64,4.48,48.09
2352.5,4,2.5,24.0,10838.5,3,Good,8.24,0.56,0.39,8.0,10.0,120.41,3.9,2.64,76.25
1973.4,4,3.0,6.8,8622.9,2,Excellent,4.09,6.53,4.43,61.78,7.29,90.78,5.54,2.46,49.48
1135.4,1,1.0,9.1,5362.1,2,Excellent,6.38,4.03,4.46,26.35,9.36,118.16,6.04,3.19,38.59
3003.9,4,3.5,19.8,10963.7,3,Fair,6.16,3.19,3.66,57.48,9.44,77.41,5.1,3.07,64.73
1545.2,3,2.5,40.5,6682.6,2,Average,4.57,5.0,2.54,43.94,10.0,73.48,4.5,2.21,44.33
1504.8,1,1.0,3.5,4683.0,2,Good,8.08,8.09,5.82,19.88,8.14,137.76,6.75,2.55,51.0
2143.5,3,2.5,13.0,11245.4,2,Average,6.33,4.79,1.59,39.63,9.93,100.39,4.71,1.8,47.35
2987.0,5,4.0,2.3,10366.7,2,Good,6.26,1.95,0.45,20.7,10.0,95.35,3.93,2.39,82.09
1400.3,2,1.5,5.9,3296.9,1,Fair,5.02,0.82,2.02,68.64,10.0,93.18,5.13,2.91,45.84
2041.8,2,2.0,20.8,9071.0,2,Good,5.83,4.2,0.94,35.82,9.23,107.04,5.29,4.52,68.82
2321.8,5,3.5,1.5,13424.2,3,Fair,4.66,,5.14,43.01,10.0,78.19,4.39,3.93,70.19
2546.8,4,3.5,19.5,11922.6,3,Fair,8.05,5.08,1.43,15.08,9.25,113.73,5.1,3.64,67.37
2125.5,4,2.5,41.6,11669.7,1,Fair,8.36,1.52,3.08,28.5,10.0,88.04,3.34,5.02,57.47
1757.3,3,2.0,62.7,8841.4,2,Average,9.52,0.75,6.45,15.06,10.0,135.19,5.67,2.06,57.31
1495.7,2,1.5,4.4,7856.6,1,Fair,7.28,1.14,3.82,21.39,10.0,103.4,4.05,3.35,54.18
2059.4,3,2.0,24.9,10361.9,2,Average,5.89,1.19,1.34,31.07,10.0,78.64,4.78,4.93,63.09
1373.0,2,1.5,47.0,7138.8,1,Good,5.66,1.72,3.57,50.92,10.0,87.17,4.46,3.02,45.29
800.0,1,1.0,1.7,2794.9,2,Good,7.38,1.15,2.45,24.49,10.0,104.06,6.74,2.78,36.54
2328.1,5,4.0,9.6,9682.6,3,Good,6.86,1.02,1.05,18.94,10.0,106.28,4.87,4.01,67.41
2741.8,4,3.5,45.3,9715.5,1,Fair,6.19,1.79,0.82,37.39,10.0,92.24,4.27,2.98,71.29
873.9,1,1.0,4.1,4813.8,1,Good,6.03,6.68,4.07,35.34,9.44,100.58,7.5,4.34,35.94
1403.3,3,2.5,48.9,8663.6,2,Average,8.61,0.43,4.61,35.06,10.0,126.43,7.17,4.02,44.87
2481.7,4,2.5,13.5,8360.5,2,Average,5.72,1.32,2.19,35.31,10.0,108.64,6.12,3.26,58.61
4105.7,6,5.0,1.9,15078.4,4,Good,8.92,2.84,1.08,15.79,10.0,120.15,5.82,4.14,103.02
2012.8,2,1.5,10.8,10512.8,1,Fair,6.83,6.84,1.74,32.01,7.23,128.44,4.25,3.22,61.57
1548.7,4,2.5,7.1,6695.2,1,Good,5.84,1.27,1.14,34.39,10.0,107.08,6.4,3.5,53.69
1874.3,2,1.0,6.0,8402.2,2,Average,5.09,1.57,2.99,47.47,10.0,104.31,5.6,3.84,55.26
3233.1,5,4.0,14.0,18131.5,3,Average,6.22,5.32,4.16,29.28,10.0,100.09,4.5,3.11,81.64
1593.9,3,2.0,11.9,8169.1,2,Good,7.41,1.69,4.25,27.42,10.0,106.23,5.35,4.53,56.26
1510.6,3,2.0,11.8,7660.3,3,Good,5.82,6.3,4.16,45.03,7.95,84.41,4.69,3.45,39.49
1687.6,3,2.0,1.7,5476.6,0,,8.03,2.14,2.25,30.29,10.0,141.89,3.53,3.62,65.01
1431.3,1,1.0,29.2,4851.5,1,Fair,5.73,2.89,1.92,35.02,9.37,106.27,6.7,2.41,34.35
2085.9,3,2.0,11.8,8807.5,1,Excellent,6.28,2.83,2.44,34.34,10.0,83.05,3.2,2.92,54.85
3528.5,6,4.5,31.0,15201.3,2,Fair,4.18,0.61,2.12,63.97,10.0,86.8,7.57,3.52,65.14
2237.4,3,2.0,31.3,13640.3,2,Good,7.51,1.6,3.37,25.07,10.0,99.78,4.96,4.05,67.58
1829.3,3,2.0,6.9,11458.9,2,Fair,6.02,1.08,4.14,38.38,10.0,98.76,5.7,4.46,57.63
1804.2,3,2.5,0.1,8506.1,2,Excellent,9.34,3.88,2.69,26.5,10.0,144.0,5.79,2.6,56.85
1156.2,3,3.0,43.6,4878.4,1,Good,7.77,8.88,2.96,24.2,8.13,134.75,4.11,2.78,43.39
2721.9,3,3.0,25.7,16645.6,2,Fair,6.65,0.96,2.4,32.2,10.0,104.82,4.97,2.48,69.62
1944.5,5,3.0,2.0,9575.8,3,Good,8.71,0.51,1.49,17.85,10.0,123.24,5.09,3.77,73.13
1875.9,4,2.5,21.8,8698.5,3,Good,7.23,2.46,3.37,24.2,9.43,108.75,4.54,4.46,59.49
5200.0,6,5.0,0.4,24731.6,3,Good,8.31,1.79,0.21,23.79,10.0,135.56,6.34,3.28,115.0
2218.4,4,3.0,0.5,6778.5,2,Good,4.95,0.32,1.43,38.78,10.0,92.94,3.87,3.44,70.38
1535.9,4,3.0,13.4,4717.4,1,Average,7.33,8.35,2.05,35.69,7.81,109.07,5.42,3.5,52.03
1721.2,2,2.0,1.8,8817.7,1,Good,7.4,9.21,5.03,32.12,7.45,84.07,3.32,3.05,56.3
2986.8,5,4.0,60.0,14759.4,1,Good,3.72,6.28,7.17,62.78,6.66,33.69,5.46,2.48,56.53
2079.0,2,1.5,40.4,9086.3,3,Fair,9.21,1.25,2.37,28.63,10.0,134.09,5.39,4.19,53.13
1207.9,2,2.0,18.9,5852.3,1,Good,4.41,0.62,4.8,41.95,10.0,59.19,7.3,3.52,39.89
2756.5,5,3.5,1.2,14517.2,3,Excellent,4.16,3.07,4.99,54.54,10.0,65.46,4.52,2.99,76.73
1581.5,3,2.0,7.1,7981.1,3,Average,1.37,1.26,0.31,80.08,9.51,37.61,5.01,5.65,39.63
3849.3,6,5.0,8.4,16101.2,3,Average,7.35,0.92,2.55,20.85,10.0,138.63,4.94,3.4,97.84
2916.1,3,2.0,11.8,10563.0,2,Average,3.54,3.48,2.09,65.55,8.11,67.45,7.05,2.12,58.9
1708.6,3,2.0,3.3,6555.5,1,Good,5.57,4.64,0.62,37.22,9.89,99.13,4.57,3.89,47.35
3128.6,6,4.0,15.5,16842.4,3,Average,8.01,2.6,1.8,25.78,10.0,124.16,5.45,2.02,83.41
2046.2,3,3.0,10.3,9388.6,3,Good,6.85,1.43,4.87,36.19,10.0,69.82,4.88,3.75,62.71
2693.2,5,4.0,53.0,11351.9,3,Good,5.38,2.5,3.67,46.21,10.0,81.25,5.03,3.73,65.08
2367.7,3,3.0,49.5,11120.8,2,Average,3.64,3.13,0.82,60.07,8.66,49.74,5.21,4.43,57.99
1485.9,3,2.0,15.0,8852.6,3,Average,6.31,0.37,0.38,34.04,10.0,121.7,6.41,2.65,47.06
1595.2,2,2.5,18.6,7259.8,2,Good,8.04,2.08,1.3,23.33,10.0,91.98,6.8,3.18,65.67
2865.5,4,3.5,2.7,14167.6,2,Good,7.76,3.12,2.68,21.56,10.0,108.37,3.67,3.35,81.3
1777.3,2,2.0,4.5,8435.3,2,Good,9.72,0.64,2.48,14.32,10.0,133.09,6.06,4.05,64.44
1734.9,2,2.0,41.6,5384.3,1,Good,5.32,2.11,0.46,46.72,9.56,72.42,6.58,3.73,51.05
1430.4,3,2.0,21.6,7846.6,1,Good,4.13,1.56,3.26,47.99,10.0,73.91,5.57,3.79,37.38
2317.5,3,2.5,3.8,12280.7,2,Excellent,7.06,6.68,1.42,34.32,8.71,105.57,6.5,4.31,79.5
4112.9,6,4.5,15.2,22453.1,3,Good,6.88,2.35,1.76,28.87,10.0,106.41,3.83,3.23,97.62
1375.2,2,2.0,49.1,8044.2,1,,6.49,1.98,3.8,47.4,10.0,106.68,5.76,4.5,44.77
2015.2,2,2.0,7.6,11540.7,1,Excellent,5.16,1.09,0.98,65.43,10.0,87.62,6.57,3.33,58.24
3275.7,6,4.5,3.7,15132.1,3,Good,1.72,10.3,6.18,82.41,6.93,50.15,4.51,4.07,63.54
1943.3,2,2.5,51.3,,1,Fair,4.69,10.59,4.94,58.26,6.54,94.48,3.78,3.03,45.72
2341.0,3,1.5,11.1,10134.1,2,Excellent,7.5,1.66,3.4,37.41,10.0,88.19,6.46,3.85,69.13
1377.7,1,1.0,9.7,6631.6,0,Average,7.01,8.67,1.78,29.0,7.31,115.43,4.73,4.27,58.31
2321.4,5,3.5,5.6,10735.7,2,Average,8.24,3.28,5.95,9.12,10.0,105.09,4.56,2.59,71.61
1871.5,3,2.5,40.0,,1,Average,7.12,5.06,1.78,23.9,9.65,97.9,3.13,4.11,52.97
2821.4,4,3.0,33.6,9872.4,2,Average,7.82,0.5,3.67,20.07,10.0,116.68,4.64,3.53,63.48
3027.8,6,4.5,9.3,16413.4,1,Good,7.88,0.27,0.32,34.27,10.0,121.34,4.43,4.93,84.41
4946.1,6,5.0,0.6,14477.5,3,Fair,6.54,2.51,2.02,36.61,10.0,107.58,3.22,3.2,107.58
2447.6,4,3.5,10.7,8680.9,3,Good,6.55,0.45,0.61,31.67,10.0,87.09,4.56,3.62,70.04
2239.5,3,2.5,3.6,9160.5,2,Average,1.26,7.31,0.51,57.92,7.33,62.37,6.5,3.28,52.3
2138.9,3,2.5,2.8,6101.7,2,Average,5.32,5.69,0.92,63.94,9.21,80.31,5.58,3.9,56.97
1765.9,3,3.0,9.0,5545.1,1,Excellent,5.4,4.21,2.47,49.57,9.13,76.98,3.4,1.8,49.21
2249.5,3,1.5,1.9,7784.8,1,Good,6.3,0.3,8.5,46.62,10.0,79.69,5.63,2.34,55.8
1801.9,4,2.5,56.8,9631.4,2,Average,4.83,2.16,1.83,46.44,9.79,61.3,6.0,3.9,43.53
2119.6,2,2.5,0.9,8156.7,2,Good,8.19,0.46,3.27,24.18,10.0,99.56,5.31,3.42,68.06
3169.0,6,4.5,9.2,11387.1,2,Good,4.91,8.65,3.07,44.48,6.61,85.9,5.16,1.9,75.83
1404.9,2,1.5,3.2,4863.7,1,Excellent,8.48,3.23,1.96,20.19,10.0,131.03,4.33,2.92,55.31
2977.9,5,3.5,21.0,14760.9,2,Fair,4.77,0.74,0.21,65.06,10.0,67.76,5.66,3.11,60.11
3168.4,6,4.0,1.5,15064.1,4,Excellent,5.41,2.83,2.72,36.25,10.0,71.27,5.84,3.04,97.95
1917.3,3,2.0,14.2,9803.5,2,Excellent,5.28,0.6,1.23,45.03,10.0,82.71,5.51,4.1,61.2
950.8,2,2.0,26.7,5062.0,0,Good,5.61,0.7,2.25,45.22,10.0,90.84,7.12,4.34,39.77
1615.3,1,1.0,53.9,6233.9,0,Fair,8.62,0.47,4.3,18.27,10.0,127.83,4.97,1.8,36.24
3146.2,5,4.0,21.6,15821.7,3,Average,5.91,6.77,2.39,49.78,8.08,79.48,3.77,3.31,77.92
1982.3,3,2.0,1.9,10820.2,4,Excellent,5.96,2.72,1.49,26.24,9.93,91.16,7.04,3.49,69.8
1408.4,1,1.5,1.7,5009.9,1,Average,5.16,1.47,0.46,58.29,10.0,106.34,3.12,2.29,48.04
1674.6,3,2.0,23.7,6994.0,2,Excellent,6.03,0.2,3.61,30.32,10.0,77.65,4.76,4.34,56.36
2681.7,5,3.5,4.4,9662.7,3,Good,6.89,2.24,2.99,23.78,10.0,103.82,4.19,3.68,77.82
2419.6,4,2.5,10.7,8438.1,2,Excellent,6.11,2.5,2.44,34.23,10.0,102.3,5.09,4.04,65.14
1837.9,3,1.5,65.0,9925.1,0,Average,6.23,1.51,1.64,34.23,10.0,83.09,5.05,3.07,45.3
1757.4,2,1.5,30.9,8356.8,2,Fair,8.33,2.32,4.43,24.24,10.0,129.34,4.15,2.82,51.33
1742.2,3,1.5,33.7,6322.2,1,Average,6.99,0.54,4.94,36.72,10.0,86.67,6.37,2.97,52.9
1446.9,2,2.5,35.5,5922.8,2,Fair,4.43,8.37,3.41,51.28,7.37,84.81,5.05,3.32,36.72
3517.1,6,3.5,17.4,19604.4,2,Excellent,6.35,1.16,4.96,25.48,10.0,98.59,6.54,3.08,84.32
1785.0,3,2.0,24.5,10226.6,2,Good,5.53,9.69,2.64,44.34,7.59,68.73,3.91,4.08,46.73
3059.5,5,3.5,8.0,16570.5,3,Good,7.44,2.37,2.07,27.62,10.0,120.16,4.01,5.4,76.09
3403.2,5,3.5,65.0,14330.8,3,Average,6.69,6.42,3.06,45.69,8.83,89.34,3.98,3.84,77.45
2833.9,4,2.5,5.9,14088.7,2,Average,8.53,2.95,2.26,22.16,10.0,121.0,5.77,1.94,75.38
1718.0,2,1.5,16.0,6740.4,2,Average,5.17,6.15,2.23,47.83,7.79,93.25,7.12,3.52,45.16
2301.5,3,2.0,6.0,7707.9,2,Good,6.15,0.23,2.2,55.68,10.0,82.26,4.87,2.51,77.21
1981.3,3,2.0,2.1,8360.6,2,Excellent,4.58,0.86,5.62,41.86,9.65,70.33,2.66,3.09,57.37
1456.4,3,3.0,15.1,8650.9,1,Average,6.42,1.6,2.25,31.3,10.0,114.65,5.72,3.37,52.62
2238.4,4,3.0,7.8,8372.9,1,Average,3.73,1.32,2.28,51.09,10.0,38.97,5.93,3.21,51.53
1322.6,2,2.0,15.8,8157.5,0,Average,7.08,9.58,1.78,41.81,8.15,126.27,4.06,2.62,43.63
3028.1,5,4.0,14.7,9953.6,3,Average,6.4,1.81,3.29,52.35,10.0,78.1,5.82,3.79,68.71
1698.3,2,2.0,14.1,6144.4,1,Fair,6.78,11.65,7.64,47.02,7.25,93.17,6.09,1.9,33.54
2144.0,3,1.5,2.4,6798.8,2,Fair,7.92,3.57,2.62,28.88,9.24,120.02,2.95,3.69,53.19
2206.5,2,2.0,10.4,9812.3,2,Fair,6.9,5.98,1.57,34.69,9.72,112.85,6.43,2.72,51.45
1825.1,2,2.0,30.1,5477.0,1,Good,4.2,1.8,5.33,48.99,10.0,77.49,6.5,3.61,46.08
2453.7,4,3.0,6.8,7586.3,2,Good,5.5,0.87,1.71,49.39,10.0,88.91,4.86,2.39,64.88
1692.2,2,2.5,10.6,7242.9,1,Good,6.36,0.37,7.21,27.31,9.45,91.99,5.91,3.57,51.09
2710.7,4,3.5,12.3,10900.5,2,Average,5.91,3.62,2.15,27.31,10.0,114.82,7.37,4.43,66.98
1247.5,2,1.5,35.7,6245.9,2,Average,6.13,11.62,2.99,33.88,7.0,106.31,4.48,2.95,38.25
2088.6,4,2.5,19.2,9030.2,4,Excellent,9.42,0.6,3.79,26.73,10.0,149.77,6.48,2.94,72.42
3938.8,6,4.0,1.9,17566.0,4,Excellent,6.68,4.93,1.7,30.96,9.87,95.93,5.47,3.72,98.84
1407.9,3,2.0,36.1,7745.5,2,Good,7.19,1.65,0.93,31.4,10.0,75.07,3.95,3.56,49.98
1576.2,3,1.5,32.1,6042.6,3,Average,2.88,14.0,1.94,63.73,4.46,72.45,3.2,2.36,38.13
2392.0,3,2.5,25.2,12837.1,3,Good,7.84,6.73,2.26,32.14,9.6,120.18,5.99,4.23,57.67
2127.8,3,2.0,11.3,9071.5,1,Good,10.0,1.04,0.77,18.91,10.0,142.56,3.76,4.01,68.45
2259.1,4,3.0,25.5,8420.8,3,Average,8.92,4.84,1.97,9.36,10.0,119.66,6.26,4.36,63.46
2371.4,4,3.0,11.7,13019.0,3,Average,5.71,4.44,4.33,41.55,9.91,85.76,2.8,3.81,67.98
2495.3,2,1.5,24.0,12649.8,2,Good,10.0,4.81,3.05,12.0,10.0,131.61,5.36,4.82,69.31
2946.6,4,3.5,38.2,18008.3,3,Fair,6.55,0.48,1.32,37.88,10.0,100.95,4.85,2.0,67.68
2306.4,4,3.0,39.8,10091.3,2,Good,7.05,5.5,4.46,40.38,8.46,90.2,7.04,4.54,60.41
1836.4,2,2.0,10.9,8633.8,3,Average,6.02,1.17,0.83,44.66,10.0,104.89,5.45,3.11,59.39
2528.5,4,2.5,35.3,10324.1,2,Fair,5.97,3.06,2.1,36.51,9.61,122.19,5.87,2.99,64.18
3885.3,6,5.0,1.9,18794.7,3,Average,2.45,0.59,1.36,76.63,9.98,44.85,4.73,2.86,88.87
1907.6,4,3.0,1.9,10601.6,3,Average,7.92,2.81,2.58,35.41,10.0,93.75,5.0,3.78,64.41
1420.7,2,1.5,14.3,6115.4,2,Average,5.97,7.78,5.34,47.06,6.76,92.17,6.36,4.0,41.04
2943.9,5,4.5,19.0,15761.8,3,Average,6.16,0.82,6.65,33.54,10.0,100.27,5.22,3.05,73.71
1915.8,4,3.0,3.0,,2,Average,6.99,6.38,2.62,36.94,9.38,111.75,4.19,3.61,58.6
934.1,3,2.5,11.5,4477.7,2,Average,5.75,2.03,5.55,48.32,10.0,113.6,6.45,5.47,35.81
2688.1,5,3.5,1.8,14298.4,2,Good,6.97,1.45,2.6,26.65,10.0,116.63,7.05,2.9,80.35
1656.8,1,1.5,16.6,9707.6,0,Good,8.67,0.39,3.43,23.41,10.0,99.29,6.85,3.1,45.33
1935.9,3,1.5,34.8,12718.4,1,Average,7.23,2.61,4.06,44.8,9.86,90.83,6.62,4.46,46.05
2244.4,4,3.0,24.1,11669.0,3,Good,6.22,0.91,3.7,40.31,10.0,102.25,4.89,2.22,73.59
2136.0,3,2.0,8.6,9290.5,2,Good,6.28,9.21,2.73,37.48,7.28,90.84,4.12,3.58,57.83
2561.4,5,3.0,65.0,10428.1,0,Average,6.86,1.07,0.72,42.14,10.0,125.11,3.89,1.8,65.9
1715.7,3,3.0,19.6,9634.3,2,Good,5.0,3.03,5.25,44.89,9.37,69.4,3.76,2.37,45.49
2391.3,4,3.0,30.4,11293.0,2,Average,6.87,2.82,2.7,17.71,10.0,117.5,5.1,2.51,67.62
1824.7,4,2.5,19.9,7208.1,1,Average,7.73,1.51,5.22,21.25,10.0,104.83,7.15,2.74,61.18
2587.9,4,3.0,65.0,10496.2,2,Average,6.66,6.32,2.88,43.18,8.8,105.23,3.38,2.46,68.89
2478.4,2,1.5,31.0,10843.0,1,Good,5.74,0.85,1.38,47.07,10.0,79.38,5.22,3.55,53.06
1440.3,2,2.0,13.2,4705.6,1,Average,5.98,5.64,0.53,39.25,8.98,101.63,4.85,4.45,51.84
2922.2,6,4.0,8.2,14630.9,4,Average,7.67,0.94,2.97,33.52,10.0,128.27,3.91,4.93,84.42
1656.4,2,2.0,20.6,5980.7,1,Average,4.52,0.33,0.91,51.65,10.0,80.52,4.92,2.63,33.81
2651.3,4,3.5,16.1,9471.8,2,Average,5.03,9.42,6.05,41.88,6.19,109.58,6.62,3.95,51.59
2272.3,3,2.0,17.9,12113.8,3,Average,3.61,3.45,1.91,65.55,9.5,56.4,5.45,4.31,44.82
3802.3,6,4.5,7.6,16084.3,3,Average,6.56,3.39,1.55,32.05,10.0,101.83,5.89,3.49,93.74
1847.9,4,2.5,10.1,9888.1,1,Average,8.05,1.19,5.72,26.47,10.0,129.43,6.38,3.93,58.56
1768.2,2,2.5,14.7,6898.6,1,Good,8.9,0.68,2.24,12.8,10.0,114.01,5.63,3.75,58.13
1984.7,3,2.5,32.9,11348.1,2,Fair,9.29,4.12,0.95,8.0,10.0,132.68,4.79,3.74,61.78
1797.0,2,1.5,25.9,6286.5,1,Average,5.26,2.54,4.35,37.11,9.65,94.75,5.31,2.85,54.48
2643.8,5,3.5,2.3,7917.2,4,Average,6.95,1.42,1.28,30.55,10.0,117.93,4.02,1.9,74.36
1134.9,2,1.5,5.1,6897.9,1,Average,5.78,1.42,3.94,34.12,10.0,107.41,5.26,3.14,44.98
1381.9,3,2.0,0.5,6102.8,1,Average,9.47,7.24,2.27,9.75,10.0,121.69,5.33,2.82,57.81
1375.1,2,2.0,0.1,5851.7,1,Good,8.85,7.25,1.36,16.23,9.83,130.77,6.65,3.19,48.96
2786.7,6,3.5,4.6,15996.2,4,Average,6.8,1.23,2.24,35.07,10.0,84.82,4.84,4.12,81.6
3636.3,5,4.0,28.9,16923.0,2,Average,5.39,5.26,3.18,32.99,7.82,76.79,4.84,4.48,83.66
1926.5,2,2.0,42.3,10478.6,2,Average,1.0,1.02,2.64,57.53,9.41,34.06,3.53,3.51,46.48
1883.5,3,2.0,8.9,7955.5,1,Average,3.92,5.48,2.71,56.57,8.14,86.09,5.91,2.51,45.78
2047.8,2,2.0,14.9,8876.4,1,Good,3.17,0.63,1.5,61.23,10.0,68.8,3.58,3.11,57.15
3000.9,4,3.0,22.0,12834.9,2,Average,3.9,4.74,0.91,44.43,9.77,70.37,4.65,2.82,69.06
1444.4,2,2.0,55.0,4696.4,1,Average,9.88,2.8,1.95,12.83,9.94,144.92,4.42,3.49,52.66
2172.1,3,2.5,43.9,9327.5,1,Good,4.17,0.6,0.32,56.0,10.0,80.24,6.18,3.05,58.28
2811.1,4,3.5,1.1,12258.1,3,Average,4.59,3.26,3.35,47.17,10.0,82.95,5.74,4.08,77.76
2381.3,4,2.0,5.1,6552.0,2,Excellent,4.84,0.88,2.6,64.93,10.0,72.64,5.98,2.76,66.97
2135.3,3,2.5,0.9,8965.5,2,Good,10.0,0.89,2.51,20.96,10.0,126.61,6.24,5.04,71.92
2836.6,4,2.5,17.3,9587.5,2,Average,6.39,2.1,2.5,33.76,10.0,95.33,4.5,2.3,66.91
800.0,2,1.5,22.3,4452.3,3,Average,8.29,10.86,0.56,20.46,6.99,109.22,4.25,3.63,42.38
2533.2,4,3.5,6.6,12311.5,3,Good,6.82,7.33,2.05,20.63,9.17,112.08,3.35,2.19,74.16
1589.3,2,1.5,34.6,9739.9,2,Good,2.93,5.8,2.24,70.03,7.74,80.08,5.34,4.19,45.63
1052.9,2,1.5,10.9,6945.9,0,Good,9.26,6.3,3.16,15.85,10.0,139.37,4.34,3.44,45.52
2389.7,2,1.5,65.0,12473.7,1,Average,7.22,2.4,0.28,39.88,10.0,82.71,5.7,3.55,62.66
3231.8,3,3.0,0.0,19779.7,3,Excellent,6.28,1.7,0.83,21.38,10.0,88.37,6.48,2.73,79.36
1904.3,3,2.5,2.1,6896.7,1,Fair,9.67,7.09,8.5,17.9,9.07,136.44,6.22,4.21,55.69
2789.2,5,4.0,6.5,10188.4,3,Good,5.88,0.47,3.77,38.79,10.0,72.49,5.33,3.88,77.43
3513.3,6,4.5,0.5,12967.5,2,Good,6.24,14.0,1.73,42.32,5.01,97.2,5.29,2.99,80.57
3166.0,5,4.0,27.4,13684.0,2,Good,5.88,2.78,2.86,43.82,9.43,99.18,5.19,3.39,79.04
3547.5,6,4.5,1.0,19347.5,4,Fair,8.44,2.69,3.69,18.51,10.0,141.75,7.54,2.73,98.29
2590.9,4,3.5,24.9,12699.4,3,Average,7.96,1.3,1.19,15.99,10.0,142.06,4.56,2.67,72.53
2051.7,3,1.5,1.0,8748.1,2,Good,7.0,0.8,4.39,37.12,10.0,88.84,5.29,2.94,54.53
1140.6,3,2.0,5.2,6791.5,2,Excellent,4.61,3.85,6.15,43.59,8.92,76.35,5.0,3.19,39.03
1833.3,1,1.0,33.1,8574.2,1,Excellent,5.83,1.64,0.56,49.36,10.0,90.63,4.34,3.4,52.74
1487.5,3,2.5,54.3,5798.2,1,Fair,4.61,1.35,3.9,45.51,10.0,67.99,4.78,3.37,44.45
4272.0,6,4.5,9.6,19115.6,3,Average,8.59,0.77,3.94,19.91,10.0,125.15,5.23,2.75,100.95
1878.9,3,2.0,63.1,10791.7,2,Good,3.67,2.65,3.76,51.38,10.0,66.03,3.9,3.97,58.56
2086.2,5,3.5,17.7,12499.2,4,Excellent,9.37,3.04,5.22,14.22,10.0,141.35,7.01,4.22,68.33
2423.6,3,2.0,9.7,12419.7,1,Excellent,8.82,2.07,1.72,8.0,10.0,145.4,6.0,4.09,67.79
2028.9,3,1.5,29.2,8268.4,1,Average,4.85,0.24,0.56,41.57,10.0,82.59,6.4,3.93,52.75
3616.5,6,4.5,6.3,11151.3,2,Excellent,5.75,2.37,0.9,60.59,10.0,84.27,5.02,1.8,84.95
1606.9,1,1.5,5.6,7338.5,2,Good,5.22,1.22,1.82,53.93,10.0,70.65,4.86,2.65,45.69
2139.0,3,2.5,19.2,10045.6,3,Average,7.27,,1.28,29.38,10.0,137.25,4.96,2.28,64.69
1540.9,2,2.0,8.9,6282.3,2,Excellent,9.04,2.96,0.95,19.05,10.0,141.68,4.43,2.07,56.68
1258.9,3,2.0,2.6,6156.2,2,Average,8.63,3.76,3.92,21.33,10.0,129.89,6.63,4.26,54.86
1613.0,3,1.5,1.2,9014.9,2,Average,5.72,2.54,2.0,41.2,10.0,88.46,6.74,4.67,52.4
1972.5,3,2.5,27.9,12272.8,2,Good,8.76,3.25,5.06,21.96,10.0,148.29,5.8,3.41,62.0
1719.4,3,2.0,20.3,9411.4,2,Average,8.61,,1.91,13.39,10.0,121.77,7.07,3.75,58.46
1568.2,2,1.5,9.6,5844.9,2,Good,6.16,0.62,2.42,53.95,10.0,71.87,7.84,3.13,57.12
1221.4,3,2.0,40.8,4977.2,2,Average,6.48,0.98,3.85,36.38,10.0,103.26,7.23,4.28,40.63
1940.9,3,2.0,9.5,5811.3,2,Excellent,9.28,0.23,4.4,23.17,10.0,114.47,4.68,3.61,64.58
1180.1,2,1.0,22.3,5946.4,0,Fair,8.41,13.04,2.63,33.43,6.59,125.42,2.54,3.01,41.88
2607.2,4,3.0,43.2,9430.8,2,Average,8.7,0.96,1.85,20.69,10.0,143.92,6.02,3.82,67.92
2056.7,4,2.5,33.1,10910.6,2,Average,10.0,5.59,1.0,8.0,9.85,116.58,5.67,3.26,67.24
1199.7,2,1.5,12.9,8316.0,2,Average,7.49,5.06,1.12,39.53,9.59,98.48,5.32,3.55,50.11
1793.2,4,2.5,20.5,6490.0,2,Average,7.09,4.11,3.99,43.4,8.96,118.6,4.94,3.92,60.98
1535.7,2,2.0,9.6,6090.7,2,Fair,8.94,2.11,8.05,8.0,10.0,120.87,6.69,6.2,50.04
2234.4,3,3.0,18.8,12687.2,1,Average,10.0,3.01,1.22,8.0,10.0,145.81,3.5,4.74,66.63
3194.4,6,4.5,5.4,17958.7,2,Excellent,5.4,0.86,0.76,45.7,10.0,92.94,6.89,3.51,84.51
1036.6,2,1.0,10.3,5994.9,2,Good,6.14,0.56,1.3,34.88,10.0,108.03,7.11,2.7,45.15
2080.3,3,3.0,4.2,7514.0,1,Good,4.67,1.59,0.24,40.75,10.0,69.61,5.37,1.8,55.62
1889.3,4,3.5,0.7,7553.6,2,Average,7.12,5.79,1.87,28.28,9.87,71.12,5.51,4.36,60.48
2527.5,4,3.0,16.0,13684.8,2,Good,8.1,2.86,0.89,8.14,10.0,123.71,3.9,4.24,85.84
2153.0,3,3.0,36.0,10433.1,3,Good,4.79,4.82,4.56,58.95,8.8,58.14,6.3,2.93,49.38
1535.8,3,2.0,0.5,5252.5,2,Excellent,8.54,7.27,1.06,29.68,8.53,136.31,6.6,3.33,55.47
1787.1,4,2.0,3.9,8377.5,2,Average,5.68,2.83,2.03,52.86,9.9,89.77,6.04,3.56,58.19
1512.3,4,2.5,11.1,8809.3,3,Average,5.54,1.66,3.43,43.29,10.0,84.54,3.84,3.85,46.47
2912.0,4,4.0,19.7,9835.4,4,Excellent,8.53,6.39,1.75,21.33,8.82,132.81,3.43,4.64,84.34
2013.2,4,2.5,3.4,11414.5,2,Average,5.37,1.03,2.86,55.75,9.49,62.42,4.94,2.42,54.38
3887.1,6,4.5,1.1,11522.6,3,Good,3.97,0.28,1.69,53.35,10.0,67.89,5.29,3.91,80.75
1956.2,2,2.0,13.2,11381.7,2,Fair,7.84,0.37,3.36,17.24,10.0,121.41,6.32,3.56,57.7
1559.4,1,1.0,30.7,8307.6,0,Average,6.26,2.99,3.54,32.54,10.0,100.56,4.94,3.02,40.56
1176.4,3,2.0,0.6,3998.6,2,Good,8.66,7.33,0.79,21.61,8.43,117.71,6.37,4.0,54.75
1063.1,1,1.0,7.7,5807.3,2,Good,8.0,2.86,3.26,19.46,10.0,110.29,6.44,3.32,47.62
1147.7,2,1.5,19.6,5913.1,2,Good,3.35,1.88,1.12,60.78,9.07,85.17,5.72,3.34,39.49
2194.0,3,2.0,2.5,13029.7,2,Average,8.87,2.95,2.18,8.0,10.0,139.76,6.16,3.64,65.05
2387.6,4,3.0,4.8,10249.6,2,Average,9.92,3.76,0.44,8.98,10.0,129.78,4.74,3.06,72.8
1148.9,2,2.0,13.8,6308.0,1,Good,8.36,4.75,2.26,22.61,10.0,140.02,3.94,3.89,53.24
2733.3,3,3.0,55.1,12586.9,2,Good,8.43,1.57,1.79,20.87,10.0,132.55,4.57,3.1,69.86
1687.4,3,2.0,6.1,7925.5,2,Good,6.05,1.77,1.99,32.41,10.0,101.46,4.28,4.67,57.89
2103.5,2,1.5,12.0,12024.2,1,Good,5.64,0.28,0.94,47.23,10.0,97.25,6.53,3.57,60.27
3513.2,5,4.0,9.2,9368.3,1,Fair,6.88,3.56,3.44,36.86,10.0,88.1,6.15,2.9,80.64
2735.0,3,3.0,41.0,9299.2,2,Average,8.16,5.0,4.32,8.0,10.0,139.87,2.97,3.63,68.35
1818.9,2,2.0,1.3,7049.6,3,Excellent,8.11,2.49,2.7,25.57,10.0,131.59,5.4,4.14,63.81
1462.8,2,2.0,15.0,6326.3,1,Excellent,5.71,1.71,2.66,37.91,10.0,94.12,3.24,2.22,52.97
940.9,1,1.0,33.7,6262.5,0,Good,5.53,1.5,1.65,38.48,10.0,92.0,4.01,4.35,34.68
1553.5,1,1.5,65.0,8155.8,1,Average,3.82,3.51,1.76,49.58,9.09,67.62,6.12,3.66,29.63
1855.9,3,2.5,21.6,9185.9,3,Good,7.66,1.49,4.13,19.83,10.0,105.18,3.3,3.38,64.09
1414.4,2,2.0,8.6,7114.3,2,Good,5.8,3.12,5.24,41.8,9.97,99.17,3.7,2.89,47.91
1908.5,4,2.5,9.6,7137.8,3,Fair,5.96,8.57,3.03,45.54,7.83,82.38,4.07,3.66,54.06
2052.7,5,3.0,7.8,9840.8,3,Good,9.61,1.48,1.49,13.13,10.0,137.63,3.46,2.74,72.83
1847.0,2,2.0,16.7,5838.0,2,Average,7.58,0.43,1.63,35.0,10.0,113.5,3.64,1.91,57.46
1591.6,3,2.5,24.2,5513.3,1,Good,7.08,6.83,0.58,35.33,9.0,111.83,5.14,2.87,43.24
2119.7,4,2.5,30.8,7433.5,2,Fair,7.99,1.22,2.48,8.0,10.0,130.11,3.35,3.2,65.76
2332.5,3,2.5,9.7,11377.0,2,Excellent,9.06,14.0,2.07,8.34,4.64,134.8,4.93,3.86,66.79
1364.3,1,1.5,22.7,5806.2,1,Average,3.59,6.07,1.52,66.14,9.15,75.98,5.21,3.24,34.14
3274.2,5,4.0,44.6,11916.1,2,Fair,5.48,1.98,0.64,36.55,9.91,60.88,6.03,2.54,69.62
1930.4,3,2.0,45.6,6826.3,2,Average,6.08,3.37,4.0,16.24,10.0,101.39,6.22,2.9,49.13
2011.4,3,2.5,21.9,,1,Average,4.74,1.24,2.79,63.6,10.0,80.55,3.69,3.42,51.94
2560.3,4,3.0,18.2,14013.2,3,Good,6.02,0.48,0.93,41.1,10.0,99.46,3.74,3.88,73.09
2168.1,3,2.0,13.6,7161.4,1,Excellent,3.71,2.59,4.21,52.32,10.0,60.23,3.68,4.01,57.23
2789.4,4,3.5,3.6,15104.9,2,Good,8.16,1.97,2.86,14.43,10.0,134.95,6.07,2.38,74.86
2209.4,4,2.5,2.4,10360.2,2,Fair,5.57,11.41,1.71,47.41,5.91,92.54,5.58,3.44,57.72
1612.7,3,1.5,12.0,6241.5,1,Average,6.86,3.11,1.03,38.06,9.59,93.48,4.81,3.98,50.67
2267.7,3,2.5,3.1,8140.6,0,Excellent,6.59,4.6,1.79,38.6,9.87,92.86,3.89,2.75,67.39
1339.0,3,2.0,15.5,8620.0,2,Good,7.5,0.66,1.91,25.1,10.0,123.93,5.37,4.75,55.19
2075.6,2,2.0,18.7,7727.8,0,Good,2.07,4.32,3.27,59.2,9.35,47.62,6.71,3.03,38.53
1975.1,3,3.0,13.4,10018.8,2,Average,7.31,0.39,4.85,29.31,10.0,109.0,6.63,4.16,71.83
1857.8,3,2.5,0.7,9918.1,1,Average,6.0,3.24,1.1,48.34,9.7,91.29,3.58,3.92,58.28
1910.3,3,2.5,1.1,11337.0,3,Average,7.23,6.04,3.4,24.14,9.71,122.33,6.38,2.88,52.76
1034.2,1,1.0,2.2,4802.0,1,Good,4.38,2.31,2.45,55.82,8.58,82.09,3.57,3.41,38.82
1649.0,4,3.0,3.0,9506.7,2,Average,7.24,0.97,6.07,28.84,10.0,91.69,4.76,4.42,55.86
2064.2,3,2.0,65.0,11197.5,0,Good,8.84,2.08,5.31,26.06,10.0,112.97,4.63,3.0,58.1
2113.2,5,3.5,7.6,8419.3,3,Average,6.84,6.09,1.31,25.29,8.33,103.74,5.49,3.53,56.15
1394.5,3,2.0,6.2,6907.5,2,Average,5.21,4.21,2.95,46.71,10.0,75.9,4.1,2.27,45.95
3111.9,5,4.0,1.0,13329.6,2,Good,5.29,3.18,1.7,52.2,9.93,55.56,5.31,3.67,73.12
1475.6,3,1.5,18.2,7098.7,2,Good,7.54,3.99,1.15,23.72,9.91,101.25,4.01,3.1,61.49
2805.4,6,3.5,19.0,13857.0,3,Good,7.53,5.95,1.07,31.33,8.4,107.64,5.39,3.79,77.08
2320.5,3,2.5,3.5,10967.5,2,Average,7.14,0.73,2.0,31.3,10.0,101.53,3.75,2.77,71.0
1593.7,2,2.0,45.3,4914.3,1,Fair,6.43,6.1,1.54,34.68,9.42,109.06,4.76,3.64,47.23
3719.6,5,4.0,29.0,21510.4,2,Good,6.87,5.46,7.14,31.29,9.01,72.67,5.2,3.14,86.07
1315.8,2,2.0,4.7,6234.6,2,Good,6.38,2.28,3.19,45.89,9.07,87.59,4.92,1.8,48.77
2756.5,3,3.0,12.0,16004.1,2,Average,5.81,1.85,3.56,32.03,10.0,103.01,6.13,3.47,74.64
2836.2,5,3.5,11.0,16823.6,3,Good,7.86,8.83,2.78,28.75,7.79,106.08,2.72,4.35,76.73
1580.2,4,2.0,7.7,,2,Good,7.06,5.68,5.6,26.74,8.99,89.21,5.39,2.58,56.75
3253.1,5,3.5,30.6,17224.0,2,Excellent,8.82,14.0,1.59,18.74,5.88,116.93,4.29,2.92,80.69
1830.8,3,2.5,2.1,6132.0,1,Average,8.51,3.48,2.89,24.88,10.0,129.12,5.85,4.39,60.75
2210.7,3,2.0,9.7,8877.0,3,Average,7.0,0.3,2.67,30.06,10.0,101.95,5.23,3.82,57.82
2188.8,4,3.0,10.1,8494.1,3,Average,7.57,0.73,4.32,8.0,10.0,101.92,6.4,3.15,59.25
1906.4,2,2.0,11.4,7887.3,2,Good,4.78,5.69,3.72,37.22,8.97,86.68,4.94,3.62,51.83
2653.9,6,3.5,35.6,12819.0,4,Average,6.36,3.46,4.54,18.89,10.0,103.39,6.56,2.93,74.39
2637.9,6,4.5,4.4,7789.7,3,Good,7.12,0.91,2.2,33.72,10.0,89.15,5.37,5.25,77.11
1083.6,2,2.0,2.0,5973.9,2,Average,3.65,0.24,1.51,57.13,10.0,68.31,3.78,4.07,49.53
3154.3,5,3.5,17.3,16766.1,3,Excellent,7.27,1.18,3.47,29.25,9.73,90.45,4.31,4.68,88.01
1116.7,3,1.5,3.4,4388.8,2,Average,4.77,0.67,1.76,41.84,10.0,96.28,4.55,3.47,43.25
2868.1,5,3.5,1.4,12441.4,2,Excellent,4.97,6.89,0.72,47.02,9.72,99.4,5.33,2.44,82.89
2964.2,4,2.5,10.0,13308.7,2,Excellent,5.55,7.06,2.95,31.86,7.47,84.76,6.19,3.78,78.71
1364.0,2,1.5,4.5,8762.1,1,Average,6.45,6.11,1.71,42.01,10.0,114.03,5.87,4.34,40.73
1730.6,2,2.0,8.1,7747.5,2,Good,4.11,0.52,2.82,55.72,9.83,61.67,5.93,4.37,49.48
1357.0,2,2.0,5.4,5039.3,2,Good,8.04,0.66,1.13,16.72,10.0,115.52,4.38,2.13,58.82
1853.4,3,2.0,1.7,7613.9,2,Excellent,6.82,0.67,1.26,30.94,10.0,95.24,6.17,3.56,66.56
1794.0,2,2.0,14.8,6021.5,1,Average,9.96,1.16,3.92,8.46,10.0,139.25,5.31,2.2,62.56
2625.1,4,2.5,0.5,15514.2,2,Good,7.04,0.44,2.76,20.48,10.0,106.89,6.07,2.96,74.92
3160.9,4,3.0,61.1,10392.3,3,Average,7.53,12.98,7.38,33.31,6.06,111.53,3.57,3.84,65.0
3256.8,5,3.5,7.5,9937.9,1,Good,4.96,6.38,3.91,55.26,8.26,80.81,5.7,4.4,72.04
1641.3,3,2.0,21.4,10381.4,1,Good,4.37,0.43,2.33,52.58,10.0,77.07,4.53,3.57,46.4
1857.1,2,1.5,29.9,10700.3,2,Average,7.61,0.7,3.0,32.7,10.0,130.14,3.81,2.54,50.25
1108.5,2,1.5,5.9,6368.9,2,Good,4.53,1.17,2.48,75.23,10.0,48.97,5.91,3.85,42.07
1507.1,1,1.0,24.9,7478.5,1,Good,7.66,4.97,4.5,8.72,9.68,139.93,4.73,2.76,53.28
2800.9,5,3.5,32.2,14287.1,3,Average,9.57,4.21,2.38,13.45,10.0,130.16,5.78,3.18,86.63
3517.3,6,4.5,5.0,15945.4,3,Good,8.2,3.39,3.32,12.21,10.0,118.24,4.12,3.47,92.09
1297.2,2,1.5,65.0,4995.7,1,Average,7.53,7.98,1.08,38.2,8.55,130.17,7.43,2.9,40.72
1624.0,2,1.5,0.4,7860.9,2,Good,6.99,0.32,0.52,33.0,10.0,113.82,5.07,3.88,57.74
1979.8,3,2.5,4.4,5973.1,2,Excellent,5.81,0.76,0.7,34.49,10.0,99.29,4.68,3.96,63.65
2204.1,3,2.5,27.3,8738.1,1,Excellent,6.29,0.87,3.8,33.12,10.0,114.82,6.29,4.17,59.69
1505.1,1,1.0,3.9,8445.3,1,Average,5.48,0.4,3.18,54.41,10.0,85.74,5.11,4.47,46.24
2317.9,5,3.5,21.6,,3,Good,4.13,3.28,1.17,55.75,9.36,85.39,8.68,3.29,65.9
1692.8,2,1.5,34.8,10969.5,2,Average,6.56,0.95,1.6,42.0,9.77,82.84,6.48,2.48,46.46
1988.1,3,2.0,57.6,8867.7,3,Fair,8.49,2.31,1.15,31.82,10.0,128.53,4.68,2.55,59.0
2419.2,5,3.5,11.6,10445.6,4,Good,4.18,3.9,2.39,60.01,9.47,80.94,5.28,4.7,62.51
2002.7,6,4.5,63.8,8856.0,4,Average,9.02,3.1,4.7,23.72,10.0,144.74,5.27,4.61,59.54
1715.2,2,1.5,9.5,8213.0,3,Average,8.69,1.3,3.49,16.92,10.0,134.86,4.04,4.4,59.93
1923.0,3,2.0,4.4,7866.5,2,Average,7.21,1.91,8.35,11.94,10.0,110.83,6.61,2.96,65.53
1937.3,3,2.0,13.0,11064.3,1,Average,7.23,1.53,1.96,31.57,10.0,103.69,4.73,4.67,55.8
1755.5,2,1.5,18.9,3634.5,2,Fair,6.16,6.32,3.91,33.51,9.54,91.29,4.93,3.27,40.09
1825.2,2,1.5,11.0,10200.2,1,Good,6.58,1.94,4.0,42.0,9.96,96.14,5.44,3.66,50.55
3496.5,5,4.0,15.1,12785.5,3,Average,5.67,0.4,3.09,30.07,10.0,71.98,4.19,4.02,90.98
2431.6,4,2.5,9.7,14217.3,2,Good,6.56,3.29,0.65,39.0,10.0,124.81,5.43,4.35,76.56
1801.9,2,2.0,13.4,7315.2,2,Good,6.75,0.9,2.4,33.65,10.0,116.63,4.65,3.81,61.37
2550.2,5,3.5,54.9,13443.3,2,Average,9.89,1.52,5.38,12.47,10.0,142.25,4.68,4.43,80.55
1777.9,3,2.0,12.5,9424.1,2,Good,7.52,1.47,2.38,31.59,10.0,122.87,5.02,3.41,65.09
3012.7,5,3.0,5.3,10776.6,3,Excellent,6.12,,0.71,37.09,10.0,105.96,4.39,3.25,82.5
2274.2,3,2.0,25.6,12575.7,1,Average,6.32,9.85,2.66,36.08,6.5,83.8,3.48,3.16,53.08
1924.5,3,2.0,7.4,7064.8,1,Average,5.22,2.73,3.19,53.47,9.65,93.9,5.39,2.54,56.29
2337.2,4,4.0,30.5,8158.5,1,Good,5.51,0.74,2.12,45.82,10.0,106.17,2.68,1.8,65.17
1153.1,1,1.0,1.1,5767.2,0,Good,8.14,2.8,1.35,29.95,9.27,109.11,2.72,4.18,46.22
1347.0,2,1.0,7.3,4641.5,2,Excellent,5.61,2.12,4.46,44.39,10.0,68.05,5.25,3.22,49.22
1315.7,1,1.0,1.8,4958.5,1,Good,5.39,1.55,1.7,46.98,10.0,70.7,5.0,3.96,43.49
2100.7,3,2.5,1.6,8543.6,2,Excellent,5.43,2.25,2.46,43.87,10.0,86.14,5.49,3.85,68.61
3664.3,4,3.5,19.3,19742.1,2,Average,5.19,3.74,2.16,33.77,10.0,67.58,5.93,3.52,75.61
4363.2,6,4.5,8.8,14176.8,3,Fair,8.53,0.91,8.29,9.59,10.0,120.67,3.03,4.11,102.74
2498.2,4,3.0,36.9,11837.0,1,Good,6.76,2.67,1.36,33.9,9.67,93.54,4.52,4.2,68.04
2381.0,5,3.0,13.1,11495.5,1,Good,5.99,5.57,5.18,24.56,8.42,93.89,4.71,2.69,65.17
1063.8,2,1.0,6.3,5017.6,1,Good,6.55,1.01,5.38,35.31,10.0,93.22,5.54,4.55,44.93
1652.5,2,2.0,23.0,10096.6,1,Good,6.89,2.52,2.96,25.67,10.0,103.74,5.45,4.05,53.03
1516.7,2,2.0,17.6,7896.9,2,Average,5.15,11.0,3.71,44.31,6.65,92.72,4.75,2.74,43.34
1607.9,4,3.0,28.9,7545.5,2,Average,4.0,5.36,6.88,57.66,8.66,57.57,5.25,2.91,42.1
1884.0,4,3.0,18.6,7280.9,3,Average,8.91,3.08,5.67,8.0,10.0,131.4,4.9,2.47,62.99
1693.9,3,2.0,3.3,5611.6,1,Fair,8.28,4.62,8.5,26.28,9.71,108.27,4.2,3.87,57.05
999.5,2,1.5,20.0,6731.0,2,Good,7.18,2.59,3.9,26.99,10.0,107.49,5.26,3.27,38.35
2596.1,4,3.0,8.9,14868.2,2,Average,8.15,13.99,2.27,8.0,6.96,117.63,2.84,1.8,73.16
1372.7,3,2.0,11.2,6703.0,3,Good,9.95,0.79,3.27,8.0,10.0,144.36,5.47,2.98,62.11
2172.7,3,2.0,45.8,6997.1,2,Fair,5.54,4.27,2.58,45.76,8.38,91.25,6.75,3.11,50.31
4129.6,5,4.0,8.0,17592.9,3,Good,4.48,0.22,1.41,45.68,10.0,93.91,4.82,3.48,96.77
1448.4,1,1.0,17.0,5808.3,0,Excellent,7.69,0.63,3.79,23.01,10.0,113.08,7.47,2.25,52.82
824.2,1,1.5,8.1,5229.4,1,Good,3.86,4.29,3.25,58.03,9.38,60.6,5.86,3.49,30.15
1807.9,2,2.0,1.8,10913.1,1,Excellent,6.57,4.76,2.31,29.82,8.54,113.55,6.8,4.53,56.35
2937.6,5,3.5,10.9,11442.0,3,Good,5.96,0.33,3.4,37.11,10.0,98.21,5.62,3.54,79.12
3965.6,6,4.5,16.4,12706.4,1,Fair,7.71,1.5,0.32,14.44,10.0,126.08,5.81,3.84,99.28
1299.4,2,1.5,9.4,5927.4,1,Good,5.63,0.6,2.28,38.37,10.0,88.09,5.36,4.57,46.3
2377.6,4,3.5,8.9,11860.4,2,Good,8.66,7.27,3.84,36.63,9.69,106.26,3.48,3.33,66.39
1697.9,3,2.0,30.9,7144.4,0,Fair,5.16,2.14,4.26,43.58,9.95,115.7,3.04,3.3,49.53
1925.5,3,2.5,0.5,7749.3,1,Good,7.77,2.07,5.15,29.27,10.0,105.92,4.93,3.66,57.99
5041.8,6,5.0,6.3,28000.0,2,Fair,5.3,5.76,1.29,41.63,8.28,69.7,4.54,2.74,105.1
1180.8,2,1.5,30.1,7677.3,0,Average,7.49,4.0,1.83,23.88,9.24,121.14,4.57,2.88,39.16
2183.8,5,3.5,45.6,10305.2,2,Average,4.67,8.38,3.66,49.33,6.82,65.51,3.81,1.87,49.98
2353.6,3,2.0,9.6,7966.6,2,Excellent,6.46,9.13,1.47,43.71,7.99,93.76,6.42,5.12,62.87
2922.0,4,3.0,39.5,8448.1,2,Average,8.88,1.4,2.13,27.07,10.0,128.86,4.07,4.02,74.04
2067.9,2,2.5,4.0,7977.8,2,Good,6.71,3.54,1.18,30.77,10.0,100.12,3.99,2.69,64.2
2225.7,3,2.5,4.5,10156.8,1,Good,8.63,2.7,1.55,20.01,10.0,119.15,5.24,4.17,71.72
1742.2,3,2.5,33.7,8247.5,3,Average,6.45,3.1,1.97,31.54,10.0,121.46,6.39,2.79,50.51
2195.6,4,3.0,42.0,10707.0,2,Good,5.59,3.34,3.47,48.91,10.0,87.73,6.13,3.45,54.98
1772.0,4,3.0,4.5,9183.8,3,Fair,6.81,0.4,3.9,38.64,10.0,90.72,4.49,3.45,63.5
2483.8,3,3.0,1.1,8290.9,1,Excellent,7.61,7.41,3.59,24.93,9.24,126.23,4.97,3.07,70.16
1755.7,4,2.5,1.7,5711.7,2,Good,3.07,0.68,1.04,71.02,10.0,50.19,7.0,2.79,50.74
2280.1,2,2.0,5.5,8506.9,2,Excellent,7.44,1.97,0.98,32.93,10.0,109.03,6.42,4.31,61.88
1977.8,4,2.5,25.8,6254.7,2,Fair,4.81,1.31,3.82,43.9,10.0,67.63,6.16,3.46,57.1
2963.5,4,3.0,12.8,9536.9,1,Fair,4.36,2.78,1.43,51.66,9.73,78.11,5.62,4.66,66.66
1962.6,4,2.5,10.9,8698.1,1,Average,7.47,10.62,3.13,26.9,6.96,111.46,5.31,2.62,45.42
1074.3,1,1.5,15.8,6172.7,2,Good,8.91,1.9,3.01,9.61,10.0,127.05,7.41,3.05,43.94
3107.8,6,3.5,39.8,16715.8,3,Average,6.89,3.16,1.4,30.72,9.87,106.33,6.44,3.37,73.93
1455.3,1,1.0,1.7,8410.4,1,Good,4.06,0.69,4.63,61.96,10.0,83.14,5.33,4.23,52.44
1589.5,2,1.0,21.4,8096.7,1,Good,5.29,2.19,5.79,52.46,9.47,95.71,6.0,2.81,56.3
1622.2,2,1.5,47.1,8608.8,1,Good,5.75,8.12,0.44,50.49,6.94,76.54,4.93,3.83,46.12
3232.6,4,3.0,4.3,10996.6,2,Good,6.85,8.82,7.06,40.42,7.08,94.36,3.44,3.66,80.23
946.3,2,2.0,32.7,5584.6,0,Average,6.37,2.73,6.89,36.82,9.92,111.2,4.08,4.47,42.82
5200.0,6,5.0,21.6,16720.8,2,Average,7.39,4.88,3.26,25.48,9.15,99.04,4.69,3.77,102.04
2891.8,6,4.0,0.3,10280.1,4,Good,8.3,0.21,0.2,25.77,10.0,127.34,4.62,2.05,87.27
2160.6,4,3.0,4.7,8937.9,1,Average,7.12,2.63,0.79,16.45,10.0,118.64,4.4,2.64,66.01
1960.2,4,3.0,16.8,11700.7,3,Average,8.12,4.42,1.95,20.86,9.96,95.36,4.45,2.68,70.11
2208.2,4,3.0,12.6,14014.6,3,Good,6.01,1.48,1.36,48.93,9.95,88.48,6.64,3.06,75.23
2398.0,4,2.5,13.5,13837.1,3,Average,10.0,7.61,1.8,8.0,8.75,151.41,7.22,4.39,83.4
2504.5,4,2.5,4.7,12544.2,2,Average,7.5,5.04,5.35,33.55,10.0,109.14,6.64,3.2,68.76
2427.1,4,2.5,20.2,11712.1,2,Good,7.73,4.9,2.1,24.17,10.0,108.25,2.83,3.43,72.76
2061.8,4,3.0,5.6,11464.9,2,Good,9.66,0.27,3.35,14.75,10.0,147.77,6.39,3.23,70.62
1864.8,3,2.5,8.9,8749.3,0,Average,6.66,0.85,2.55,20.35,10.0,117.03,6.01,3.8,57.79
1895.2,3,3.0,8.3,11471.7,2,Good,5.34,4.2,1.56,55.85,8.97,76.89,5.16,2.86,61.68
1866.4,3,2.5,20.1,6499.7,2,Good,8.85,2.84,7.3,8.0,10.0,151.53,4.65,3.27,66.8
2971.5,5,2.5,1.7,11200.9,2,Excellent,8.96,2.96,0.93,9.21,10.0,103.03,4.86,3.26,88.92
2459.6,3,2.5,4.1,13995.6,2,Good,6.78,0.25,2.5,45.91,10.0,81.83,6.29,3.35,64.5
800.0,1,1.0,4.0,4349.0,1,Average,9.67,2.07,1.78,12.46,10.0,129.81,5.62,2.98,54.84
2513.8,5,3.0,2.1,14240.4,2,Good,6.35,5.14,1.18,34.98,9.97,93.34,6.54,2.4,73.25
2139.1,4,2.5,4.2,9149.6,3,Average,8.18,3.69,7.75,36.04,9.9,115.01,6.1,4.1,63.57
1985.2,4,2.5,16.8,11704.4,3,Average,9.23,2.92,1.55,21.8,10.0,123.64,6.78,3.31,69.68
1744.1,3,1.5,23.7,6371.1,2,Good,6.68,4.02,2.27,32.01,9.78,91.63,5.9,4.25,49.94
2961.5,5,4.0,19.4,14643.2,3,Good,7.32,6.29,2.61,28.79,8.32,106.12,3.95,3.76,75.83
2784.0,5,3.0,11.6,11987.3,3,Good,8.35,6.26,4.93,31.31,9.48,112.73,3.44,3.79,75.52
1524.6,4,2.5,1.0,7658.8,2,Average,5.84,2.15,3.97,31.87,10.0,101.72,5.91,4.25,48.26
2304.2,2,2.5,57.5,10308.8,2,Average,5.03,1.38,0.97,58.33,10.0,83.33,5.86,5.35,55.08
1422.1,1,1.0,3.3,8097.3,1,Good,8.9,1.66,1.45,14.37,10.0,124.25,4.52,4.38,47.85
1232.9,3,2.0,19.9,6133.3,1,Good,7.05,2.56,3.43,24.69,10.0,105.09,5.47,4.06,46.37
1604.6,2,1.0,43.9,5698.4,1,Average,5.59,0.5,2.56,49.45,10.0,104.88,4.7,3.62,34.47
2702.2,4,3.0,81.5,13996.0,2,Average,6.67,3.06,1.65,41.13,10.0,94.93,4.66,4.34,68.77
2789.4,4,3.5,4.4,10673.4,4,Good,7.42,2.13,3.9,16.72,10.0,92.45,3.62,2.84,78.1
2391.3,3,2.5,6.8,10270.3,2,Excellent,3.68,4.75,1.26,57.93,8.39,53.58,5.25,3.84,66.36
2575.5,3,2.5,0.6,8785.1,3,Average,7.79,1.22,1.22,17.51,10.0,111.31,4.63,4.36,75.37
2393.9,5,4.0,17.1,13264.1,3,Average,7.24,0.42,0.75,35.73,10.0,114.95,5.62,4.11,68.69
1596.4,3,3.0,17.1,5793.4,2,Good,9.48,7.4,3.05,25.43,8.06,146.33,3.27,3.34,58.04
2324.3,4,3.5,23.3,,2,Average,6.11,0.43,2.55,40.25,10.0,118.3,5.86,3.74,70.48
2644.3,5,3.5,0.2,15358.1,1,Average,8.98,8.59,4.11,9.62,7.48,138.6,4.63,3.15,70.9
2601.9,5,3.0,30.7,13944.7,2,Good,6.42,2.4,1.2,44.94,9.68,86.46,4.03,2.82,80.41
3029.4,6,4.0,24.2,11076.7,3,Fair,6.75,0.39,0.2,33.77,10.0,99.79,4.72,4.49,79.44
2560.4,5,3.0,2.7,13291.7,2,Good,7.01,0.63,2.7,34.94,10.0,75.27,3.44,3.07,68.69
2259.7,3,2.5,7.7,12659.2,2,Average,10.0,2.64,1.23,8.0,10.0,135.64,4.88,3.07,68.02
2906.1,4,2.5,18.3,8669.7,1,Good,4.27,0.25,2.25,54.5,10.0,65.62,5.34,3.08,69.88
1979.7,4,3.0,12.3,9757.8,3,Average,7.39,8.09,2.72,32.29,7.78,77.62,5.28,2.88,61.19
1467.5,2,2.0,2.2,7541.9,2,Excellent,6.58,5.29,1.6,12.38,7.86,130.13,5.71,2.86,58.66
1887.3,3,2.0,1.6,9433.5,1,Average,6.45,2.45,3.21,36.96,10.0,93.87,4.58,2.11,56.84
1539.6,3,2.0,27.4,7482.4,2,Good,7.55,8.54,0.89,30.21,8.83,82.32,6.06,2.24,49.03
1577.6,3,2.5,3.1,9536.1,3,Average,8.49,1.16,2.77,23.87,10.0,118.81,5.49,3.26,56.39
1899.6,2,1.0,3.4,,3,Excellent,7.46,6.34,3.22,9.65,8.99,133.87,6.1,3.74,63.55
1514.2,3,2.0,32.0,6613.6,1,Average,8.72,5.43,2.43,19.77,9.59,152.02,7.03,2.14,58.45
1794.0,3,2.0,17.0,6001.3,2,Excellent,6.05,2.99,2.45,39.28,10.0,95.37,3.49,3.54,57.95
1029.9,2,1.5,16.7,5098.4,2,Average,6.41,1.43,2.25,40.19,10.0,100.09,4.78,4.36,43.82
2153.1,4,3.0,11.7,6845.1,2,Average,4.7,2.82,1.84,34.29,8.82,96.19,4.36,3.05,63.47
1999.0,4,3.0,15.1,11214.8,3,Excellent,10.0,10.29,3.82,8.0,6.17,137.89,7.55,2.66,64.5
1501.2,3,2.0,16.6,6715.9,2,Fair,6.16,0.48,0.44,22.5,10.0,102.33,5.86,3.35,51.51
2516.8,5,3.5,61.9,10057.9,3,Fair,5.97,0.92,5.8,39.55,10.0,105.35,5.52,3.79,64.35
2774.3,5,3.5,4.5,11293.2,2,Good,7.59,3.5,2.26,26.5,10.0,97.24,6.52,2.98,72.95
1138.4,2,1.0,4.3,7517.8,1,Average,8.49,3.83,3.58,16.89,10.0,144.18,5.21,4.11,43.38
1530.0,2,2.0,1.1,6528.5,2,Good,5.25,0.78,2.64,35.51,10.0,73.11,5.71,3.75,50.3
1526.6,3,2.0,19.3,8476.5,1,Good,8.64,5.45,0.37,10.92,9.61,115.44,4.7,4.7,62.33
1438.0,3,2.5,14.3,3075.1,2,Fair,5.95,8.64,4.6,19.73,7.1,94.87,3.7,2.14,35.15
2671.3,4,3.0,2.1,8176.3,3,Excellent,9.08,0.47,5.27,8.0,10.0,142.52,6.19,2.34,82.3
1867.1,3,2.0,8.2,8867.5,3,Average,5.53,11.91,1.88,36.77,5.9,98.04,4.14,3.09,50.23
1821.5,3,2.5,3.5,11588.7,0,Good,7.82,1.26,0.4,20.99,10.0,114.28,6.02,2.4,62.11
990.9,1,1.0,7.2,2746.2,2,Good,6.58,1.38,0.72,34.13,10.0,104.61,6.39,4.58,45.48
2495.9,5,3.5,54.4,7614.5,2,Average,4.47,0.35,1.92,55.39,10.0,91.46,2.73,3.57,53.33
1295.0,2,1.5,20.7,4582.7,2,Average,3.95,2.4,2.46,49.52,10.0,70.56,6.35,3.15,43.09
2040.6,5,3.0,0.1,10693.5,3,Good,5.16,10.11,4.11,51.14,6.96,73.0,5.48,4.57,53.71
2201.9,2,2.0,5.2,8288.0,2,Average,8.29,0.76,4.76,29.43,10.0,111.85,4.13,3.62,65.81
3217.1,5,4.0,0.2,17311.4,2,Excellent,3.0,2.95,2.6,69.92,8.66,72.26,3.29,3.24,82.37
1263.8,2,2.0,22.6,3974.8,1,Good,7.1,1.23,3.39,36.45,10.0,95.31,5.12,2.81,53.13
800.0,2,1.5,11.4,3627.5,1,Excellent,6.94,0.26,1.01,35.58,10.0,82.91,5.0,3.82,44.73
2131.0,4,3.0,65.0,8293.8,2,Average,3.47,14.0,1.27,50.55,5.03,60.67,6.4,3.79,35.5
3752.5,6,4.0,23.8,17260.4,4,Average,5.07,4.23,1.25,48.91,8.04,82.2,5.27,3.91,76.15
3082.9,4,4.0,13.1,,2,Average,5.06,4.46,1.96,42.17,7.96,95.26,4.0,4.0,80.13
2150.3,3,2.0,29.4,7207.6,1,Average,6.59,3.68,1.7,48.47,9.53,80.43,3.49,4.49,53.07
1682.3,3,2.5,22.0,9876.2,1,Good,9.14,0.7,4.18,15.87,10.0,134.95,5.36,2.78,59.15
2650.5,3,2.5,5.0,10088.5,1,Good,8.43,0.94,1.83,17.85,10.0,138.12,5.2,5.08,71.76
1421.2,2,1.0,13.6,7648.0,1,Excellent,5.85,1.76,2.74,53.35,10.0,80.85,6.65,4.75,46.09
2360.7,4,3.0,14.6,10769.8,3,Good,5.01,14.0,3.17,43.05,4.99,83.72,4.66,4.69,66.65
2384.9,3,2.5,10.8,7863.6,1,Average,3.69,3.77,2.36,60.58,8.65,37.38,5.66,3.25,52.14
2896.0,6,4.5,3.6,15347.2,3,Average,5.82,2.07,3.83,55.5,10.0,104.14,5.05,2.86,72.95
5200.0,6,5.0,4.6,26025.9,3,Excellent,4.88,2.32,3.23,48.79,9.62,92.28,2.5,3.48,115.0
2292.4,3,2.5,5.9,9426.9,2,Fair,6.43,8.37,1.15,45.26,6.4,98.72,5.99,3.61,44.46
1672.1,2,1.0,0.2,7718.4,2,Good,6.5,0.9,3.32,49.97,10.0,81.2,4.73,4.04,54.1
1980.4,2,2.5,44.8,8022.3,2,Average,5.64,1.44,1.25,36.68,10.0,99.24,5.93,3.28,50.52
1075.8,1,1.0,20.9,6386.9,3,,5.68,1.68,1.82,49.61,10.0,86.91,5.39,4.09,38.2
1566.9,3,2.0,21.1,5723.9,2,Good,5.25,7.49,3.04,47.21,8.1,46.46,4.11,3.14,37.75
1731.5,2,1.5,15.3,,2,Excellent,5.58,5.0,3.85,57.73,9.56,100.04,5.01,3.44,51.87
1663.3,3,2.0,21.0,6690.0,1,Good,9.08,3.06,0.51,25.73,10.0,145.76,5.17,3.94,58.63
2107.6,2,2.0,65.0,6240.0,1,Average,7.43,1.41,4.46,32.36,10.0,129.22,5.4,3.49,49.19
1498.4,3,2.5,8.8,5443.2,2,Average,7.46,0.92,7.1,38.98,10.0,92.87,5.76,2.89,47.62
2958.3,4,3.5,22.4,9326.6,1,Average,8.32,1.49,0.2,19.58,10.0,93.86,5.23,2.72,66.19
1998.3,3,2.5,8.0,,1,Average,8.16,8.68,2.54,37.56,8.34,113.12,7.12,4.2,67.38
1991.7,3,2.5,34.7,7828.3,2,Average,9.06,7.91,0.29,8.19,8.46,136.49,6.12,3.77,43.66
1781.5,2,2.0,35.1,9387.3,1,Average,7.56,1.95,4.62,32.54,10.0,98.73,6.3,4.44,50.07
2109.7,3,2.0,41.9,8338.3,4,Fair,6.87,1.46,1.13,29.89,10.0,81.72,6.11,4.26,55.05
2667.2,5,4.0,0.1,11249.2,3,Excellent,5.44,7.11,1.71,49.46,8.85,97.67,5.28,3.19,71.67
1475.1,3,2.5,6.4,8177.1,3,Average,5.02,2.09,1.57,61.52,10.0,77.86,6.01,4.16,47.48
1587.1,3,2.5,2.6,9553.7,3,Good,8.09,0.33,1.84,26.26,10.0,126.73,6.57,3.66,65.61
1796.7,3,2.0,10.9,10980.5,1,Good,6.3,1.56,2.23,39.74,10.0,97.67,5.34,3.31,51.15
1247.6,2,1.5,12.3,7148.9,1,Excellent,4.05,3.19,0.59,53.65,10.0,69.28,6.36,5.39,35.82
1500.1,1,1.0,5.3,9147.2,1,Average,2.73,9.46,8.37,65.2,5.44,55.53,3.77,5.16,30.02
1691.4,3,1.5,23.1,6447.0,2,Fair,10.0,1.97,1.69,8.0,10.0,134.98,6.41,3.89,43.95
2713.6,4,3.5,5.7,14948.5,2,Excellent,4.73,1.08,0.61,63.02,9.76,72.92,4.35,2.76,69.49
2190.5,5,3.5,34.6,13040.6,2,Fair,5.26,1.75,4.11,53.29,10.0,70.13,3.77,3.04,53.77
2138.3,4,3.0,3.5,6931.5,2,Good,8.71,0.39,2.59,15.38,10.0,131.94,4.89,2.99,72.12
2691.4,5,3.5,8.2,11841.3,3,Good,4.32,7.53,5.01,50.61,8.55,92.2,5.43,4.01,72.78
1904.4,3,2.0,17.5,6090.7,2,Fair,7.46,0.31,2.53,52.65,10.0,103.74,5.57,3.69,55.06
2290.8,3,2.0,16.7,11212.4,2,Fair,9.78,0.2,1.48,9.91,10.0,163.59,6.62,3.17,70.67
1927.3,3,2.5,1.5,8733.2,2,Average,10.0,3.25,1.64,20.19,10.0,145.27,4.59,4.95,65.18
2192.7,4,3.0,33.7,11222.2,2,Fair,5.69,0.74,4.08,36.79,10.0,94.1,7.01,3.08,52.09
1629.5,2,1.5,16.4,7631.5,2,Fair,6.48,1.32,4.15,38.58,10.0,108.67,7.01,4.8,44.18
851.0,1,1.0,36.7,5285.2,0,Average,5.79,2.36,3.88,34.5,10.0,105.2,5.45,4.28,31.96
1906.5,3,2.0,36.4,9896.0,2,Average,6.47,5.23,3.45,32.46,9.08,93.01,4.29,3.88,50.38
3287.8,6,4.5,14.2,18904.4,3,Good,8.84,1.77,6.48,23.43,10.0,134.39,7.94,2.82,89.86
2763.3,3,3.0,43.5,10566.0,1,Good,3.98,10.28,2.22,45.9,7.39,85.44,7.1,4.6,59.99
2801.4,5,4.0,34.0,11158.6,2,Fair,7.67,2.13,0.74,17.99,10.0,107.85,5.41,4.88,79.27
3079.9,4,3.5,57.1,13613.5,3,Fair,6.15,8.28,1.53,43.87,7.68,95.77,3.7,3.58,68.64
2061.2,2,2.0,34.2,7698.6,2,Good,8.96,2.13,1.17,14.44,10.0,117.34,5.88,4.34,64.86
2141.1,4,2.5,31.0,9211.6,1,Excellent,8.87,2.52,4.15,16.37,10.0,120.08,4.55,3.47,73.53
1609.7,3,2.0,11.4,7733.2,2,Average,5.77,10.35,0.69,27.46,6.57,86.43,6.16,4.53,50.72
1788.9,4,3.0,4.3,9680.9,2,Good,6.3,3.8,0.72,28.61,9.34,84.8,5.45,2.69,58.54
2478.8,5,3.5,43.5,11440.0,3,Good,8.11,0.72,2.59,25.42,10.0,117.35,3.44,4.14,69.37
3045.3,6,4.5,23.1,12163.8,2,Good,8.27,3.12,5.89,19.89,10.0,124.74,3.9,1.8,79.8
1903.0,3,3.0,6.0,7218.5,4,Good,2.05,1.02,4.57,76.02,10.0,54.56,4.36,2.52,46.55
1706.9,3,2.5,7.5,8202.1,1,Average,8.1,1.39,2.8,17.75,10.0,106.85,7.0,2.61,57.18
1998.6,3,2.5,20.9,6504.6,3,Excellent,9.46,6.03,4.72,12.96,9.1,125.34,4.49,3.41,68.75
2466.2,5,3.5,11.7,9554.5,3,Good,6.96,3.87,1.72,31.18,10.0,116.95,2.7,2.74,72.23
1205.5,1,1.0,1.5,4809.0,0,Good,8.21,1.28,6.49,22.16,10.0,110.9,4.98,2.74,45.57
894.6,1,1.0,2.7,3821.7,1,Good,8.8,0.22,0.69,21.68,10.0,137.76,4.91,3.27,36.95
1648.0,2,1.5,24.6,6247.7,2,Average,6.9,2.62,1.04,25.25,10.0,94.08,6.95,3.3,46.53
1303.4,1,1.5,7.2,4433.1,0,Good,7.97,1.12,3.63,28.09,10.0,121.88,6.87,2.54,63.09
1672.6,3,2.5,12.8,7041.4,2,Average,6.52,0.29,3.74,43.41,10.0,110.55,3.76,2.39,59.58
1897.5,2,2.0,26.2,10122.6,1,Average,6.41,0.41,5.98,34.31,10.0,61.57,5.63,2.76,55.95
1705.1,3,2.5,25.0,3692.1,2,Good,5.31,3.78,1.46,46.5,8.76,98.21,6.07,4.15,52.3
3322.1,6,3.5,3.3,13467.5,3,Average,6.81,1.91,4.85,34.04,10.0,121.59,5.07,5.38,89.04
2240.3,3,2.5,1.9,12580.6,1,Average,9.9,1.17,2.62,15.21,10.0,134.48,5.39,4.49,70.6
2219.8,5,3.0,16.1,12287.4,2,Good,4.88,6.98,0.91,47.47,7.22,85.91,6.42,3.13,55.66
2484.4,3,2.5,24.4,9440.6,2,Average,7.61,5.78,0.7,40.07,8.77,100.77,5.52,3.71,70.52
1341.3,3,2.0,2.9,8578.1,2,Average,7.08,2.21,1.8,47.62,10.0,111.48,5.94,3.4,45.92
2874.7,5,4.0,8.4,10274.4,3,Fair,9.15,1.23,2.03,16.47,10.0,164.73,6.75,3.29,83.12
1945.9,2,2.0,36.8,6470.1,2,Good,9.49,2.46,0.59,19.24,10.0,103.42,4.71,3.48,70.26
2526.7,6,4.5,52.0,15481.9,4,Average,4.84,4.67,3.27,49.29,8.69,73.61,6.08,3.61,67.98
1373.1,2,1.5,10.9,6984.7,2,Good,5.47,0.23,3.6,31.72,10.0,99.02,4.71,2.09,47.45
1160.0,1,1.0,1.5,7281.0,0,Good,5.56,3.23,1.75,29.28,10.0,106.66,6.38,2.94,50.04
2660.5,3,2.5,5.4,13803.5,0,Average,5.63,4.16,2.08,35.43,10.0,70.37,4.52,3.37,66.19
2279.6,3,2.0,4.8,11290.2,3,Good,5.78,5.63,4.64,44.36,9.71,82.57,5.68,5.19,61.2
1457.2,2,1.5,4.9,4913.4,0,Average,7.12,0.98,3.31,30.43,10.0,98.81,4.95,3.88,52.47
1473.8,2,1.5,12.3,5446.5,1,Average,4.97,0.93,3.38,60.66,10.0,72.98,5.85,4.23,37.89
2962.8,5,4.0,15.8,12639.6,2,Good,5.22,0.98,2.49,25.58,10.0,83.41,4.27,3.32,69.88
1317.8,3,2.0,2.4,8206.7,1,Excellent,5.08,8.78,2.53,49.24,5.45,63.38,4.89,4.48,44.6
3550.8,5,3.5,39.6,11034.0,2,Good,7.39,0.69,2.67,32.9,10.0,106.38,5.14,3.61,80.56
1457.9,1,1.0,17.4,7734.1,0,Good,6.39,4.83,0.96,45.35,8.75,85.32,4.02,4.02,39.05
2498.5,4,3.5,16.4,8071.3,2,Good,6.07,14.0,1.94,40.28,4.92,93.79,4.53,3.53,61.27
1781.1,1,1.5,65.0,,1,Average,4.98,9.56,2.75,51.32,6.37,72.45,3.4,3.81,35.95
2467.9,4,3.0,17.8,11602.8,2,Average,3.61,1.89,3.65,59.31,10.0,64.18,5.61,3.04,52.98
1651.7,2,2.0,47.6,8795.9,1,Average,9.44,6.05,3.37,18.73,9.5,119.01,6.07,4.77,51.59
1887.5,3,2.5,6.1,6533.8,2,Good,5.98,3.75,2.88,37.91,10.0,107.11,3.67,3.04,54.48
2027.0,4,2.5,4.9,8085.8,3,Excellent,10.0,6.69,2.15,26.68,8.98,135.44,3.91,2.69,77.79
1407.0,2,1.5,13.1,6673.4,3,Average,7.89,0.76,3.61,29.79,10.0,115.94,4.15,3.52,61.01
2589.7,5,3.5,12.8,9009.7,2,Fair,9.79,4.83,3.59,12.6,10.0,135.57,3.8,4.8,78.36
1669.7,2,2.0,4.6,6664.2,3,Average,8.29,3.03,2.05,16.26,10.0,120.42,5.64,2.89,55.99
1844.5,4,3.0,21.7,9429.7,3,Good,6.79,2.69,2.06,30.83,10.0,103.06,4.44,3.26,63.55
1410.9,2,1.5,0.5,5169.5,1,Excellent,5.42,4.38,0.47,54.61,10.0,98.65,5.48,3.59,47.18
815.0,1,1.0,21.1,5191.0,0,Excellent,4.74,1.22,7.39,29.66,10.0,75.52,4.38,2.41,37.74
1869.0,3,2.0,11.0,8659.5,1,Excellent,8.52,0.45,3.1,22.12,10.0,112.85,4.83,2.37,68.22
4649.0,6,5.0,21.0,25133.2,4,Average,6.98,2.43,4.04,31.84,10.0,105.82,6.34,4.24,107.96
2629.7,4,3.0,11.7,7331.5,2,Average,7.61,1.35,5.22,32.35,10.0,103.93,3.93,3.46,67.65
1984.8,3,2.5,65.0,10051.8,0,Fair,7.97,1.15,0.49,26.86,10.0,115.56,4.58,2.6,58.57
1822.5,3,2.0,7.3,6229.7,2,Average,7.14,14.0,1.97,44.77,4.42,92.39,5.66,3.16,50.27
2014.0,4,3.0,65.0,6739.3,1,Good,5.65,0.91,1.81,41.19,10.0,104.68,4.85,2.98,57.16
2419.9,2,2.0,1.2,7495.3,1,Excellent,8.32,1.06,1.89,22.71,10.0,109.79,5.41,3.41,72.45
1321.8,2,1.5,20.7,5762.6,1,Good,6.14,1.5,0.98,44.03,10.0,112.44,5.2,3.55,42.24
2951.3,5,4.0,10.9,16903.7,3,Average,6.66,2.4,5.19,46.86,10.0,100.77,3.54,1.8,78.73
2566.7,4,3.5,31.1,9743.8,3,Fair,7.79,6.71,2.61,30.0,9.12,126.59,6.74,4.4,63.6
2569.2,5,3.5,28.1,12124.8,3,Average,6.39,0.82,2.56,45.92,10.0,87.79,5.09,3.46,61.82
2329.6,4,3.5,29.0,9038.5,1,Good,3.23,3.26,3.63,62.1,9.48,34.58,6.95,2.92,48.43
2012.0,3,2.5,1.8,7798.5,2,Average,8.37,1.67,0.47,25.31,10.0,98.21,5.57,4.06,66.66
2528.8,4,2.5,31.1,11945.0,2,Good,8.76,5.3,2.33,26.29,10.0,160.77,6.65,2.62,68.95
2458.1,4,3.0,4.3,13638.1,2,Average,3.2,3.15,4.1,65.93,9.52,53.47,6.32,3.16,54.48
1765.3,3,2.0,0.5,9641.0,2,Good,4.62,5.27,5.81,46.19,8.14,93.5,6.55,2.49,40.22
1634.7,3,2.5,4.4,9491.2,1,Good,10.0,6.38,3.02,11.64,8.36,121.83,4.95,3.96,67.49
2070.7,3,2.5,11.7,9450.1,1,Good,6.92,7.98,3.82,40.56,8.1,107.06,7.17,4.3,51.45
3436.3,5,4.0,24.4,18520.1,2,Average,6.51,14.0,3.77,44.11,6.24,104.7,4.68,3.69,75.59
1295.1,2,1.0,4.4,4513.1,0,Average,5.73,3.29,2.19,30.05,9.53,130.63,5.6,3.26,41.97
1195.6,3,2.5,2.2,4855.2,2,Good,4.64,3.45,2.86,53.23,9.83,73.96,6.15,2.44,45.08
2116.8,1,1.0,18.7,12522.4,0,Average,6.15,0.68,1.67,39.51,10.0,85.77,8.69,3.06,52.63
2034.1,4,2.5,65.0,6728.1,3,Fair,8.25,0.56,4.48,21.32,10.0,124.83,6.4,3.57,55.48
2123.2,3,2.5,16.5,8350.4,2,Good,6.47,2.34,1.09,48.14,10.0,86.48,4.62,2.97,62.34
2176.3,2,2.5,21.1,10663.9,1,Good,7.6,3.99,1.28,24.81,9.65,118.12,5.5,3.06,63.26
1848.0,3,2.0,14.8,9326.2,3,Excellent,9.68,1.11,1.14,8.0,10.0,135.55,3.72,2.56,64.67
3365.9,6,4.5,27.4,11265.8,4,Good,5.46,,1.73,38.4,9.95,77.18,6.82,2.84,86.35
1141.0,2,2.0,65.0,6799.1,1,Average,7.05,4.05,1.44,29.37,9.28,112.94,2.5,2.3,49.79
1495.2,1,1.5,14.1,8401.3,1,Average,8.31,0.96,2.05,15.96,10.0,122.06,5.01,3.61,49.13
1927.3,4,2.5,9.7,6871.9,3,Average,4.82,2.56,2.45,40.26,10.0,91.08,7.62,3.44,46.35
1124.3,1,1.0,35.4,3264.6,1,Average,6.82,2.68,4.0,23.4,10.0,126.57,6.04,3.47,44.53
1878.9,4,2.0,63.0,10754.6,3,Average,9.87,8.16,2.4,8.0,8.29,131.48,5.74,3.13,53.56
3574.3,6,4.5,2.5,9905.4,1,Excellent,5.89,1.85,1.89,34.98,10.0,86.95,3.89,2.96,95.74
2012.9,3,2.5,15.5,7783.0,2,Excellent,8.42,0.96,1.66,26.61,10.0,103.03,6.66,3.18,71.43
2166.2,4,2.5,28.3,10845.0,1,Average,6.25,0.81,4.82,21.1,10.0,104.12,4.19,3.08,59.02
1285.6,2,2.0,13.7,7514.2,1,Average,9.74,1.31,2.65,8.0,10.0,127.97,4.2,3.51,54.22
1610.5,1,1.0,9.5,8234.0,1,Average,3.54,1.25,4.27,56.8,9.82,70.53,6.66,4.77,35.79
1752.3,4,2.5,19.2,7102.1,3,Fair,6.62,4.64,0.59,42.07,9.12,117.41,4.16,3.26,54.46
1787.9,2,2.0,5.7,9679.5,1,Average,3.84,3.08,1.48,55.09,10.0,59.56,3.59,2.96,51.01
3129.3,4,3.0,7.7,17911.5,2,Good,5.24,3.87,4.08,44.86,10.0,78.6,4.14,3.21,77.98
2428.9,4,3.0,65.0,8590.7,2,Average,5.23,3.38,1.25,42.97,10.0,99.32,5.41,3.03,61.1
1354.2,2,1.5,18.2,6854.2,1,Good,6.02,2.3,4.2,23.59,8.95,104.13,4.65,3.03,51.99
2178.2,3,2.5,37.1,12256.5,2,Average,4.36,8.63,0.86,56.21,8.1,83.57,7.2,2.96,49.04
2378.9,4,3.0,29.7,11025.9,2,Average,6.37,5.64,1.13,42.31,8.63,92.79,5.24,3.91,74.82
2978.1,4,3.0,19.0,15005.2,2,Average,7.33,0.96,1.87,38.38,10.0,89.18,3.84,3.9,78.42
3474.4,5,4.5,33.1,11982.0,3,Average,3.74,1.96,1.28,77.87,9.91,58.07,3.15,4.08,76.56
1400.7,2,2.0,6.1,6534.5,1,Good,5.36,1.29,1.27,35.7,9.92,72.47,6.19,4.24,50.4
1504.5,4,2.5,18.2,6522.8,2,Fair,10.0,4.58,4.77,8.0,10.0,148.14,5.53,3.13,57.7
1286.7,2,1.5,16.1,6107.1,1,Average,7.09,1.55,1.23,36.41,10.0,110.55,5.87,2.22,47.78
1841.1,4,2.5,17.5,12463.4,2,Average,3.23,3.47,3.3,58.84,9.73,53.74,4.73,4.88,54.25
2352.5,4,3.0,3.3,6679.6,2,Average,3.98,,3.78,47.67,9.86,64.77,5.37,1.8,45.65
2823.0,4,4.0,5.8,9037.4,3,Fair,6.91,0.8,1.62,29.59,10.0,111.09,6.51,3.14,71.78
1945.8,3,2.5,6.1,6433.3,1,Average,6.68,0.23,1.2,29.95,10.0,97.36,5.21,2.33,50.57
1786.6,3,1.5,16.6,7506.0,1,Average,5.44,14.0,1.63,58.52,4.17,79.45,3.94,3.7,49.11
2107.2,4,2.5,64.7,8384.7,2,Average,10.0,0.99,6.03,23.97,10.0,167.7,6.0,2.68,55.84
1491.7,3,1.5,55.5,7993.8,1,Average,10.0,5.91,5.68,8.0,9.28,132.31,4.82,4.25,46.92
4152.0,6,4.5,4.6,14886.6,3,Excellent,6.02,5.72,4.72,26.4,9.58,103.64,6.26,3.57,93.45
1138.3,3,1.5,6.5,5387.7,2,Good,8.07,1.06,6.35,17.08,10.0,123.32,5.23,4.53,45.75
2131.7,3,2.0,0.7,6903.9,0,Good,8.16,1.92,3.38,20.18,10.0,97.53,6.15,3.48,62.16
4057.3,6,4.0,9.2,22963.5,3,Average,8.4,5.99,1.74,16.26,9.66,112.1,5.76,4.27,89.01
2003.0,3,2.5,32.4,8894.1,1,Average,5.35,3.95,4.03,41.53,10.0,97.97,6.63,2.59,57.14
1869.6,3,2.0,44.5,10605.8,2,Excellent,9.99,1.68,5.06,8.0,10.0,138.06,6.26,4.14,66.94
1763.2,3,2.5,4.9,7936.8,1,Good,6.38,9.73,1.54,28.3,7.0,77.82,3.76,3.3,50.59
1875.9,4,2.5,5.6,6443.4,2,Good,7.26,1.54,5.32,21.1,8.97,114.01,3.14,3.58,65.68
3230.8,4,3.0,4.5,11692.5,3,Average,6.5,0.96,2.02,49.05,10.0,91.64,5.12,4.1,80.12
921.4,2,1.5,7.8,7289.8,2,Good,6.25,0.71,1.2,34.04,10.0,102.96,5.86,3.69,41.21
3417.6,6,5.0,29.4,16703.9,4,Good,7.0,4.07,1.41,24.15,9.71,143.14,4.4,2.81,94.08
1213.9,1,1.0,18.7,4479.1,1,Good,4.37,0.29,2.09,39.1,10.0,80.56,5.69,3.03,38.71
1820.1,4,2.5,27.7,9450.6,3,Good,2.95,6.18,3.36,57.89,6.88,67.52,5.64,2.61,51.48
1719.5,3,1.5,15.7,6737.7,2,Average,6.12,1.36,2.25,46.76,10.0,91.78,5.12,3.94,48.96
2455.3,2,1.5,5.4,11096.8,2,Good,4.92,1.68,3.29,54.39,10.0,65.85,4.5,3.14,54.63
1142.1,2,1.5,4.7,5337.2,2,Good,7.49,5.38,7.7,33.03,9.18,125.42,4.08,3.06,51.2
2349.0,4,3.5,0.2,12923.9,2,Good,7.28,5.59,0.45,21.2,9.6,100.25,7.93,3.55,69.54
4058.3,6,4.5,27.3,13030.2,4,Good,6.52,1.83,2.93,26.17,10.0,96.82,2.87,3.22,95.53
1240.0,3,2.5,33.8,6026.8,2,Good,9.17,2.78,2.51,21.57,10.0,155.53,3.84,4.28,57.26
2135.4,4,3.0,26.3,8358.5,1,Good,6.49,3.84,1.85,42.99,10.0,94.89,8.06,3.99,53.57
1584.9,3,2.5,1.4,5955.6,2,Excellent,3.88,3.93,0.3,51.52,9.62,86.58,4.06,3.94,53.13
2319.4,4,2.5,25.9,11393.0,2,Fair,6.1,2.64,1.69,44.95,10.0,100.55,4.58,3.09,57.04
2011.6,3,2.5,0.8,5437.4,2,Average,8.61,6.15,3.9,11.06,9.3,116.25,5.95,3.93,59.8
1596.4,4,2.5,2.0,7603.9,3,Good,3.11,6.09,3.08,50.91,7.19,65.53,5.73,3.78,53.68
2370.3,3,2.5,10.5,13406.9,2,Average,6.33,6.25,4.22,25.28,9.48,87.77,5.69,2.49,57.48
3757.5,6,4.5,11.6,14961.6,2,Average,7.54,1.2,2.32,29.25,10.0,124.33,6.84,3.22,86.76
1869.0,3,3.0,30.5,7690.1,3,Fair,10.0,1.15,0.37,8.84,10.0,157.46,4.15,3.27,71.88
2570.7,5,3.0,20.5,11312.0,2,Average,8.67,0.68,1.26,14.98,10.0,125.45,5.39,4.52,70.58
1270.7,1,1.0,3.0,6294.1,1,Good,6.74,5.8,0.74,25.42,8.42,121.29,5.14,3.09,48.33
1429.7,1,1.5,4.6,7670.8,1,Good,7.44,0.4,5.0,47.67,10.0,112.77,4.23,3.76,54.93
2357.5,4,3.0,6.1,8050.7,3,Average,3.08,0.67,0.47,58.01,10.0,73.27,5.31,4.38,63.56
3359.1,6,4.5,2.4,19148.2,3,Good,4.61,8.54,3.27,56.2,8.0,119.34,5.82,2.71,74.83
2263.0,5,3.5,6.1,10180.8,2,Excellent,7.67,0.63,7.85,21.52,10.0,147.88,5.84,3.61,69.88
1790.8,2,2.0,23.5,8492.2,1,Fair,6.79,,0.41,29.83,10.0,100.53,6.38,4.92,43.41
1997.7,4,2.5,5.0,6006.6,1,Good,7.02,7.87,1.36,42.63,8.53,109.84,5.16,2.22,62.95
1289.9,4,2.0,32.5,3553.8,2,Good,6.56,1.39,3.17,43.35,10.0,85.7,4.09,2.94,52.17
2469.0,4,3.0,11.4,12629.5,1,Good,6.49,7.02,1.16,34.26,8.99,110.83,3.68,3.6,73.9
2721.2,3,2.0,7.0,15729.5,2,Good,6.69,1.72,0.76,42.74,10.0,107.33,4.69,3.67,74.13
1705.8,2,2.0,9.6,8669.6,2,Fair,4.6,1.7,1.29,71.6,10.0,67.05,3.71,3.52,45.39
1695.1,3,2.5,22.3,5875.6,2,Average,6.09,0.66,1.93,31.0,10.0,111.63,4.42,3.81,51.26
2193.1,4,2.5,13.1,8012.8,3,Good,4.26,8.23,1.99,56.92,7.84,70.28,3.9,4.35,49.46
1715.0,2,1.5,0.1,7775.1,2,Fair,5.38,4.79,2.56,41.79,9.1,79.63,4.48,3.44,50.45
1952.5,4,3.0,46.0,11608.3,2,Good,8.65,1.02,4.79,11.27,10.0,130.1,7.16,3.34,58.25
4166.8,6,4.5,1.2,13094.5,3,Good,6.17,4.36,1.18,31.28,9.23,89.5,5.06,3.85,87.21
1832.7,2,2.0,50.2,5553.3,1,Good,7.57,0.55,4.73,40.39,10.0,111.64,6.93,4.89,57.95
1762.7,4,3.0,0.5,7265.1,1,Average,6.71,2.57,8.22,16.63,10.0,126.58,5.66,3.85,53.83
1593.0,1,1.0,26.5,7016.0,0,Good,5.81,1.14,2.7,46.08,10.0,83.18,4.52,4.18,47.29
2592.7,4,3.5,13.8,14320.8,2,Average,4.68,6.28,4.29,41.75,7.31,88.33,5.06,2.22,61.21
1875.4,5,3.5,12.7,10797.6,2,Average,5.78,2.49,4.95,56.35,9.57,83.3,3.38,3.27,62.53
1592.0,3,2.0,1.4,8746.6,2,Good,6.83,8.33,4.69,32.68,6.8,89.92,4.84,2.49,44.58
3173.1,4,3.5,4.9,9131.6,3,Average,7.54,3.02,1.17,25.04,10.0,110.62,3.76,3.41,85.57
3284.1,5,3.5,27.1,16062.1,1,Good,6.72,2.44,5.33,42.11,10.0,139.86,5.86,4.47,79.81
1619.5,3,2.0,39.9,10194.9,2,Fair,7.67,3.99,0.33,32.57,10.0,124.14,4.72,2.43,53.48
1039.7,2,2.0,13.6,6613.5,2,Good,3.76,5.1,2.71,60.13,9.78,74.75,4.87,4.7,36.71
2843.0,5,3.5,7.8,14729.9,3,Excellent,8.06,0.25,1.83,31.23,10.0,110.35,4.74,3.4,83.52
1572.4,2,1.5,1.1,7109.4,2,Average,4.47,2.56,4.75,43.1,9.92,71.01,6.19,4.07,49.57
2635.2,5,3.5,20.6,13608.6,2,Average,8.27,4.98,2.04,30.74,9.96,99.34,4.22,4.17,69.73
1002.7,2,1.0,5.9,5398.5,2,Fair,7.4,1.87,5.59,24.27,10.0,135.28,4.15,4.9,41.35
2731.0,5,3.5,1.0,12086.2,2,Average,3.13,0.35,2.76,63.68,10.0,64.8,5.58,3.84,64.65
1307.8,2,1.5,19.7,5677.2,1,Good,7.83,0.26,3.13,29.25,10.0,117.55,6.39,2.75,42.11
2580.6,5,3.5,12.0,16551.1,3,Average,8.29,5.25,2.21,12.93,9.54,123.2,5.56,4.16,75.3
2008.2,3,3.0,0.2,8025.8,2,Good,8.76,0.91,1.14,19.81,10.0,155.05,7.61,1.8,67.89
1431.0,2,1.5,2.1,5254.0,2,Good,5.12,0.82,1.24,44.22,10.0,88.03,4.17,2.72,53.47
1732.9,2,2.0,21.6,6680.2,3,Average,6.82,1.29,0.41,23.69,10.0,100.77,2.82,2.96,53.99
2540.7,3,2.5,1.2,11398.6,2,Average,7.75,0.54,1.14,22.06,10.0,139.31,5.74,1.82,63.71
2073.6,4,2.5,36.2,8571.1,2,Good,7.83,0.38,2.22,26.06,10.0,113.18,5.03,4.66,64.56
2451.7,4,3.0,6.7,7222.1,2,Good,7.24,6.78,2.83,37.73,8.52,84.54,5.72,4.4,63.78
3990.8,6,5.0,1.7,20530.4,2,Average,5.73,1.35,2.3,25.01,10.0,69.54,6.14,3.74,87.96
1155.8,1,1.5,25.7,7588.8,1,Average,8.28,2.99,4.56,25.68,10.0,117.52,3.52,4.13,47.05
3519.3,6,5.0,13.4,17568.6,4,Fair,8.29,6.44,1.03,17.59,9.75,124.41,4.88,3.67,92.36
2072.5,3,3.5,6.6,6849.7,2,Average,6.22,12.34,1.92,42.93,6.32,108.06,5.84,4.05,57.62
1458.9,2,1.5,9.4,,2,Average,5.09,3.93,0.83,47.95,10.0,70.67,5.48,4.35,47.13
1254.4,2,1.5,0.4,3734.9,2,Average,5.19,9.8,1.51,43.37,6.92,81.53,5.01,2.32,42.78
1870.2,2,2.0,19.6,6703.3,2,Average,8.96,1.96,0.43,17.05,10.0,116.67,6.01,4.09,61.48
2758.9,3,2.5,8.2,11126.6,2,Excellent,8.21,5.19,3.81,23.56,9.29,135.02,6.3,4.25,86.21
1911.0,3,2.5,22.5,10968.1,2,Good,6.46,9.08,0.7,41.11,6.21,117.29,2.94,2.96,64.4
3391.1,5,3.5,17.8,13792.5,2,Average,6.14,0.37,1.37,28.03,10.0,123.04,6.93,3.23,82.25
1202.4,3,3.0,19.0,4040.9,1,Good,3.32,1.42,1.52,56.52,10.0,68.07,3.85,2.82,33.61
1989.8,4,3.0,28.3,8117.6,2,Good,6.35,4.51,1.67,45.5,9.04,124.12,5.85,3.63,67.77
1289.1,3,1.5,18.0,6095.0,1,Good,4.36,1.41,1.74,50.26,10.0,65.39,4.84,3.69,41.91
2269.4,5,3.0,9.8,12226.5,3,Good,6.79,0.25,4.18,36.14,10.0,106.06,6.58,3.55,71.71
2725.5,4,3.5,8.9,15620.3,4,Excellent,8.63,5.46,2.64,11.47,9.66,109.43,5.99,2.83,84.36
1724.6,3,2.5,2.3,5838.7,3,Good,4.74,0.78,1.82,34.43,10.0,87.48,5.85,4.43,55.9
803.1,1,1.0,27.2,2510.8,1,Fair,6.93,1.44,8.5,23.67,10.0,108.68,5.44,2.96,28.11
2142.3,5,3.5,25.8,7665.3,3,Average,8.3,7.93,3.16,20.72,8.97,86.05,4.61,3.81,60.93
2328.2,5,2.5,5.1,11902.7,2,Average,6.9,0.95,2.15,39.18,10.0,119.84,4.11,3.99,56.79
2301.9,4,3.0,35.7,6955.8,3,Good,5.56,7.4,8.5,50.64,7.96,100.88,3.68,2.12,49.8
3079.5,5,4.0,16.0,10467.0,2,Average,6.52,1.96,2.23,21.12,9.78,92.19,4.51,3.65,75.02
1373.5,3,2.0,11.7,5985.3,2,Average,8.22,8.21,1.65,17.87,8.7,123.5,6.2,4.34,50.97
2535.3,4,2.5,0.3,9285.7,3,Excellent,6.97,6.9,2.53,40.24,9.36,84.27,4.1,3.39,75.05
3033.2,4,3.5,8.7,8156.1,2,Good,6.49,1.92,0.99,36.23,10.0,88.9,6.53,4.07,73.4
1072.2,2,1.0,18.4,5911.0,1,Excellent,8.58,8.36,0.39,29.19,8.67,147.05,4.07,2.89,53.25
2234.7,4,3.0,1.7,7473.8,1,Average,7.43,3.41,0.59,36.03,10.0,94.25,5.02,4.19,64.42
1674.9,3,2.0,11.1,7395.2,1,Average,4.33,2.27,3.3,49.98,10.0,74.98,5.7,2.55,44.11
1942.0,3,2.0,65.0,12496.8,1,Good,7.64,2.62,0.77,28.03,10.0,93.27,6.33,3.38,57.24
2256.8,2,1.0,22.7,7319.3,2,Fair,8.21,0.41,3.1,21.75,10.0,124.14,4.8,4.33,63.65
1684.9,3,2.0,14.2,6258.1,3,Excellent,4.27,5.47,2.7,44.9,7.12,82.02,5.73,4.28,49.53
1577.4,3,2.0,13.7,9852.7,0,Average,2.42,,3.5,72.98,9.46,62.92,5.43,2.43,41.25
2022.2,3,2.0,0.8,11858.6,3,Good,4.62,1.21,2.94,55.1,10.0,84.73,4.93,3.24,63.23
1365.8,3,2.0,56.8,5586.6,2,Fair,6.32,4.22,1.49,38.37,10.0,117.6,4.06,2.95,45.31
1366.4,2,2.0,47.4,6913.9,2,Average,8.32,1.68,8.5,24.82,10.0,112.9,5.68,4.28,41.92
2534.6,3,2.5,20.6,7699.7,1,Fair,4.9,2.51,1.49,41.52,10.0,66.49,5.23,3.34,54.24
1336.7,2,1.5,1.9,7054.0,2,Excellent,7.5,1.95,1.69,33.18,10.0,103.02,4.85,3.51,58.94
2523.0,4,3.0,4.2,13346.1,2,Average,1.29,2.45,1.55,77.41,9.71,30.0,5.33,3.76,55.4
2349.4,4,2.5,3.7,10534.7,3,Average,6.82,1.0,0.78,49.16,10.0,104.59,5.83,2.49,63.17
1092.2,1,1.5,13.2,6612.7,2,Good,5.77,7.12,1.57,31.17,8.74,89.38,3.35,3.62,43.46
1576.3,4,2.5,4.2,5199.5,3,Average,10.0,3.21,4.88,8.0,10.0,146.69,4.6,2.64,66.04
3034.9,6,4.5,21.4,13949.3,3,Good,3.09,1.05,1.17,51.57,9.88,37.96,4.13,3.03,77.88
1417.4,2,2.0,14.2,6225.7,1,Average,6.47,0.51,4.72,34.21,10.0,99.27,4.21,3.07,52.25
1698.4,4,2.5,0.3,8996.4,2,Average,3.08,2.65,3.89,45.66,9.88,77.46,4.33,3.76,50.67
2348.9,3,2.5,24.5,7898.4,2,Average,5.51,2.22,5.25,51.75,10.0,96.38,6.41,2.81,57.2
2628.5,5,3.5,3.8,12724.6,3,Average,3.44,8.83,0.58,70.86,7.35,38.0,5.57,3.04,65.47
1829.8,4,2.0,31.4,7966.7,3,Good,10.0,1.04,4.0,8.0,10.0,139.84,3.99,3.64,63.4
1621.1,3,2.0,7.9,6411.9,3,Good,5.86,7.03,2.26,33.7,7.29,82.13,5.4,4.44,56.29
3287.3,5,3.5,7.4,12276.5,1,Good,6.12,4.85,1.12,26.39,10.0,95.56,5.67,3.73,84.08
3672.5,4,3.5,0.2,13581.1,3,Good,6.42,2.27,1.02,31.32,10.0,93.54,4.81,4.25,93.45
2814.7,4,2.5,65.0,14381.3,3,Fair,4.46,6.82,2.36,53.26,7.55,100.66,3.78,1.81,50.73
2058.8,3,2.5,17.0,9561.2,2,Average,8.4,6.53,1.99,14.89,8.31,122.79,4.0,4.48,60.42
1505.8,2,2.0,9.9,8739.4,2,Average,7.65,4.21,4.06,41.73,10.0,117.44,3.46,2.76,49.28
1494.2,2,2.0,1.8,6926.2,1,Excellent,8.15,0.54,4.29,35.21,10.0,118.13,7.55,2.94,63.13
2399.2,4,3.5,21.6,13792.3,3,Average,4.31,0.76,4.56,51.56,10.0,81.18,3.3,4.86,59.06
2313.3,3,2.5,6.0,11070.8,2,Fair,8.54,3.07,2.01,16.91,10.0,120.21,3.82,3.53,63.01
3263.5,4,3.0,65.0,12706.9,3,Fair,8.34,1.1,4.11,15.96,10.0,131.69,5.17,2.84,70.41
2509.0,3,2.0,54.1,,2,Fair,6.08,2.76,2.24,52.35,9.56,89.45,3.19,2.94,54.75
1180.8,3,2.0,23.9,5089.6,1,Fair,8.11,2.83,1.67,15.95,10.0,137.55,3.93,2.36,49.3
2887.6,4,3.0,63.8,16590.6,2,Good,6.99,3.03,4.27,38.65,9.32,112.34,5.33,3.41,79.99
1409.1,2,1.5,2.0,,3,Average,3.63,2.9,4.21,57.91,9.52,64.62,5.42,3.15,39.01
1746.9,2,2.0,5.9,7928.3,1,Good,6.17,1.73,0.83,42.52,10.0,107.76,5.65,3.9,52.51
2181.1,4,3.0,5.3,8856.9,2,Average,5.63,0.96,3.99,34.91,10.0,96.69,5.99,4.69,69.12
4017.8,6,4.5,1.3,21653.9,3,Excellent,6.65,2.54,1.12,30.51,10.0,113.1,5.16,2.46,111.01
5200.0,6,5.0,64.5,19309.9,3,Average,8.34,2.39,2.98,21.46,10.0,122.09,4.44,3.85,101.9
2470.9,5,3.5,1.1,9374.4,3,Average,3.55,1.23,2.25,53.48,10.0,62.4,5.7,2.25,60.23
1874.1,4,3.0,35.0,7664.7,3,Good,5.7,0.37,2.53,51.55,10.0,92.46,6.73,3.73,56.59
2409.3,3,2.5,26.3,10048.6,2,Average,5.02,0.94,2.52,41.67,10.0,75.73,5.88,2.52,58.83
2726.2,4,4.0,8.5,11206.9,3,Good,5.1,2.76,3.72,40.1,10.0,97.34,4.25,2.39,82.64
1786.1,3,3.0,0.3,9166.0,2,Average,5.02,2.65,2.28,55.36,9.73,103.28,5.88,5.31,52.55
3745.6,5,4.0,0.1,20332.4,2,Average,6.62,0.66,4.07,43.15,10.0,109.27,5.82,5.01,85.06
2165.8,4,2.5,4.1,12114.4,1,Good,7.44,3.18,3.42,38.91,9.98,130.43,3.84,2.87,64.13
2378.5,2,1.5,12.3,11640.6,2,Average,7.13,1.96,4.99,13.82,10.0,122.74,4.94,4.83,70.0
2522.7,3,2.5,11.0,6890.4,2,Average,6.83,3.59,2.58,35.25,10.0,99.84,5.82,3.37,63.85
2315.9,5,3.5,15.8,12514.0,3,Good,7.62,7.21,0.91,26.57,8.3,124.32,6.48,2.37,77.36
2680.2,4,3.5,26.6,9283.4,2,Fair,10.0,1.38,3.08,8.0,10.0,122.04,4.49,3.89,77.3
1610.0,3,2.5,8.5,5571.6,2,Excellent,6.74,1.57,1.33,36.16,10.0,105.17,3.6,4.11,57.36
1643.5,3,2.5,3.1,11122.7,2,Good,8.34,3.81,0.5,21.21,10.0,104.33,5.76,3.96,66.81
1359.6,1,1.0,29.0,6983.5,1,Fair,8.24,9.73,2.32,24.05,7.69,118.17,4.93,2.13,46.02
2330.5,4,3.0,7.3,9842.5,1,Fair,9.7,2.33,6.94,41.11,10.0,116.39,5.46,2.54,71.39
2624.5,4,3.5,6.1,13985.1,3,Good,7.51,0.79,2.21,28.78,10.0,126.67,5.41,4.1,71.91
2345.4,3,1.5,26.0,13333.4,2,Good,4.98,8.95,3.77,50.79,8.75,76.74,5.36,2.54,56.04
3590.6,6,4.5,49.0,16922.6,3,Good,7.05,2.23,2.19,36.62,10.0,118.75,4.75,4.16,83.35
1994.3,4,3.0,44.4,9357.4,0,Fair,6.95,2.18,5.06,33.88,10.0,103.89,6.2,3.13,49.86
2525.2,5,3.5,2.7,11944.6,3,Excellent,7.97,2.68,5.73,18.92,10.0,90.81,4.27,2.17,76.5
1363.6,3,1.5,12.6,5982.8,2,Average,4.93,1.13,2.41,35.29,10.0,74.89,5.49,2.41,45.59
1745.0,3,1.5,1.8,5005.5,1,Good,8.78,5.11,4.37,19.11,9.19,118.53,5.63,3.74,60.58
2549.0,3,2.5,58.4,12430.9,2,Average,6.51,3.48,0.68,33.53,10.0,99.65,4.98,3.78,60.22
2689.7,4,3.0,4.4,9371.4,3,Excellent,8.01,10.11,1.67,8.0,6.53,138.24,6.07,4.57,83.08
1802.8,5,3.0,4.0,6382.6,3,Good,7.06,0.93,3.67,41.73,10.0,129.59,4.69,3.41,70.57
1948.7,4,3.0,39.5,7842.9,3,Good,6.72,3.29,1.52,35.3,9.87,99.05,7.73,3.25,58.29
1174.7,4,2.5,61.9,6542.0,1,Average,6.92,2.53,2.25,46.17,10.0,86.95,5.46,4.75,50.7
1763.5,4,3.0,21.5,11154.8,2,Average,7.71,,0.81,9.96,8.86,103.24,6.56,2.77,56.76
2728.8,5,3.0,2.3,14545.1,3,Fair,10.0,0.3,6.55,20.06,10.0,146.71,6.18,3.19,69.7
2443.8,4,2.5,12.0,11203.6,2,Good,2.87,4.78,4.73,59.56,7.86,56.47,6.77,3.76,50.5
2380.9,4,3.0,30.5,13188.8,3,Fair,7.47,3.32,1.34,41.08,10.0,88.87,5.3,2.73,60.92
2033.3,2,2.0,15.3,11682.0,1,Good,6.58,3.19,0.91,37.7,10.0,93.61,6.44,3.73,63.05
2003.1,3,2.5,2.6,9499.4,3,Good,6.18,6.86,3.66,39.57,9.68,114.45,6.8,3.4,54.79
1585.9,3,2.5,3.4,9766.2,1,Good,2.25,3.05,1.5,71.12,8.33,54.92,5.52,4.25,45.01
2551.9,4,3.0,35.9,10144.3,4,Fair,7.54,4.23,1.71,24.33,9.81,112.42,4.43,3.09,78.78
2315.4,4,3.0,13.5,8731.2,4,Good,6.28,3.52,8.5,32.92,8.41,91.72,7.21,2.92,62.15
2373.7,4,2.5,22.0,7938.1,2,Good,5.0,0.43,1.28,45.0,10.0,76.04,5.22,4.84,70.52
1662.2,2,2.0,8.4,7727.8,2,Average,6.58,0.58,2.84,22.46,10.0,108.24,5.29,4.04,48.91
940.4,1,1.0,13.7,3983.7,1,Excellent,5.97,1.52,2.41,35.64,10.0,95.68,5.5,4.21,32.8
2933.7,4,3.5,65.0,14150.8,3,Average,3.36,3.8,1.93,52.63,8.67,74.48,4.34,4.03,55.8
1689.9,2,1.5,7.2,7878.3,1,Average,6.66,0.29,4.74,21.64,10.0,109.23,5.57,2.89,57.5
1477.4,1,1.0,20.2,4495.1,0,Average,7.54,4.94,2.3,31.45,9.5,112.03,5.58,2.68,42.87
2547.1,3,2.5,3.4,8412.8,0,Average,5.51,0.93,2.07,42.64,10.0,93.76,5.19,2.69,61.48
1742.0,4,2.0,2.3,7418.4,2,Excellent,6.97,2.82,2.41,35.12,10.0,96.87,5.13,2.97,69.79
2895.7,4,3.0,27.6,9545.7,2,Good,6.69,0.92,2.38,39.92,10.0,101.31,4.96,4.3,78.42
2479.8,4,3.0,33.5,11955.5,3,Good,8.38,0.82,3.34,17.31,10.0,140.16,4.78,3.38,76.23
2538.3,4,2.0,19.9,11723.4,2,Good,6.31,1.5,2.48,29.62,10.0,97.75,6.0,4.1,73.54
1238.8,3,2.0,3.1,5924.5,3,Excellent,7.94,8.34,0.75,27.6,7.87,113.29,5.52,4.02,54.24
3053.9,6,4.5,5.0,11956.6,3,Good,5.94,1.07,1.13,16.27,10.0,96.21,6.22,4.6,85.64
2189.5,4,3.0,43.6,11090.0,2,Average,10.0,0.36,2.36,10.29,10.0,123.68,4.63,4.0,63.32
1755.9,3,2.0,6.1,10557.3,3,Average,5.71,7.05,0.46,47.44,6.91,93.8,6.44,3.56,48.03
2101.0,3,2.5,30.8,12486.4,0,Average,5.27,2.05,1.67,50.6,10.0,109.32,6.18,2.43,52.47
1073.1,1,1.0,6.1,6023.0,1,Good,6.32,3.31,3.16,34.22,10.0,86.35,4.93,4.86,43.34
2305.4,5,3.5,50.5,10141.6,2,Fair,5.19,7.14,3.08,27.28,7.69,88.42,4.47,4.2,60.06
1393.7,2,2.0,44.3,5507.9,2,Average,4.25,4.71,3.1,31.74,8.14,73.57,5.85,3.72,43.41
1244.6,2,2.0,0.8,6391.9,1,Good,7.81,5.29,4.62,30.99,8.55,114.12,3.46,3.56,64.64
1172.8,3,2.0,26.5,6832.8,2,Average,1.0,2.29,2.5,74.7,9.84,35.56,4.74,2.06,41.65
2949.6,4,3.0,3.3,9935.1,3,Average,5.21,3.92,1.75,60.46,9.33,94.9,5.5,3.72,75.69
1603.2,3,2.5,4.4,5760.7,1,Good,4.08,10.82,1.34,44.59,4.98,56.6,5.04,3.0,36.63
3418.0,6,4.0,11.1,11212.2,3,Average,6.76,7.26,2.02,35.37,8.42,112.33,4.02,2.17,88.76
1656.5,4,2.5,15.5,7813.6,2,Average,2.56,3.23,4.41,78.78,8.99,55.4,5.3,3.04,50.32
1099.3,1,1.0,7.1,5301.1,2,Excellent,7.49,0.49,1.94,32.87,10.0,86.41,4.1,3.58,50.96
1351.8,1,1.5,15.4,5107.4,1,Good,7.68,12.67,2.31,13.4,5.93,118.65,5.49,3.68,36.55
3079.5,5,4.0,3.4,16375.5,2,Average,3.56,1.02,6.33,79.99,10.0,67.55,4.77,2.52,70.45
1892.1,3,2.5,0.4,10241.1,1,Good,6.84,1.63,1.82,47.24,10.0,91.49,5.05,2.38,64.89
1649.3,3,2.0,15.2,6773.8,3,Good,7.43,0.68,2.49,26.6,10.0,112.68,4.3,3.17,60.22
2113.3,3,2.5,13.1,7371.1,2,Good,8.19,0.78,1.14,31.66,10.0,100.79,6.05,3.83,63.3
2381.8,2,1.5,21.1,8831.7,0,Good,3.86,5.28,1.08,63.56,9.44,59.76,5.04,2.81,51.5
2954.5,5,3.5,18.9,12467.3,2,Good,3.6,0.64,1.61,62.76,10.0,66.95,4.39,3.07,76.5
3317.5,6,4.5,41.0,12962.5,3,Average,9.2,0.87,5.42,8.0,10.0,107.26,5.07,3.54,87.22
1761.8,3,2.5,11.1,8120.3,1,Good,5.02,0.8,3.56,51.47,10.0,66.62,7.11,2.78,57.39
1256.2,2,1.0,0.2,6347.7,3,Average,5.55,1.68,2.67,56.29,10.0,74.81,5.57,1.9,48.41
1729.0,3,2.5,17.9,8054.4,1,Good,7.64,4.0,1.88,31.0,10.0,113.96,6.38,3.63,55.91
2188.8,4,3.0,20.2,7947.9,2,Average,4.4,3.5,0.34,54.12,8.49,81.73,3.43,2.09,60.48
1426.1,3,2.0,13.3,6436.8,2,Average,6.02,4.33,0.86,36.56,9.71,81.75,4.98,3.65,55.21
1429.4,3,3.0,21.0,7381.6,1,Fair,8.11,4.35,1.63,17.93,10.0,104.92,4.1,3.23,51.84
2253.7,3,2.0,7.0,6582.4,0,Good,3.94,0.21,4.45,42.31,9.75,72.27,4.63,3.23,59.25
1964.5,3,2.0,2.9,6834.2,2,Good,5.6,3.89,1.01,48.43,8.73,90.96,4.36,2.57,50.37
2021.3,3,2.0,19.7,10579.6,1,Average,4.47,3.89,2.89,50.51,9.14,66.62,6.62,3.15,46.55
1532.3,3,2.0,5.1,8297.5,2,Fair,5.11,0.41,3.4,32.49,10.0,109.33,5.99,2.74,47.66
1843.4,3,2.0,11.0,7691.7,2,Fair,8.63,1.98,2.81,27.05,10.0,126.87,4.37,5.54,54.84
1445.9,3,1.5,12.2,8529.4,2,Average,9.03,0.46,8.5,12.15,10.0,126.45,4.69,2.8,54.49
2728.7,5,3.5,11.7,13695.2,4,,6.96,0.88,2.15,26.0,10.0,99.68,5.6,4.18,86.95
2870.8,5,3.5,16.4,15892.1,2,Excellent,7.46,2.35,1.41,22.8,10.0,124.89,6.18,2.98,83.81
1047.2,3,2.5,0.5,4247.3,1,Good,7.41,0.24,1.47,26.38,10.0,117.83,6.35,3.58,57.87
1443.3,2,2.5,65.0,7567.1,0,Fair,5.29,0.52,7.34,51.49,10.0,61.51,5.9,3.41,37.71
1183.5,1,1.5,22.7,4102.3,1,Average,6.93,0.48,0.9,26.65,10.0,94.94,7.2,3.28,50.06
1591.6,2,1.5,10.0,7725.9,2,Excellent,4.17,0.63,3.76,62.24,9.95,66.68,5.67,3.25,48.11
1940.7,3,2.0,3.8,9564.4,1,Average,4.77,0.36,1.43,52.7,10.0,79.74,4.71,3.59,51.62
1203.1,1,1.0,1.5,5705.7,1,Excellent,6.34,3.23,1.82,31.74,9.7,106.73,4.3,4.43,53.97
1447.1,3,2.5,20.1,8171.2,2,Good,4.59,0.83,0.89,50.73,10.0,62.81,4.01,2.55,41.31
1406.2,2,1.5,6.9,4572.7,0,Good,4.21,6.55,3.85,49.85,8.6,72.29,3.87,2.07,43.14
2148.5,4,2.5,4.7,10027.7,2,Excellent,5.22,7.12,0.2,43.12,7.54,108.8,5.94,2.78,52.33
2047.3,4,2.5,8.6,7919.1,2,Fair,8.56,3.96,5.32,32.2,10.0,123.89,6.95,3.5,54.63
1552.1,2,2.0,16.2,7279.1,1,Good,9.3,0.41,0.55,12.19,10.0,122.26,5.32,3.18,61.46
2125.8,4,3.0,20.0,5834.9,2,Average,6.44,7.31,1.05,39.93,7.99,80.4,7.21,4.56,48.91
1650.2,3,2.0,18.7,10017.4,1,Average,7.55,1.94,1.21,23.02,10.0,104.98,5.23,4.46,53.79
1817.0,3,2.5,35.8,10068.1,2,Average,5.49,0.84,4.19,49.49,10.0,72.98,5.87,3.06,42.59
3589.3,5,3.0,4.4,18644.5,2,Excellent,2.78,5.03,4.87,66.79,8.11,51.47,3.46,4.56,82.54
3194.4,6,4.5,18.2,10263.7,4,Excellent,4.89,1.56,4.27,57.65,9.9,88.84,6.09,3.72,84.93
1267.9,2,2.0,1.9,28724.399999999998,2,Fair,5.94,2.46,1.69,33.24,10.0,93.88,4.5,2.85,45.75
2671.5,5,3.5,14.3,8184.5,3,Average,6.75,4.55,7.18,40.14,10.0,95.95,6.11,3.31,76.64
2654.4,3,2.5,15.8,13613.1,2,Good,6.32,0.54,3.4,50.23,10.0,72.59,6.61,3.26,65.65
1336.9,3,1.5,4.4,7259.2,0,Good,5.99,0.79,3.16,34.67,10.0,105.57,5.54,2.85,42.84
2661.3,5,4.0,8.9,12066.2,2,Good,5.47,11.27,4.23,43.15,5.74,82.92,5.68,2.92,57.93
3423.0,6,4.0,31.6,17337.4,3,Fair,7.12,4.2,1.89,32.38,10.0,108.38,5.33,3.74,80.86
1349.0,2,1.5,2.9,4910.2,1,Average,4.04,1.04,3.97,53.98,10.0,58.75,5.9,3.1,40.92
1449.4,3,2.5,10.3,7283.2,2,Average,7.94,2.93,2.79,26.89,10.0,110.63,7.26,3.19,64.22
2853.2,6,4.5,48.6,10225.2,3,Fair,5.44,0.87,5.61,50.09,10.0,79.49,5.21,3.24,60.09
2197.4,2,2.0,12.6,12245.9,2,Average,10.0,6.62,0.69,10.53,8.96,121.33,5.38,3.27,63.77
2423.6,4,3.0,23.2,15010.9,3,Average,5.93,2.11,1.91,40.58,9.94,80.51,3.24,4.09,69.19
2251.2,3,2.5,31.6,11369.2,2,Average,5.64,5.46,0.72,44.44,8.61,89.6,5.66,2.78,56.49
2291.0,4,3.5,4.1,13016.0,2,Average,5.49,11.63,6.56,39.71,5.74,92.28,4.34,3.57,54.87
1256.1,2,1.5,4.4,5921.6,2,Excellent,5.65,12.86,3.61,40.5,5.11,80.44,4.98,2.27,41.55
2882.9,4,3.0,25.6,17116.1,2,,7.59,0.67,3.29,22.27,10.0,95.48,5.73,3.01,68.77
3009.0,5,3.0,25.2,11077.2,3,Excellent,6.42,9.47,2.94,36.57,8.45,93.88,3.42,2.42,72.85
1844.0,2,1.5,1.1,8964.8,2,Average,8.28,1.21,3.23,24.53,10.0,131.1,5.71,4.61,55.55
1968.0,4,3.0,7.0,9398.4,1,Good,7.34,1.63,2.53,28.82,10.0,96.22,5.48,3.5,68.72
1169.2,1,1.0,9.2,5102.6,1,Good,6.56,0.41,6.32,29.09,10.0,100.58,5.97,3.08,46.59
2392.2,4,2.5,31.8,8845.2,2,Average,7.17,3.52,5.0,30.98,10.0,98.22,4.5,2.1,60.81
2441.1,4,2.5,9.9,7225.9,4,Average,8.65,3.51,1.33,20.69,10.0,140.31,6.42,2.4,71.27
1955.2,2,2.0,46.8,11052.3,1,Average,7.68,5.0,2.14,28.64,8.95,106.25,5.54,4.04,54.53
2961.7,5,3.5,65.0,8476.2,2,Average,7.01,9.56,0.39,48.63,8.61,114.83,4.42,3.67,65.77
1777.7,2,1.5,27.3,8134.4,2,Average,7.26,1.99,3.9,23.01,10.0,122.71,3.69,2.32,45.81
2434.8,4,3.5,19.8,12205.0,3,Average,4.43,1.87,2.8,47.67,9.58,97.47,4.6,2.32,61.18
1398.4,1,1.5,9.0,4856.3,1,Good,10.0,3.46,1.19,17.71,10.0,121.05,6.16,4.79,57.92
1981.8,4,2.0,1.2,10242.6,2,Good,7.45,3.72,2.02,25.32,9.38,91.11,5.69,4.42,68.82
1879.9,2,2.0,15.3,9422.9,2,Excellent,7.63,2.09,1.43,40.63,10.0,129.06,2.84,3.62,65.27
2162.1,3,2.0,8.1,8096.6,1,Good,6.45,8.26,3.21,34.48,9.59,113.18,4.83,3.49,56.67
1755.8,3,2.0,7.8,10067.6,2,Good,2.36,0.37,1.22,72.6,10.0,43.55,5.34,3.27,50.92
1908.3,2,2.0,20.9,,1,Good,6.02,4.72,2.75,44.94,9.18,48.94,7.3,2.46,49.09
2668.1,4,3.0,11.2,9051.5,3,Average,6.64,0.95,2.13,42.71,10.0,102.45,6.62,4.05,64.32
1714.9,2,2.0,25.1,8333.9,2,Fair,5.02,2.39,1.84,41.0,10.0,61.47,5.0,3.25,36.42
1138.8,2,1.5,9.1,5366.6,1,Average,5.0,6.3,4.21,61.04,9.45,70.95,5.4,3.95,33.04
3686.2,6,4.5,2.9,19994.5,2,Excellent,5.89,1.48,2.7,41.91,10.0,95.26,3.7,3.1,102.4
3240.6,6,4.0,11.1,17748.1,4,Excellent,7.89,7.56,0.58,29.94,8.78,120.14,2.5,3.67,95.33
1271.2,2,1.5,54.3,5526.8,2,Fair,8.76,2.12,2.1,10.03,10.0,147.88,4.76,3.04,53.95
2543.8,5,3.0,29.1,9981.0,3,Good,6.81,4.08,7.26,36.72,9.56,98.07,6.3,3.45,65.04
1675.7,1,1.0,4.1,6590.8,1,Fair,5.48,4.3,0.79,37.37,8.64,74.34,5.4,4.0,44.39
2191.2,5,4.0,8.9,7348.8,4,Good,5.85,1.17,1.91,48.54,10.0,105.09,4.38,3.0,55.43
2214.9,4,2.5,47.3,,1,Average,6.68,7.59,3.54,23.42,8.61,107.09,6.2,4.91,46.02
1840.8,3,2.0,2.4,9390.1,2,Fair,6.89,0.63,2.3,34.6,10.0,99.18,7.17,2.97,57.14
1518.8,3,2.0,5.3,7475.8,1,Excellent,7.28,3.05,1.72,26.63,10.0,109.2,3.56,3.5,60.59
1569.2,2,1.5,5.5,5601.1,1,Excellent,5.71,8.66,2.76,29.86,6.73,85.36,5.14,4.44,38.43
1450.0,2,1.5,15.2,7236.6,2,Good,7.45,0.3,3.58,19.86,10.0,120.39,4.61,4.49,55.56
1493.5,3,2.5,9.5,3555.9,2,Good,7.31,2.62,1.51,30.35,10.0,132.7,5.25,3.75,61.24
1951.8,2,2.0,1.5,9279.8,1,Excellent,5.79,1.11,2.01,35.17,10.0,81.41,4.7,3.6,62.77
1555.4,3,2.0,17.9,6359.1,1,Average,3.4,0.88,1.49,53.13,10.0,70.05,8.27,3.45,38.64
2537.0,3,2.5,1.9,10978.6,0,Average,4.91,1.05,4.53,53.36,10.0,60.02,5.07,4.42,48.46
3362.8,5,3.5,16.8,14133.5,3,Average,9.32,7.66,0.71,23.46,7.6,117.18,5.53,4.12,86.58
1631.1,2,2.0,12.7,9826.5,1,Good,3.45,1.97,1.69,63.18,9.4,72.57,5.38,4.22,42.5
2172.8,4,3.0,12.3,8208.9,4,Good,8.87,1.06,1.63,17.5,10.0,126.04,3.82,4.63,76.94
2380.1,3,2.0,1.3,12982.9,2,Average,3.39,8.6,2.39,62.92,6.6,48.44,5.42,3.74,56.23
2357.1,3,2.5,18.4,10512.1,3,Average,5.11,1.44,2.51,47.21,10.0,83.87,3.58,3.09,65.64
2052.0,3,2.0,10.2,13002.5,1,Average,5.83,4.31,0.83,31.08,9.72,104.3,7.18,3.66,59.13
2591.4,4,4.0,9.5,13067.3,3,Average,9.71,2.67,3.24,16.08,10.0,116.39,6.19,3.44,75.48
2365.6,3,2.0,16.3,7275.8,2,Average,6.55,3.84,2.02,24.08,9.01,124.74,4.57,3.26,65.49
1295.7,1,1.0,16.8,6549.1,2,Average,6.11,0.85,3.53,42.6,10.0,103.34,5.02,3.1,38.26
2708.6,6,4.0,0.3,13098.6,2,Fair,4.82,3.83,2.43,48.58,9.22,88.69,6.33,3.81,74.27
2725.9,4,3.0,2.4,8136.2,2,Good,7.44,7.76,1.24,11.3,8.53,110.54,5.5,3.88,70.93
1529.7,2,1.5,4.9,6859.6,2,Fair,5.58,0.54,1.65,47.62,10.0,113.6,3.38,2.88,57.77
2024.9,3,2.5,20.4,9017.0,2,Good,6.09,1.47,1.84,33.06,10.0,108.48,5.39,3.64,59.33
2538.1,4,3.5,15.5,12432.2,2,Average,5.85,11.71,5.27,36.4,6.68,87.19,6.39,4.62,61.84
1857.0,3,2.5,25.5,8532.3,2,Average,7.8,1.02,0.59,32.28,10.0,125.25,2.63,2.84,61.73
2908.9,5,4.0,24.3,14259.0,4,Average,7.87,0.4,1.4,25.26,10.0,105.26,5.35,4.43,71.79
4570.4,6,4.5,34.5,21686.8,4,Average,4.9,0.38,2.02,53.13,10.0,77.4,4.28,2.74,99.2
1517.6,2,1.5,8.5,8641.5,1,Excellent,5.37,1.23,3.25,36.6,10.0,107.3,6.59,3.67,48.32
1232.3,3,2.0,7.6,6619.1,2,Average,5.19,2.39,3.81,51.41,10.0,90.15,4.7,2.06,42.87
2222.4,3,2.5,32.0,8572.9,2,Fair,6.83,1.2,2.51,33.69,10.0,112.81,4.59,3.88,58.86
2572.3,5,4.0,4.9,14877.6,3,Good,8.13,1.26,2.45,24.63,10.0,134.89,6.11,3.23,75.54
1843.1,1,1.0,11.1,5740.4,2,Average,6.85,5.9,0.87,30.7,8.81,111.5,4.21,2.09,49.01
3323.1,5,3.5,3.9,12228.5,2,Good,2.56,4.86,3.07,80.02,8.63,43.05,5.29,3.05,75.57
1250.7,3,2.0,44.1,5565.6,1,Good,7.87,1.39,2.07,37.54,10.0,138.73,5.51,4.72,43.24
2546.6,4,2.5,9.4,10247.3,1,Average,4.07,1.55,3.29,35.64,10.0,79.05,4.99,3.83,64.68
1616.4,2,1.5,4.3,5067.2,3,Good,5.21,11.39,5.91,51.91,4.84,93.16,3.77,3.48,42.51
3647.4,6,4.5,21.2,11718.4,3,Average,6.86,9.8,2.57,24.29,7.87,104.64,4.24,3.8,88.55
4013.3,6,4.5,5.1,18772.6,3,Good,6.35,11.77,4.8,39.09,6.19,113.56,5.06,4.16,94.48
1527.9,2,2.0,51.7,9105.0,1,Fair,8.07,9.16,2.68,8.0,8.38,144.63,3.12,4.54,44.98
1648.6,2,1.5,8.2,8120.6,2,Good,5.4,3.37,3.85,47.92,10.0,81.85,5.29,3.18,53.0
2699.6,4,3.0,19.7,11664.1,3,Average,4.76,1.38,1.78,40.44,10.0,94.66,4.91,3.84,64.83
1745.0,4,3.0,7.6,7596.3,3,Average,5.94,11.37,1.03,36.25,6.56,93.78,5.83,3.76,60.2
1966.7,3,3.0,29.6,8816.7,2,Fair,8.26,4.55,1.87,22.3,8.81,92.0,5.91,3.48,56.23
2016.0,3,2.5,40.9,7700.5,2,Good,7.63,4.17,2.83,23.62,8.8,93.13,3.97,3.26,57.12
1020.6,2,1.5,27.9,4455.1,1,Average,6.66,5.31,4.71,28.17,8.39,107.49,4.63,4.6,36.0
1988.5,3,2.5,34.0,8886.4,1,Good,8.89,3.12,2.49,12.76,10.0,141.34,4.18,3.6,62.78
1569.6,2,1.5,1.9,6961.4,1,Average,8.56,3.0,2.14,17.85,9.8,131.98,4.62,2.49,54.84
1681.4,2,1.5,46.4,,2,Good,7.92,1.63,1.82,26.26,10.0,126.84,4.92,1.8,56.98
3311.9,5,3.5,17.6,16886.2,3,Average,4.38,0.72,7.28,62.34,10.0,111.62,6.43,4.12,71.61
1287.2,1,1.0,36.6,6878.0,1,Good,7.91,2.05,7.69,16.58,10.0,123.36,4.54,3.08,41.19
2656.1,4,3.0,20.8,14887.3,3,Good,6.14,2.53,3.28,39.95,10.0,91.85,6.18,3.29,75.06
1812.3,3,2.5,4.1,9700.1,3,,5.79,6.93,2.6,47.51,8.4,89.8,5.49,3.71,62.32
1811.8,4,3.0,16.9,5313.7,2,Average,5.27,1.84,3.32,36.62,10.0,108.51,6.72,5.25,49.78
2635.0,2,2.0,1.7,,2,Good,6.19,7.07,1.14,22.15,7.6,78.43,4.81,4.42,66.97
2250.7,3,2.0,21.4,6268.3,2,Good,5.37,1.42,2.72,26.91,10.0,104.13,4.31,3.23,66.87
2439.9,5,3.5,9.5,13406.2,2,Average,6.81,9.46,4.3,15.62,7.54,103.49,5.36,3.95,68.45
2804.2,5,3.5,3.0,15451.0,3,Fair,6.19,0.33,1.98,51.81,10.0,84.53,3.43,2.95,81.86
1779.4,3,2.0,65.0,9455.1,2,Fair,6.9,2.58,2.55,40.07,10.0,84.01,5.37,3.98,51.17
1612.8,3,2.0,41.6,9992.8,3,Fair,7.5,1.44,2.95,31.74,9.79,131.93,5.82,2.78,53.14
1366.8,2,1.5,40.3,7720.6,1,Good,5.97,1.32,4.26,49.04,10.0,81.65,6.41,3.54,40.2
1496.8,1,1.5,28.0,8824.0,1,Average,5.17,0.46,5.08,41.08,10.0,85.36,5.65,3.56,37.11
5200.0,6,5.0,21.2,17720.0,3,Average,2.89,3.86,6.99,83.17,9.83,44.57,5.04,2.61,87.27
3089.1,4,3.0,19.2,17805.5,2,Average,7.89,1.8,3.43,24.6,10.0,143.22,7.34,2.96,78.44
1245.3,1,1.0,2.0,5538.2,0,,6.64,9.73,2.45,33.91,9.35,102.75,5.19,1.8,51.68
1257.8,2,1.5,41.5,8409.9,2,Average,6.18,4.19,0.74,49.28,10.0,77.25,4.04,3.12,36.6
2365.3,5,3.0,38.3,7550.3,3,Average,8.61,2.07,0.71,25.8,10.0,118.01,5.16,4.24,68.33
2420.0,6,4.0,24.8,7575.6,3,Average,4.18,3.36,2.05,61.65,8.42,92.58,3.72,4.9,54.6
2421.4,4,3.0,47.2,12345.4,2,Average,6.6,0.42,3.51,47.75,10.0,87.24,3.84,4.52,69.86
1827.6,3,2.5,14.5,5687.4,2,Average,4.76,3.05,3.15,46.66,9.16,74.73,5.47,3.11,44.97
1912.4,2,1.5,10.7,9143.4,1,Good,7.68,3.71,2.45,26.28,9.89,129.95,3.74,3.39,71.91
2241.2,4,3.0,61.9,6934.7,2,Fair,2.49,0.56,2.62,58.25,10.0,58.46,4.52,3.35,49.53
2059.2,5,3.5,11.2,13132.4,2,Good,7.95,3.87,1.29,13.78,10.0,99.32,3.91,3.24,78.27
919.0,1,1.5,18.5,5636.1,1,Average,7.87,,2.92,31.64,10.0,118.66,5.35,4.13,33.28
1843.8,1,1.5,8.4,9379.0,1,Good,4.84,2.29,1.37,56.24,9.57,78.51,4.42,2.99,39.55
1483.3,3,2.0,18.2,6588.4,3,Excellent,6.62,4.31,1.18,18.88,8.74,101.86,5.79,4.49,53.99
2124.6,4,3.0,22.9,6792.5,2,Average,4.88,2.11,2.97,40.7,10.0,94.34,5.7,3.5,55.98
5200.0,6,5.0,17.6,27647.3,3,Excellent,7.27,1.05,4.71,29.94,10.0,111.97,3.77,2.53,115.0
2272.5,4,2.5,13.0,7403.6,1,Good,7.98,1.33,3.32,25.91,10.0,115.43,6.21,3.33,73.74
1790.5,3,2.0,6.4,7606.6,3,Average,4.69,4.49,3.19,66.04,9.88,76.96,5.01,3.76,48.09
2759.0,4,3.0,18.6,13025.9,3,Good,4.17,0.44,1.12,46.6,10.0,87.98,3.85,4.13,69.35
2366.0,3,2.5,43.0,9605.1,2,Good,8.47,6.08,4.11,20.61,8.19,112.36,5.61,3.97,62.28
2314.7,4,2.5,0.1,9060.1,1,Good,9.99,2.99,0.78,18.09,10.0,109.58,7.14,3.16,74.6
2471.0,4,3.5,2.6,7908.1,1,Good,7.39,4.35,0.82,26.56,9.55,106.83,4.98,3.01,65.54
4104.3,5,4.5,2.3,13490.5,2,Good,7.52,1.55,2.44,23.3,10.0,116.81,3.39,4.7,92.05
1345.1,1,1.0,46.2,7925.4,2,Average,5.9,1.01,1.86,36.26,10.0,87.05,6.22,3.42,42.19
2358.5,5,3.5,19.6,8263.0,3,Good,6.82,5.42,1.05,36.02,8.91,96.12,6.93,2.55,59.29
1444.9,3,2.0,54.6,8118.1,1,Fair,7.13,0.55,3.84,30.15,10.0,101.91,4.01,2.96,50.59
2427.0,4,3.0,15.7,7753.8,2,Average,6.17,0.78,3.6,43.72,10.0,95.63,4.32,1.93,52.62
1448.8,2,2.0,11.1,4467.4,1,Fair,8.93,1.27,1.41,22.35,10.0,109.52,5.24,2.18,46.85
1726.6,2,1.5,28.3,8398.5,1,Average,6.82,1.58,1.25,8.88,10.0,112.67,3.07,3.0,48.11
1802.1,2,1.0,3.2,7016.8,2,Average,7.05,0.93,1.95,22.02,10.0,68.8,7.49,2.8,49.59
2811.7,4,3.5,8.6,14226.1,3,Average,6.21,8.0,0.74,33.03,7.05,103.96,5.14,2.89,67.04
2755.8,3,2.5,11.3,13304.9,3,Average,6.39,0.29,1.41,43.87,10.0,102.89,5.25,3.98,76.9
1292.1,2,1.0,6.4,4590.6,1,Good,8.69,5.41,2.08,13.05,9.57,131.94,5.59,4.06,65.78
2037.0,3,2.0,8.4,8731.4,2,Average,6.76,1.89,0.9,39.98,10.0,75.77,4.92,2.53,52.67
1558.8,3,2.0,1.5,7298.1,1,Average,6.8,5.99,0.71,37.72,9.37,107.35,4.63,4.82,50.02
1286.3,2,1.5,4.0,5613.9,1,Average,6.83,5.29,1.06,38.48,8.49,95.93,4.16,3.48,45.45
1852.0,4,2.5,7.4,6580.3,2,Average,5.84,0.61,1.01,33.63,10.0,114.64,3.9,3.41,54.54
1793.7,4,2.5,28.6,10487.0,2,Good,3.97,3.71,1.28,45.15,9.13,75.67,5.65,2.81,53.75
4672.0,6,4.5,3.6,14281.9,2,Excellent,9.33,1.72,3.62,8.0,10.0,115.83,6.69,3.17,104.56
2325.1,4,2.5,7.7,12309.9,2,Good,8.42,5.71,1.7,47.76,10.0,98.2,6.24,4.92,71.66
1233.8,2,1.5,1.2,6401.1,2,Good,8.75,6.29,1.39,23.36,9.42,117.0,4.88,2.59,53.59
1639.8,2,1.5,14.7,5129.6,1,Good,4.57,0.87,2.21,63.72,10.0,88.91,4.99,3.6,50.72
2856.9,5,3.5,17.0,12774.2,2,Average,9.1,2.28,2.68,8.0,10.0,145.79,6.98,2.99,79.28
4150.4,6,5.0,36.1,21474.6,2,Average,10.0,3.09,2.95,18.88,10.0,142.54,4.32,2.04,104.8
1147.0,2,1.5,30.8,,3,Average,8.38,2.71,2.36,17.53,10.0,122.5,3.36,2.25,50.87
1034.9,3,1.5,6.0,4029.5,2,Good,9.47,1.13,2.68,13.57,10.0,129.21,5.48,3.86,53.05
3846.2,5,4.0,2.7,19234.4,2,Good,7.94,1.22,0.99,22.59,10.0,115.97,6.14,2.11,99.69
2290.1,3,2.5,3.1,8471.0,2,Good,4.98,6.45,0.56,38.2,8.99,99.25,2.5,2.47,70.63
1474.5,3,2.0,62.5,8391.1,2,Good,7.41,0.31,1.15,22.47,10.0,105.41,5.64,4.02,44.04
2409.4,4,2.5,20.1,13378.6,2,Good,4.66,1.17,4.42,48.23,10.0,87.85,3.96,3.93,53.99
800.0,2,1.5,0.8,5948.1,1,Good,5.42,,3.19,40.07,10.0,79.99,3.64,3.44,47.99
2000.6,3,2.5,2.6,10516.1,2,Good,7.07,1.68,1.59,30.73,10.0,120.48,4.88,2.52,69.85
2241.1,3,2.0,12.0,9819.9,1,Average,6.83,3.91,0.25,25.57,8.96,111.62,3.93,2.51,69.43
2761.4,4,2.5,4.2,13404.2,2,Average,7.33,2.63,4.67,33.44,9.9,122.95,3.25,2.41,73.37
1401.3,1,1.0,29.3,6880.4,1,Average,3.27,2.69,2.24,53.34,9.59,89.0,5.32,3.3,44.67
2059.0,2,1.5,15.3,9664.4,1,Good,6.22,4.41,6.11,55.27,10.0,60.41,5.15,3.88,65.98
1445.3,3,2.0,17.1,8176.0,4,Good,7.49,5.55,3.59,26.57,9.69,121.67,3.31,3.08,61.57
2185.0,4,3.0,11.2,8584.9,3,Average,7.85,0.76,2.74,23.91,10.0,121.81,3.65,4.06,71.71
1460.6,3,1.5,5.3,7595.5,1,Good,7.96,0.57,1.0,36.7,10.0,122.86,5.71,4.61,60.67
1732.2,2,1.5,16.0,6664.9,0,Good,6.95,1.35,1.04,27.94,10.0,108.32,5.78,3.69,55.23
1410.2,2,2.0,22.7,5254.7,1,Good,5.82,5.82,1.46,37.25,9.78,95.26,2.5,2.46,48.92
2509.6,3,2.5,8.3,9486.3,2,Good,7.4,2.7,2.94,22.72,10.0,114.84,3.81,3.46,73.7
2698.5,5,3.0,12.7,13740.3,3,Fair,5.96,0.69,2.16,39.93,10.0,106.23,5.11,4.42,81.48
1840.7,3,2.0,33.0,8548.7,2,Fair,8.12,0.77,5.43,16.17,10.0,129.97,5.67,2.93,50.53
2025.1,2,1.5,2.9,10979.4,1,Average,7.27,7.51,2.09,36.16,8.14,108.25,5.65,2.91,54.9
1203.5,2,1.5,14.2,4654.0,1,Average,6.39,1.66,3.33,36.51,10.0,95.85,5.86,4.25,42.59
1799.2,2,2.0,7.7,7787.2,1,Average,5.12,1.14,0.98,52.9,9.56,84.11,4.41,2.32,53.93
1963.4,4,2.0,21.8,5530.6,1,Average,8.52,3.99,6.09,26.96,9.48,117.14,5.4,3.55,57.36
5000.4,6,5.0,0.3,14896.3,3,Excellent,7.51,6.51,1.05,21.01,9.36,136.25,4.77,2.94,109.26
1354.0,1,1.0,20.0,7128.3,2,Good,10.0,2.07,2.07,8.0,10.0,122.21,4.58,3.08,55.89
3335.8,4,4.0,2.0,15048.4,2,Good,7.45,5.21,4.56,24.66,9.98,121.14,3.54,4.68,86.61
2832.5,5,3.5,1.2,9741.9,3,Excellent,7.6,2.0,1.74,26.23,9.89,122.79,5.53,3.04,83.24
2204.4,3,2.0,23.2,9575.3,2,Average,3.86,3.96,1.77,59.29,9.75,61.99,3.39,3.49,56.79
3697.9,5,3.5,18.4,19344.2,2,Average,7.06,2.94,0.99,34.56,10.0,110.32,3.91,4.17,94.91
2276.1,4,3.0,40.6,7202.3,2,Good,5.93,7.4,2.16,37.67,7.13,110.88,5.96,2.44,53.28
2289.8,4,3.0,13.2,5727.7,3,Average,7.99,1.46,3.13,19.56,10.0,112.24,5.02,4.03,76.73
1961.4,3,2.5,13.6,9637.4,1,Average,7.1,4.91,6.23,24.27,8.58,125.05,6.36,3.06,47.88
3066.4,6,5.0,22.1,9591.1,3,Excellent,8.27,3.89,1.84,24.56,10.0,135.8,4.83,2.44,83.81
2933.0,5,3.5,7.0,15804.2,4,Good,10.0,6.04,4.31,8.0,9.76,130.06,4.59,3.03,85.88
1605.2,2,1.5,0.7,7931.9,2,Excellent,5.06,3.19,0.87,52.97,9.2,67.71,6.46,3.45,55.29
1259.2,1,1.5,4.7,6121.9,1,Fair,8.2,2.17,3.45,27.28,10.0,121.66,4.76,3.58,38.55
1861.2,4,3.0,4.9,7361.1,3,Average,7.73,0.36,3.49,40.76,10.0,96.54,5.51,2.84,71.41
1510.2,3,1.5,7.4,8367.3,2,Good,10.0,6.06,5.47,10.23,10.0,99.33,5.02,3.24,48.88
1954.3,3,2.5,51.7,6147.0,3,Average,7.77,7.9,0.53,24.33,8.69,107.5,5.33,2.36,61.66
3081.3,4,3.0,29.4,17229.3,1,Fair,7.58,2.11,0.87,8.0,10.0,142.64,4.96,2.87,75.6
1702.7,3,2.5,49.5,8339.5,2,Average,8.03,,3.41,17.32,10.0,111.11,6.17,2.38,53.69
1968.5,3,2.0,65.0,5768.1,0,Excellent,8.16,3.53,8.5,14.87,10.0,124.13,5.27,3.34,45.04
2039.2,3,3.5,10.2,10245.7,2,Good,9.12,0.62,1.19,18.76,10.0,139.66,4.83,2.77,75.13
2689.1,5,4.0,4.6,8128.8,2,Good,5.03,0.33,3.54,61.44,10.0,82.21,5.48,4.96,69.57
910.1,1,1.0,14.8,3157.7,2,Average,5.79,1.3,3.05,46.29,10.0,86.96,3.5,3.69,43.01
1615.9,1,1.0,38.3,8514.7,1,Average,9.62,3.85,2.52,17.92,10.0,152.87,6.31,2.18,44.94
2151.6,3,2.5,11.3,11587.3,1,Good,2.97,5.59,2.6,56.7,9.4,59.76,3.54,2.84,60.6
3041.3,6,4.5,12.7,13172.7,3,Excellent,6.35,0.75,0.43,27.46,10.0,96.72,4.47,3.93,78.61
1682.2,3,2.5,2.6,5818.8,2,Excellent,6.77,9.55,5.14,30.41,6.02,114.01,4.7,3.58,56.48
1036.1,2,2.0,9.8,6433.5,1,Good,6.18,2.77,3.58,34.88,10.0,81.67,5.47,2.22,35.76
2482.2,4,3.0,8.8,7950.9,2,Good,9.35,8.5,1.37,9.39,8.45,114.79,6.98,2.81,80.61
1599.8,3,2.0,7.8,8393.2,3,Fair,7.36,0.72,2.47,33.71,10.0,86.85,6.33,3.88,57.13
1317.7,1,1.0,39.3,5748.4,0,Fair,5.8,2.16,2.3,30.57,9.36,99.68,3.58,3.68,45.7
1606.0,3,2.5,1.1,7906.4,1,Good,5.36,,1.14,51.27,10.0,84.33,4.23,3.83,53.45
1873.2,2,2.0,64.5,10597.9,1,Good,7.01,1.9,1.65,27.3,10.0,117.15,3.66,3.19,54.91
1617.0,2,1.5,0.1,8567.2,4,Excellent,8.6,8.75,1.28,19.37,8.14,124.6,3.77,2.76,62.69
923.4,1,1.0,52.4,4852.9,1,Fair,6.75,6.26,3.83,36.94,9.53,83.42,4.55,2.44,28.58
2735.2,4,2.5,14.3,15491.5,3,Fair,6.26,5.26,1.24,34.43,8.63,91.99,6.64,4.11,64.84
3121.9,5,4.0,21.8,16986.2,3,Good,5.25,1.28,7.37,53.83,10.0,97.91,4.93,4.86,75.58
2510.0,4,3.0,3.7,14518.2,3,Average,7.17,1.53,2.12,18.22,10.0,103.82,5.07,3.61,79.28
1341.9,1,1.5,19.1,8808.0,1,Fair,7.07,1.16,3.51,39.66,10.0,122.96,5.45,4.1,48.97
1862.1,2,1.0,38.5,9845.2,2,Average,5.2,5.25,0.88,43.6,8.63,78.41,4.17,2.8,41.34
1993.6,3,3.0,2.7,5899.7,1,Average,8.35,1.8,1.13,27.88,10.0,131.07,5.12,3.38,67.68
2464.1,5,3.5,2.4,8417.1,3,Excellent,9.57,12.52,4.41,17.06,7.93,110.11,5.47,3.35,67.85
2524.8,3,2.5,6.5,13805.0,2,Good,6.59,1.65,0.29,42.25,10.0,97.59,7.91,3.69,76.33
1545.4,3,2.5,3.2,7806.9,2,Average,7.04,0.8,1.12,31.31,10.0,100.59,6.22,3.46,50.81
2056.4,4,3.0,2.1,10418.5,2,Excellent,4.51,8.7,2.25,55.06,7.28,57.31,7.01,5.48,61.21
2345.0,3,2.5,20.4,9791.1,2,Good,7.83,5.08,5.05,32.59,9.72,130.58,5.23,4.0,68.51
3326.0,6,4.5,4.3,14031.1,4,Excellent,7.34,3.0,2.8,31.24,10.0,100.4,5.78,4.37,89.94
2557.0,4,3.0,19.8,12966.3,0,Excellent,5.91,6.46,3.75,52.07,8.13,82.59,5.49,3.6,62.57
2633.8,4,3.0,35.6,14251.8,2,Average,5.16,9.75,2.73,46.51,7.88,102.58,3.23,1.81,59.96
2057.7,3,2.0,19.0,6653.8,0,Good,9.83,6.52,1.87,8.0,8.88,140.25,2.5,3.74,68.63
3273.6,5,4.0,2.3,18072.6,3,Average,7.19,7.72,3.7,26.36,8.21,118.59,3.96,4.22,88.3
2306.3,6,3.0,15.3,12416.9,3,Good,4.85,1.21,6.15,58.22,9.84,56.92,6.57,4.45,72.27
1478.3,3,2.0,9.0,6515.7,3,Good,8.04,2.49,2.77,15.48,10.0,106.28,4.77,3.35,66.27
3265.5,6,4.5,7.6,13352.3,3,Good,6.91,5.28,1.2,35.43,8.71,133.71,6.06,2.32,88.23
2551.1,4,3.0,6.9,7279.3,2,Excellent,6.61,2.59,0.28,30.57,10.0,112.93,6.64,3.18,74.28
1711.2,2,2.0,47.7,4550.2,2,Good,8.26,3.49,2.4,13.86,10.0,104.98,3.79,2.31,51.93
1689.5,3,1.5,24.4,7615.1,2,Average,1.8,8.4,5.33,72.66,6.79,48.82,6.82,4.37,36.08
2216.8,4,3.5,2.6,6946.4,2,Good,3.25,1.32,0.52,56.46,10.0,48.41,3.92,3.74,67.25
2349.9,3,2.5,11.6,8792.4,2,Fair,8.98,2.68,1.74,10.0,10.0,147.81,4.97,3.02,73.99
2141.1,4,3.0,6.9,11039.4,3,Average,6.27,2.85,5.81,36.3,10.0,65.3,4.01,3.96,62.69
2228.2,4,2.5,65.0,11101.9,3,Good,5.73,1.63,0.43,42.01,10.0,94.77,5.46,4.5,58.61
3622.7,6,4.5,65.0,17890.8,3,Good,4.09,1.67,3.85,50.43,10.0,75.7,5.02,3.99,81.03
2907.5,4,3.5,6.9,9904.2,4,Average,6.85,4.89,1.82,38.08,9.38,88.19,6.08,4.9,77.42
2136.1,3,2.5,7.8,11692.9,1,Good,7.07,8.69,1.64,39.96,8.29,102.49,6.3,2.74,65.69
2777.9,4,3.5,16.5,14641.1,2,Average,9.09,3.41,1.28,19.77,10.0,134.83,6.94,4.13,78.84
1392.2,3,2.0,11.7,6286.2,2,Good,7.17,2.34,4.4,48.08,10.0,82.57,6.03,2.31,53.32
2296.8,2,2.0,4.3,12744.1,2,Excellent,5.95,4.64,2.92,58.42,9.41,75.57,6.1,4.82,68.11
3764.1,5,3.5,19.4,20960.2,2,Good,7.23,14.0,3.18,28.13,5.81,105.98,4.71,3.95,83.72
1851.4,3,2.0,7.3,9640.0,3,Average,8.5,0.48,2.3,12.77,10.0,111.05,5.0,3.12,60.72
1485.2,2,1.5,19.1,7058.4,0,Average,8.1,3.57,2.64,22.04,9.82,111.71,5.55,2.53,56.8
1590.4,3,2.5,8.7,5657.7,2,Excellent,7.62,2.8,0.32,28.23,10.0,112.33,3.84,3.0,65.32
1364.6,3,2.0,21.7,6098.7,2,Fair,6.99,3.22,1.31,51.32,10.0,92.69,6.44,3.21,46.45
1518.3,2,2.0,19.8,5082.4,1,Average,5.45,0.27,1.44,40.71,10.0,87.34,5.05,3.56,43.85
1755.2,1,1.5,12.8,6462.1,1,Good,4.64,10.17,2.66,51.54,5.7,82.54,5.41,3.39,32.78
1221.8,3,2.0,22.0,5178.9,2,Excellent,4.36,0.49,1.38,45.22,10.0,86.0,3.53,2.92,50.17
2009.1,2,1.0,11.1,10595.6,2,Good,7.21,1.38,3.32,29.67,10.0,90.46,4.8,4.27,62.59
2740.2,4,3.5,2.2,9436.5,1,Average,7.4,1.33,3.78,20.27,10.0,101.27,6.15,2.13,75.09
1454.3,3,2.5,3.6,9026.8,2,Good,8.47,4.43,3.76,8.11,10.0,130.64,5.66,3.83,59.65
3400.7,5,3.5,5.1,14429.2,3,Good,7.51,3.76,4.24,41.44,10.0,90.63,6.11,3.54,81.57
2389.4,4,3.5,1.2,8909.5,2,Good,8.39,0.4,2.81,29.74,10.0,122.99,4.83,3.39,76.23
2866.1,5,4.0,22.4,11206.6,2,Average,6.27,0.72,1.76,34.51,10.0,97.44,5.34,3.87,79.42
1587.2,3,2.0,8.2,6727.8,1,Good,7.89,1.43,0.96,38.07,10.0,79.49,5.09,2.9,58.51
2694.8,4,3.5,1.8,16327.0,3,Average,4.7,4.1,1.66,39.77,7.68,72.1,5.93,2.82,61.77
1363.5,3,2.5,30.9,8227.9,3,Excellent,6.39,8.67,1.32,34.61,6.48,103.14,5.49,3.18,48.66
2728.7,3,3.0,20.7,7563.5,2,Good,3.2,1.41,1.6,62.47,10.0,58.87,4.78,3.01,58.23
2122.1,4,3.0,10.8,12458.0,2,Good,6.56,2.59,3.72,46.22,9.89,93.76,2.5,3.22,73.24
2425.1,3,2.5,5.1,11949.5,1,Good,8.7,1.69,8.5,20.34,10.0,127.29,5.39,3.94,69.04
1324.2,3,2.0,3.0,3916.1,0,Good,6.63,2.96,8.5,37.47,10.0,115.05,3.35,3.48,55.33
1460.8,2,1.5,11.0,7353.8,2,Average,7.8,3.36,3.27,21.22,10.0,122.22,5.96,3.42,52.36
2462.7,3,2.0,39.0,12425.3,2,Fair,6.99,2.54,1.8,35.38,10.0,94.82,6.12,3.57,57.62
1433.8,3,2.0,3.8,5556.2,2,Good,5.47,1.78,1.93,56.08,10.0,67.52,2.69,3.15,46.43
2349.9,4,3.0,15.1,13237.0,2,Excellent,6.16,6.98,0.42,24.47,8.71,103.16,5.53,4.08,67.69
1238.3,2,1.5,58.7,4955.3,1,Good,8.62,5.38,1.29,30.7,9.02,107.68,5.5,3.82,44.96
2688.8,4,3.0,18.2,12131.3,2,Average,7.79,14.0,2.13,25.16,5.3,107.19,5.61,3.4,59.66
1298.0,2,1.5,10.4,3157.5,1,,5.39,1.9,4.57,32.57,10.0,89.78,3.84,2.55,47.75
2424.3,4,3.0,22.7,13906.8,2,Average,4.0,0.33,2.36,50.6,10.0,87.08,5.72,4.38,57.14
2487.3,4,2.5,31.3,12081.5,3,Good,6.87,3.57,4.15,41.07,9.15,122.03,3.81,3.9,61.05
1565.8,3,2.0,16.1,24896.25,3,Good,5.45,5.1,3.96,39.71,9.43,88.55,5.96,3.83,42.42
2449.7,2,2.0,37.0,9149.9,1,Good,6.18,9.04,1.47,41.4,8.0,88.94,5.68,4.67,54.57
2188.9,4,3.0,13.0,7262.3,1,Fair,3.88,0.23,1.88,44.69,10.0,52.83,4.84,3.92,56.24
1654.8,2,1.5,31.9,9685.4,1,Fair,8.37,6.97,2.61,8.0,9.11,148.71,5.67,3.36,58.34
1403.9,2,1.0,54.7,5090.5,3,Average,6.33,2.53,2.69,28.93,10.0,93.68,4.16,3.02,42.23
1005.3,1,1.0,12.5,6753.0,0,Average,6.6,1.7,8.07,41.95,10.0,110.37,4.59,2.99,38.54
2258.3,3,2.5,16.7,11908.7,2,Average,5.0,1.0,1.28,46.36,9.84,85.26,6.48,3.61,58.29
1155.5,1,1.0,16.9,6275.0,2,Good,6.0,5.58,4.47,49.14,8.08,87.07,6.44,4.13,28.2
2066.0,3,2.5,27.4,8161.7,2,Average,6.72,1.65,2.23,44.23,10.0,94.75,3.99,4.13,59.89
1822.2,2,2.0,31.2,8578.3,1,Excellent,5.4,3.17,4.86,40.36,8.32,67.69,4.52,2.36,49.98
2534.4,4,3.0,0.5,9880.8,3,Average,6.11,2.49,8.05,49.33,9.61,111.0,4.59,4.09,58.76
1797.7,2,2.0,23.8,8509.2,2,Average,9.0,1.18,2.11,12.66,10.0,126.76,5.27,3.18,67.48
1780.6,3,2.5,27.6,9747.2,2,Good,3.35,5.16,3.56,65.21,9.22,83.54,5.05,2.96,49.54
2581.6,5,3.0,21.7,11611.6,4,Fair,6.83,1.33,3.48,41.64,10.0,97.29,6.62,3.67,58.31
2246.8,4,2.5,22.5,8347.8,2,Good,5.09,5.15,0.89,47.47,7.89,79.32,6.89,3.99,59.66
2232.0,4,3.5,0.8,11460.6,1,Good,8.91,1.89,3.56,19.93,10.0,111.55,7.18,2.48,85.28
2354.9,3,1.5,10.5,6798.1,2,Average,6.17,0.3,0.93,41.28,10.0,91.65,7.58,3.56,59.76
1167.4,2,1.5,30.7,4369.3,2,Good,4.62,4.87,2.27,53.02,9.46,60.71,3.46,2.18,41.15
2604.2,4,3.5,48.9,13610.5,3,Average,6.11,7.55,3.01,34.87,8.86,100.92,4.99,3.99,61.18
2475.9,4,3.0,4.7,8269.3,2,Excellent,7.13,0.61,3.32,26.97,10.0,108.5,4.44,2.57,71.94
1399.9,3,2.0,15.6,6579.3,2,Excellent,10.0,3.02,1.43,8.0,10.0,160.65,4.21,3.54,71.89
1834.6,3,2.5,29.4,10278.3,1,Average,2.7,0.44,4.04,76.71,10.0,35.67,6.75,3.13,44.03
1970.9,4,2.5,25.1,10426.2,3,Fair,4.34,5.87,1.54,37.34,8.61,91.95,5.66,2.97,55.7
1906.3,3,2.5,17.4,5837.9,4,Good,8.85,14.0,5.56,15.59,6.5,113.07,3.45,1.9,56.42
2245.9,4,2.5,0.3,6700.9,2,Fair,3.78,2.39,5.49,53.13,9.32,73.33,8.05,2.35,52.51
3297.7,6,4.5,23.2,12899.1,3,Good,6.52,1.4,1.95,35.7,10.0,83.91,3.2,3.34,84.54
2917.9,5,4.0,26.7,10302.1,2,Average,5.63,6.18,4.79,44.36,8.14,92.58,4.81,2.7,69.49
1262.3,1,1.0,23.1,7691.9,0,Good,5.35,2.55,3.51,37.9,10.0,51.34,5.3,3.16,38.39
2484.2,4,2.5,26.1,11684.0,3,Average,6.19,2.11,2.88,47.41,10.0,86.8,3.96,2.81,72.62
3181.6,6,4.0,10.1,11849.1,3,Good,5.9,1.03,3.93,47.19,10.0,94.35,5.81,3.19,78.9
2287.9,4,3.0,65.0,13457.7,1,Average,8.4,3.26,3.11,23.75,10.0,146.21,4.52,2.5,66.9
2927.3,4,3.5,26.5,16495.6,3,Good,8.89,3.18,4.61,19.52,10.0,97.45,6.11,3.04,69.99
4041.2,6,4.5,15.6,14632.1,3,Fair,7.27,1.18,1.24,24.01,9.81,108.54,5.64,3.2,98.62
2859.2,5,3.5,49.0,12455.7,3,Average,6.08,0.96,4.49,37.22,10.0,87.6,2.5,3.42,65.18
2180.4,3,2.5,43.0,8005.9,2,Excellent,6.97,2.05,3.03,35.91,10.0,78.28,3.49,2.03,58.68
2880.7,4,3.5,30.3,16524.1,2,Good,7.95,2.12,1.56,31.97,10.0,100.67,6.13,3.44,70.98
2102.1,4,2.5,14.9,9621.6,3,Good,8.3,0.64,2.22,22.2,10.0,113.89,5.64,2.57,61.16
2015.0,3,2.0,13.5,10598.9,2,Excellent,7.17,1.23,3.41,32.78,10.0,113.95,4.07,2.38,69.84
1766.9,2,3.0,7.2,7468.2,2,Average,9.25,0.76,3.05,11.27,10.0,132.6,4.46,4.32,60.05
3453.7,5,4.0,5.2,17159.0,4,Good,5.39,7.61,1.16,48.64,9.18,68.61,5.1,3.95,76.38
1500.5,3,2.0,12.9,4389.9,3,Average,8.55,0.45,1.05,21.26,10.0,97.67,2.97,3.81,50.48
3416.4,5,4.0,15.5,19683.3,2,Good,7.77,6.95,3.34,27.56,8.29,120.18,7.7,3.23,89.58
2380.2,4,3.0,5.0,14298.9,2,Good,5.4,2.6,1.93,30.25,10.0,84.39,4.12,2.96,67.25
1224.4,2,2.0,46.1,6396.7,2,Average,6.92,3.7,4.63,33.74,9.43,127.13,5.23,4.52,42.48
2272.6,5,3.5,14.7,11797.8,2,Average,7.04,8.42,3.81,36.53,7.07,101.05,7.04,3.5,65.1
958.1,2,1.5,13.5,5666.6,1,Good,6.24,1.66,4.06,39.98,10.0,112.82,5.0,2.73,45.05
2487.2,3,2.5,10.3,14632.0,2,Fair,6.22,4.08,1.34,29.0,10.0,104.2,5.55,2.65,65.06
2723.9,5,3.0,1.1,9390.0,3,Average,3.76,3.76,7.81,49.47,10.0,79.69,4.15,3.63,70.42
1624.0,2,2.5,38.5,7611.5,2,Good,5.26,14.0,4.34,37.46,5.02,91.54,4.6,3.14,35.29
2086.5,2,1.5,6.9,11051.2,1,Average,6.07,0.35,5.88,40.86,10.0,101.18,4.18,4.17,55.49
3959.8,6,4.0,18.5,20028.4,3,Good,5.47,2.14,1.72,52.66,10.0,55.81,6.61,3.45,93.41
1674.0,4,2.5,16.8,6839.8,2,Fair,4.96,14.0,6.23,42.23,4.51,78.72,4.47,2.5,47.66
1379.4,2,1.0,15.8,8252.9,1,Average,8.41,1.47,1.86,32.89,10.0,112.42,4.38,4.8,60.77
3356.3,5,4.0,13.4,10248.6,2,,6.31,10.99,2.75,45.43,6.92,115.39,4.25,2.63,71.54
3971.5,6,5.0,3.6,20870.3,2,Average,10.0,5.63,2.41,11.99,10.0,125.98,5.62,2.48,101.65
2000.8,2,2.0,5.9,7486.8,2,Average,6.9,1.53,1.05,36.13,10.0,100.44,5.84,3.34,60.77
2847.0,4,3.5,13.4,10681.3,2,Good,8.37,0.29,0.89,8.0,10.0,132.49,3.0,3.75,83.05
3195.6,4,3.0,28.0,15015.0,1,Good,6.13,1.25,2.36,33.83,10.0,99.66,5.27,2.73,79.72
1540.9,3,2.0,10.2,5864.2,2,Average,5.31,0.62,2.33,34.46,10.0,88.4,5.53,3.92,60.45
1686.0,3,2.5,4.1,,3,Good,6.97,1.99,4.8,23.0,10.0,120.72,6.75,3.03,54.62
3074.2,6,3.5,1.7,,1,Average,8.83,9.18,2.58,21.73,7.81,130.21,3.85,5.23,76.51
3603.8,6,4.5,19.6,13993.5,3,Average,6.34,2.5,1.67,43.91,10.0,90.28,3.97,3.65,89.05
2433.3,4,2.5,9.9,8134.5,3,Good,7.3,2.1,6.67,38.19,10.0,90.85,5.91,2.59,63.41
1468.6,2,2.5,2.4,7565.5,0,Average,6.96,0.98,8.5,33.33,10.0,111.9,5.13,2.87,51.73
4005.7,6,4.5,20.2,16160.0,3,Good,6.32,3.31,0.92,42.55,10.0,86.94,6.72,3.77,93.09
1659.3,1,1.0,4.2,8395.8,0,Good,6.42,2.14,3.5,24.06,10.0,95.4,6.41,2.79,49.75
1777.0,5,3.0,12.8,9210.6,2,Good,4.7,4.94,0.7,37.23,8.56,94.18,5.51,3.34,53.15
2252.6,4,2.5,6.6,12398.9,2,Good,6.48,2.52,1.72,34.58,10.0,96.42,5.13,4.88,68.39
3442.5,6,5.0,48.3,19441.5,2,Fair,7.68,7.17,1.34,32.34,9.01,107.05,5.03,3.88,79.52
2694.3,5,4.0,4.7,8942.2,2,Excellent,7.03,5.09,3.05,28.59,9.44,101.96,5.17,3.85,82.35
2310.5,4,2.5,9.8,13241.9,2,Good,6.83,0.7,5.01,22.76,10.0,100.03,5.27,4.89,69.23
2350.0,4,3.5,57.7,13602.6,4,Fair,7.81,0.67,2.73,21.97,10.0,100.88,6.76,2.83,57.72
2028.9,3,2.5,6.9,8510.4,2,Good,6.85,0.28,1.0,22.78,10.0,127.27,2.96,3.39,74.41
2429.3,4,3.0,18.6,13943.5,3,Good,6.53,1.67,1.09,22.67,10.0,92.35,4.74,3.17,70.64
824.4,2,1.5,6.9,5171.6,2,Good,7.82,0.38,4.3,42.18,10.0,125.95,5.43,2.93,55.16
1801.2,2,1.5,2.1,7293.0,1,Average,6.75,2.11,3.77,45.44,10.0,88.32,4.54,3.21,51.44
2174.3,5,4.0,17.8,7849.7,3,Good,6.07,1.08,1.03,22.23,10.0,102.55,4.89,3.06,64.43
1335.6,2,1.5,44.6,7351.4,2,Average,7.34,2.41,0.82,13.68,10.0,111.81,4.71,2.91,46.24
2287.5,4,3.0,10.8,8519.3,3,Good,6.44,0.75,1.2,29.72,10.0,99.37,6.63,3.18,66.86
1860.2,4,2.5,17.7,5696.9,2,Average,5.99,2.75,1.96,27.36,10.0,96.37,4.73,2.91,54.22
3693.8,6,4.0,16.9,9772.5,3,Good,6.78,11.06,4.57,51.97,6.26,108.79,4.41,3.64,78.67
3465.3,6,5.0,9.7,13709.4,4,Good,6.8,3.44,1.96,27.41,10.0,100.03,6.06,2.68,87.0
1697.6,3,2.0,17.2,7509.5,2,Good,4.51,,3.66,53.98,9.83,74.43,4.61,4.16,57.47
1895.4,3,2.5,5.4,7923.4,2,Fair,7.1,5.16,3.85,26.17,8.93,114.73,5.01,3.94,54.53
1947.1,3,1.5,8.5,6672.4,2,Average,9.82,0.22,3.0,8.0,10.0,121.99,3.98,3.73,75.81
1706.0,3,2.0,10.5,10048.5,1,Average,4.74,1.26,2.97,59.65,10.0,61.32,4.75,3.06,53.15
2139.4,3,2.5,35.9,8733.8,3,Good,5.6,14.0,2.5,47.53,5.1,91.85,5.16,3.43,50.74
1532.4,4,2.5,7.7,7274.8,3,Excellent,10.0,5.08,1.29,12.1,10.0,111.86,3.81,3.31,70.14
1345.2,1,1.0,18.1,5571.9,1,Average,5.02,0.5,1.42,68.83,10.0,59.17,5.09,3.42,35.9
2484.8,3,2.5,4.3,8111.6,3,Good,8.82,1.46,1.8,17.03,10.0,151.65,5.76,2.4,80.73
2490.7,5,4.0,5.2,7744.7,3,Good,6.09,2.05,1.53,32.6,10.0,116.71,3.01,3.48,81.45
1507.9,3,2.5,18.8,8299.0,1,Good,6.61,8.93,3.37,51.19,7.82,93.0,4.48,3.64,50.72
2733.6,4,3.0,25.9,14926.3,3,Good,6.26,3.02,5.41,39.07,10.0,111.02,8.01,4.48,66.76
1601.9,3,2.0,11.2,6196.5,2,Average,7.27,0.46,4.79,41.21,10.0,123.04,4.97,2.64,55.8
2183.3,5,3.5,7.3,10511.8,3,Good,3.66,2.48,1.86,56.18,9.53,73.64,6.45,2.51,57.05
2662.8,4,3.5,43.4,8216.1,1,Fair,6.84,1.29,1.01,9.21,10.0,102.5,5.17,4.14,59.48
1974.8,5,3.5,2.6,11640.7,2,Good,5.77,1.52,1.71,27.71,10.0,100.17,4.84,2.27,67.36
2342.9,3,2.5,23.0,12370.7,3,Average,3.15,0.59,2.45,68.47,9.6,72.36,6.23,4.49,47.23
1667.8,3,2.0,21.1,4939.3,3,Average,8.52,2.16,1.1,14.65,10.0,131.94,6.52,4.29,55.73
1865.4,4,3.0,21.1,7092.8,3,Good,2.71,3.74,1.42,69.11,8.4,34.43,4.22,3.84,50.79
1859.3,4,3.0,49.3,11103.8,4,Average,10.0,4.76,0.26,14.86,9.84,168.46,3.99,2.26,74.47
1538.7,2,2.0,23.4,6508.4,2,Good,7.61,4.0,2.36,24.71,10.0,146.17,3.69,3.28,52.72
1878.3,3,2.5,6.5,7422.9,2,Average,4.05,3.66,2.52,50.63,9.26,44.85,4.23,3.36,45.0
1162.1,2,1.5,7.8,4425.7,1,Excellent,8.91,6.71,3.0,16.53,9.71,134.6,6.45,3.62,55.62
1682.6,3,2.0,8.9,7992.8,1,Good,5.15,1.49,1.65,43.39,10.0,112.86,5.23,3.82,55.42
1808.6,3,2.5,0.6,11337.7,0,Excellent,5.23,0.97,1.22,40.4,10.0,99.19,6.5,2.84,59.89
1826.8,4,2.5,44.1,11022.6,2,Fair,3.26,0.5,0.92,47.52,9.88,76.65,4.06,4.2,40.96
1836.2,2,2.0,1.4,9807.8,0,Excellent,4.94,0.78,1.29,47.09,10.0,61.73,4.1,3.79,62.51
1955.5,3,1.5,21.7,7569.7,3,Average,5.16,0.72,5.99,43.84,10.0,95.38,4.77,3.78,41.8
2363.3,3,2.5,23.6,10429.8,2,Average,7.97,8.0,4.88,12.62,7.66,120.03,5.53,3.23,62.52
2713.7,4,3.5,33.4,,1,Good,8.6,0.84,3.84,11.15,10.0,134.83,5.05,3.69,81.87
1591.7,3,1.5,14.5,9794.6,2,Good,4.27,0.52,4.79,48.66,10.0,59.57,5.97,1.8,46.88
1311.4,2,1.5,23.3,6008.0,3,Fair,6.99,1.84,2.81,18.96,10.0,90.35,5.66,3.7,43.41
1387.5,4,2.5,6.5,5461.5,2,Excellent,3.19,0.79,4.09,62.1,10.0,59.66,5.74,4.64,42.45
1684.9,3,2.0,24.6,5685.7,1,Good,6.99,0.65,2.71,34.52,10.0,100.12,5.95,3.99,50.72
1766.6,3,2.5,7.6,8018.0,1,Average,10.0,1.64,2.17,8.0,10.0,137.8,6.41,3.9,73.97
1526.1,3,2.0,42.0,9268.0,1,Fair,3.3,8.26,1.91,49.87,8.06,56.19,2.5,3.98,34.35
1269.5,2,1.0,3.2,5736.8,2,Good,4.67,0.3,5.14,53.17,10.0,75.93,5.19,4.31,45.86
1703.4,3,2.0,6.8,6543.0,1,Good,7.81,0.95,0.85,31.29,10.0,105.48,6.13,3.25,54.64
2129.2,4,3.0,12.4,6253.5,2,Good,8.02,5.76,0.39,25.07,9.56,116.57,7.98,4.14,63.14
2460.8,4,3.0,26.9,9640.1,2,Fair,4.81,1.1,1.68,51.29,10.0,60.34,5.09,3.74,49.87
1644.0,2,2.5,24.9,9043.0,1,Average,9.15,2.06,2.47,19.51,10.0,137.45,2.78,3.45,58.76
1729.3,2,2.5,4.3,11138.3,1,Good,5.03,0.53,1.68,45.66,10.0,86.52,6.77,4.41,52.8
1444.7,2,1.5,2.8,8554.3,2,Excellent,9.51,5.27,3.21,8.0,9.47,116.73,3.86,2.88,67.66
1976.3,3,3.0,6.5,10691.1,1,Good,7.34,4.47,6.23,26.55,10.0,128.02,5.71,2.91,57.32
1484.8,3,2.0,11.9,6362.8,1,Excellent,8.79,0.64,3.07,16.64,10.0,114.49,5.79,1.8,56.66
2442.1,3,2.0,13.9,12646.3,3,Good,7.17,9.66,2.36,28.11,7.72,124.07,5.34,2.7,70.18
1069.5,1,1.0,10.1,6297.3,1,Good,7.68,3.06,0.57,33.29,10.0,117.96,2.85,3.07,48.49
1761.9,3,1.5,19.6,7805.0,2,Average,7.78,5.32,0.43,14.74,8.71,128.46,4.8,3.36,55.93
2220.3,2,2.5,10.0,8779.4,3,Average,8.56,4.82,2.22,21.23,9.08,125.91,3.47,3.74,65.88
2131.0,3,3.0,52.6,10940.0,2,Good,6.44,2.54,3.0,25.2,9.52,107.01,5.7,4.06,55.13
5128.5,6,4.5,5.4,14768.4,3,Average,4.88,,5.24,39.0,9.88,94.98,4.23,2.4,100.23
2258.4,3,2.5,17.8,8354.2,2,Average,6.36,1.07,4.23,46.19,10.0,124.82,2.86,3.48,62.55
1406.1,2,1.5,17.0,8340.4,1,Average,5.3,0.27,4.0,46.69,10.0,100.98,5.98,2.66,37.78
1932.5,3,2.0,6.0,10941.6,1,Good,5.42,1.54,0.98,44.48,10.0,93.56,3.81,2.4,54.19
1073.1,1,1.0,9.5,5795.2,1,Good,9.48,0.73,3.31,8.0,10.0,115.12,5.35,3.64,56.42
1942.6,3,2.0,8.2,5555.6,2,Average,7.62,12.9,3.7,29.41,5.54,78.82,4.39,3.48,53.66
1492.8,4,2.5,3.4,7312.6,2,Good,7.54,8.43,1.51,11.5,7.86,109.86,6.15,3.77,57.7
2752.8,6,4.0,11.7,14367.6,3,Good,8.43,0.7,0.65,22.59,10.0,111.95,6.11,3.83,80.89
1648.6,1,1.0,8.8,7852.1,2,Fair,7.61,1.55,4.1,18.47,10.0,103.04,5.46,3.04,50.94
1918.2,3,3.0,3.5,10991.4,2,Good,9.86,2.48,2.73,14.86,10.0,137.24,5.08,4.22,59.3
1599.7,2,1.5,10.8,5516.7,1,Fair,2.73,1.83,2.1,64.49,8.67,65.67,4.72,2.71,31.95
3672.4,6,4.5,9.9,15833.3,2,Average,4.7,4.05,2.63,40.66,9.65,70.41,3.87,2.61,86.14
1785.7,3,2.5,2.5,8836.9,1,Good,5.24,2.44,4.09,46.84,10.0,97.78,4.55,3.7,52.44
3794.8,6,4.5,2.5,13550.5,4,Good,4.02,2.87,8.5,71.19,9.25,71.74,5.73,3.56,81.31
2657.0,4,3.0,18.8,8810.4,2,Fair,6.7,3.82,0.4,32.5,9.11,102.61,7.35,2.79,65.73
2365.4,3,2.5,22.1,6266.6,1,Average,6.79,0.28,4.42,37.44,10.0,129.31,5.83,2.78,56.85
2273.5,3,2.5,51.0,9371.4,2,Fair,10.0,0.24,2.99,8.0,10.0,142.49,5.99,3.68,61.85
2293.5,3,2.0,1.6,7360.9,2,Average,8.13,0.83,1.91,27.23,9.99,117.7,5.08,3.59,65.73
1017.7,2,2.0,2.3,4426.2,3,Good,5.59,4.25,5.62,37.22,9.18,96.58,5.78,2.62,43.02
1812.4,3,2.5,1.0,5736.2,2,Average,7.39,1.08,1.29,23.81,10.0,135.14,2.84,2.92,55.26
2686.0,5,3.5,13.7,10766.6,4,Good,3.21,8.29,3.16,65.5,6.56,61.28,4.41,2.72,63.54
1964.3,3,2.5,17.5,9141.8,2,Good,6.76,0.46,2.27,31.1,10.0,108.85,5.97,1.81,60.12
1221.9,2,1.5,9.3,3752.4,3,Good,6.66,,0.85,21.76,10.0,100.07,5.99,4.42,50.23
1961.9,4,2.5,28.8,10223.3,3,Good,4.88,0.28,0.91,60.43,10.0,79.63,4.6,3.58,54.02
3628.0,6,4.5,20.9,16509.2,3,Average,6.14,11.65,1.22,27.7,6.2,88.72,3.76,4.27,82.74
3091.5,5,4.0,65.0,8639.8,4,Good,5.25,0.97,5.35,39.4,10.0,77.57,5.12,3.17,75.83
1955.3,3,2.0,2.7,8891.2,3,Fair,4.82,3.03,2.22,46.63,9.58,104.19,4.72,2.67,57.2
2787.8,5,4.0,1.1,17956.9,3,Excellent,7.71,9.99,1.5,28.56,7.6,105.96,6.23,2.74,86.69
1757.6,2,1.5,5.8,10624.7,3,Average,8.36,0.3,2.39,27.64,10.0,99.58,5.97,2.74,54.38
1100.6,2,2.0,0.3,4460.3,1,Average,7.42,2.5,1.36,29.63,10.0,112.06,6.9,3.01,49.52
1445.8,3,2.0,48.6,7916.1,1,Average,5.71,2.59,2.37,49.18,8.79,104.93,6.42,2.24,38.69
3453.0,6,4.5,6.5,12917.7,3,Excellent,5.31,1.59,1.45,46.6,9.43,103.43,4.9,3.11,77.67
1815.5,3,2.5,14.5,5904.4,3,Average,5.77,3.6,0.8,33.8,10.0,74.6,5.58,2.97,57.74
1835.0,3,2.5,6.9,7030.7,3,Average,6.1,2.7,6.37,16.08,10.0,110.77,7.44,4.05,58.46
1799.1,2,1.5,5.1,6189.1,1,Average,4.93,1.12,0.72,45.38,10.0,110.52,4.76,3.8,59.4
3891.1,6,4.0,3.0,16133.4,1,Good,8.4,4.11,5.76,34.23,10.0,111.99,5.39,3.11,86.53
3530.1,6,4.0,7.0,17321.9,3,Good,6.14,2.21,0.39,28.76,9.75,93.13,5.2,3.76,91.24
4344.1,6,5.0,17.2,21355.7,2,Excellent,7.88,2.23,3.91,18.96,10.0,98.34,5.22,2.58,103.69
1890.0,3,2.5,64.1,7137.3,1,Excellent,3.98,9.91,0.79,54.56,5.76,96.72,4.24,2.45,52.29
2216.0,4,2.5,14.7,8843.7,1,Good,5.26,2.65,2.22,51.49,10.0,64.61,6.64,3.33,50.92
1175.2,2,1.0,13.7,5244.3,0,Good,8.05,5.11,5.09,33.65,9.01,111.94,4.19,3.48,43.63
3350.7,6,4.5,0.6,13825.7,4,Average,8.07,6.67,4.39,35.62,9.9,128.82,7.24,3.29,86.1
1327.8,2,1.5,33.0,7532.4,1,Excellent,4.34,2.98,4.86,55.18,9.28,65.28,7.0,4.42,43.08
2155.7,5,4.0,0.8,11819.5,4,Good,7.05,5.14,7.88,25.84,9.51,92.18,5.48,3.92,70.03
1361.0,3,2.0,42.6,8911.7,2,Average,7.09,1.39,2.02,24.16,10.0,105.84,5.21,4.18,48.79
1626.0,2,2.5,13.9,9136.2,1,Good,5.23,0.84,4.58,37.03,10.0,118.55,4.35,2.99,51.25
1490.6,2,1.0,3.3,5554.4,2,,7.14,4.01,3.75,39.54,9.89,103.56,5.28,3.65,48.23
1615.2,2,1.0,10.8,7105.1,1,Fair,3.66,8.54,2.81,53.64,8.66,64.14,6.39,2.62,39.07
1654.6,2,1.5,65.0,8762.9,1,Average,4.83,0.34,2.16,57.94,9.77,64.95,4.45,2.85,37.84
1649.3,4,3.0,6.6,7116.5,2,Excellent,7.58,4.81,1.77,14.71,9.07,117.54,6.81,3.65,61.09
2674.9,4,3.5,5.7,14672.8,2,Good,6.55,0.29,2.5,36.14,10.0,112.73,6.33,2.73,73.8
1357.4,2,1.5,2.3,6833.2,0,Good,6.65,2.16,2.3,29.63,10.0,92.95,5.08,2.81,39.73
2158.5,4,2.5,16.4,7592.8,2,Good,6.18,3.82,0.72,41.4,9.48,103.63,6.08,3.72,52.17
3060.4,4,3.0,1.7,17048.6,3,Good,7.47,1.86,6.84,27.36,10.0,102.48,4.2,2.83,74.48
1669.7,2,1.0,26.1,9803.6,1,Good,7.55,1.35,2.13,37.31,10.0,85.35,5.09,4.12,51.94
1554.2,2,2.0,45.3,7209.5,2,Average,7.92,0.86,2.85,20.68,10.0,122.54,7.64,3.24,51.78
1843.3,2,2.0,48.4,8137.8,2,Average,6.73,12.39,7.84,30.32,6.73,131.39,6.51,3.27,40.22
3019.7,3,2.5,2.1,9638.1,2,Excellent,5.8,2.9,1.33,49.5,9.39,74.97,5.75,3.59,66.87
2138.7,4,2.5,14.7,10098.2,2,Good,5.5,0.64,1.88,42.21,10.0,90.73,5.28,3.3,66.56
1659.2,4,3.0,1.8,6508.8,2,Good,4.6,0.36,0.89,48.42,10.0,96.21,5.12,3.61,58.2
2366.9,4,3.0,15.3,6906.8,2,Good,5.77,1.09,4.33,47.48,10.0,89.98,5.17,2.71,61.65
1358.6,1,1.0,30.4,6203.2,0,Good,5.41,2.68,1.09,45.79,10.0,67.22,4.35,1.8,41.64
2536.3,4,2.5,13.9,9171.4,2,Good,9.38,4.66,7.17,8.0,9.77,133.53,5.92,2.34,66.32
2305.4,3,2.5,37.0,11545.6,2,Average,4.62,12.88,1.1,42.94,5.62,98.94,6.35,3.06,55.26
1794.1,2,2.0,29.1,9525.1,2,Average,8.37,5.95,2.44,8.0,9.59,114.13,4.92,3.77,57.63
1489.9,3,2.0,5.8,6251.0,2,Average,6.02,3.23,1.33,36.99,10.0,97.46,5.71,5.02,50.25
1465.1,3,2.0,17.9,8776.5,2,Good,6.13,3.71,6.01,44.09,10.0,80.73,4.4,2.96,46.71
2409.5,3,2.5,0.1,10606.0,3,Good,7.22,2.56,2.39,31.42,10.0,106.66,5.13,2.91,71.16
3072.2,5,3.5,9.1,9438.9,3,Average,3.95,2.02,1.72,65.59,9.23,75.8,4.27,3.65,73.06
1598.7,4,2.5,4.9,6851.0,2,Good,5.06,5.11,2.67,56.69,9.48,84.95,4.95,3.57,43.29
2345.9,5,3.5,49.8,11641.3,0,Good,4.27,0.82,2.52,55.44,10.0,68.02,5.33,3.59,54.35
962.5,4,2.5,9.4,6052.6,2,Average,5.82,1.5,8.18,21.04,10.0,98.08,5.86,3.21,40.44
1628.4,2,1.5,19.1,9151.2,0,Good,4.86,12.51,5.79,52.38,6.53,90.3,4.53,1.91,37.75
1976.6,5,3.0,23.7,8949.6,3,Good,8.87,2.91,2.03,10.35,10.0,137.31,5.72,3.55,65.46
1453.3,2,1.0,26.7,9255.9,1,Fair,5.45,2.41,2.63,51.23,10.0,83.57,4.15,3.36,44.63
1439.7,2,1.0,24.0,8005.9,1,Good,2.22,6.29,5.79,71.73,6.63,41.82,5.55,2.21,27.51
1581.7,3,2.5,6.1,5643.9,2,Excellent,5.9,4.79,2.76,42.24,8.89,120.31,7.63,3.84,48.82
2213.4,3,2.5,20.9,9794.2,1,Average,7.95,1.46,4.82,28.5,10.0,118.39,4.79,3.95,60.14
1871.4,3,2.5,14.3,6827.6,1,Good,9.43,3.35,2.31,33.04,10.0,129.89,3.73,3.82,71.34
912.9,1,1.0,16.4,3920.1,1,Good,6.09,0.86,2.13,45.51,10.0,74.32,6.19,3.09,37.38
951.2,1,1.0,0.0,,1,Average,5.57,0.37,0.95,34.11,10.0,76.0,5.51,3.57,37.47
1615.8,4,2.5,5.4,6744.7,3,Good,6.47,14.0,1.8,45.58,4.25,90.46,5.7,2.73,47.72
2345.4,4,3.0,48.0,8259.8,2,Average,7.25,4.48,2.79,25.89,10.0,114.49,6.6,2.36,51.71
800.0,1,1.0,6.2,3890.0,2,Average,4.47,8.74,2.22,62.49,6.68,71.39,4.42,3.33,28.1
1677.6,3,2.0,10.4,5233.1,2,Average,6.06,5.91,2.39,51.38,8.0,94.9,4.45,2.27,49.56
1662.1,4,3.0,3.7,8173.3,2,Good,6.41,1.99,1.74,43.79,10.0,78.66,5.8,3.3,59.71
3248.4,4,3.5,2.7,16726.9,2,Good,6.58,6.52,1.86,22.52,7.93,120.36,6.34,3.36,81.13
1746.3,3,2.0,4.2,11598.9,2,Good,6.24,5.14,2.27,35.26,10.0,86.43,5.46,2.79,53.02
2284.8,3,2.0,14.5,7626.2,2,Good,4.82,1.16,3.49,58.83,9.16,83.67,5.12,4.86,62.67
2099.5,3,2.5,45.2,9051.7,2,Good,7.11,3.32,4.45,47.99,9.75,99.33,5.56,2.95,54.6
947.9,2,1.0,7.1,5001.5,1,Average,6.42,1.36,1.05,37.37,10.0,94.37,6.01,3.56,36.04
2614.6,3,2.0,7.0,16000.9,2,Average,6.42,1.05,1.99,35.51,10.0,87.66,3.61,3.26,66.29
2154.7,3,2.0,14.9,10089.4,3,Fair,4.55,0.47,2.52,40.56,9.08,81.49,4.11,4.1,54.01
2387.2,2,2.0,7.9,7183.5,2,Good,7.65,2.71,3.3,19.31,10.0,99.28,5.1,3.15,64.8
5200.0,6,5.0,43.4,20456.4,3,Average,4.79,1.79,2.81,50.0,9.19,84.53,5.96,2.45,98.22
963.5,2,1.5,8.5,5391.4,2,Good,9.41,0.49,2.21,19.48,10.0,131.55,7.59,3.71,52.12
3654.2,6,4.5,12.1,18294.4,3,Good,4.38,4.25,3.81,38.86,9.22,84.16,5.08,2.27,84.5
1806.9,2,1.5,13.7,10900.8,1,Good,7.87,4.31,0.57,30.74,9.86,125.73,5.47,2.76,63.09
2209.6,3,2.5,27.4,6988.5,2,Average,3.07,1.06,3.76,73.28,10.0,55.8,4.47,3.02,49.23
1966.6,2,1.5,14.9,10864.9,2,Average,2.44,10.19,1.97,70.97,5.25,58.13,5.92,3.05,38.18
1722.5,2,1.5,4.9,5385.5,0,Average,5.5,5.01,3.09,57.28,8.61,81.99,3.99,3.14,43.35
1636.9,3,2.5,2.4,10402.3,1,Good,2.43,5.44,5.21,67.19,8.91,71.4,5.19,3.08,42.69
2242.5,3,2.5,50.0,11494.7,1,Fair,7.81,0.21,0.98,29.3,10.0,109.83,4.15,3.49,55.45
1175.0,3,1.5,29.1,5839.7,2,Average,6.46,12.48,3.7,39.14,5.6,96.47,2.88,2.89,36.46
2598.5,4,2.5,0.4,12811.1,2,Average,9.02,14.0,1.6,28.28,6.75,122.19,8.16,3.73,70.08
1727.3,3,2.0,31.0,6354.2,2,Good,6.2,2.46,1.37,43.54,9.62,86.03,6.08,2.77,54.87
1345.4,2,1.0,16.1,4900.8,2,Good,6.94,13.64,3.33,24.76,6.63,133.25,6.09,2.45,43.6
1707.0,3,2.5,13.2,6421.3,2,Good,6.02,3.23,1.01,41.96,10.0,101.01,6.2,2.55,70.47
3102.6,6,4.5,0.2,10506.8,4,Good,4.93,0.66,2.14,51.01,10.0,82.61,6.77,3.09,81.4
1656.8,3,2.0,27.3,7648.7,2,Average,5.77,5.59,1.01,40.38,9.57,84.66,5.38,4.13,39.95
2265.3,4,2.5,4.0,,2,Good,4.33,2.81,4.78,58.47,8.3,90.41,6.16,3.38,59.65
1547.1,2,2.0,23.4,8033.8,1,Good,7.2,1.54,2.18,32.09,10.0,100.13,4.65,3.05,58.11
2605.2,5,4.5,0.3,9710.2,2,Excellent,5.95,1.06,4.79,45.37,10.0,95.07,5.01,3.37,74.04
2540.0,4,3.0,28.6,12328.8,1,Average,6.32,2.54,3.28,37.47,10.0,128.52,3.51,2.49,59.19
3816.2,6,4.5,0.4,17746.1,4,Good,10.0,3.97,0.55,8.0,10.0,126.6,5.42,2.12,95.47
1879.1,3,2.5,4.8,8052.2,2,Average,5.77,6.91,0.38,32.49,8.14,98.96,4.62,2.66,54.87
2525.1,4,3.0,5.6,9166.6,1,Good,7.06,3.12,1.45,25.24,9.6,110.28,5.05,2.61,66.25
2068.0,3,2.0,3.1,7951.3,2,Average,6.4,1.92,3.8,34.93,10.0,106.02,6.11,5.2,58.39
3145.0,5,3.5,11.8,16297.6,2,Good,8.58,3.4,1.32,33.15,10.0,119.72,5.53,4.84,84.21
1553.7,3,1.5,6.0,6889.8,0,Good,6.93,2.4,3.3,33.09,10.0,96.39,6.33,4.83,59.3
2593.5,5,3.5,65.0,10174.1,2,Fair,6.01,3.58,2.87,42.04,9.53,97.3,4.55,2.49,64.63
1866.6,2,1.5,15.6,9696.0,1,Fair,10.0,3.2,1.66,16.95,10.0,133.62,5.62,4.72,56.72
1953.8,4,2.0,15.0,5407.5,2,Excellent,4.95,12.51,1.41,48.51,5.54,49.31,4.5,2.87,48.53
2063.4,3,2.5,4.5,11059.1,2,Good,6.15,3.32,1.44,36.44,10.0,84.2,5.01,4.63,67.58
2182.6,4,3.0,9.5,9733.7,3,Good,8.15,3.96,7.25,32.17,10.0,114.29,4.86,3.73,67.29
1918.5,2,2.0,2.4,8798.8,2,Average,5.03,7.33,3.72,53.25,8.69,67.72,4.08,2.66,51.17
2154.1,4,3.0,25.9,12977.5,2,Average,7.88,8.01,3.35,20.52,8.2,117.71,4.75,4.64,68.37
3471.5,6,4.0,7.2,16970.9,4,Good,5.64,0.69,2.68,40.25,10.0,79.22,5.84,4.61,83.91
2821.2,3,2.0,25.1,11531.6,2,Good,8.31,2.14,1.52,22.8,10.0,119.91,4.19,2.6,79.71
2708.6,5,3.5,8.4,9129.3,3,Good,8.26,9.35,0.94,21.39,8.7,150.32,4.47,3.64,76.59
1703.7,4,2.5,65.0,9791.3,3,Good,6.34,,3.14,44.85,6.77,115.06,6.57,1.95,36.78
1463.8,2,2.0,3.4,6994.3,1,Fair,4.7,0.87,2.64,52.64,10.0,87.32,6.76,3.1,36.84
2791.6,5,3.5,0.0,8574.7,3,Good,5.8,2.08,0.82,30.16,10.0,116.98,6.12,3.11,72.55
2715.2,4,3.5,16.3,13347.8,1,Good,6.47,1.25,1.72,29.76,10.0,98.43,7.08,3.09,78.22
3345.7,6,4.0,55.0,12582.2,3,Fair,8.1,5.21,0.9,26.19,10.0,117.26,6.7,4.61,78.35
1617.5,1,1.5,18.7,5198.0,2,Good,7.08,6.32,2.29,34.27,9.9,91.61,5.1,2.4,47.59
1843.9,5,3.5,1.6,11867.4,3,Excellent,7.47,2.23,3.9,19.49,10.0,128.78,7.39,3.23,76.54
1125.7,3,1.0,14.0,5856.3,2,Excellent,7.13,3.8,1.15,36.1,10.0,134.38,6.92,3.97,46.51
1741.7,3,2.5,43.2,6176.0,2,Good,8.02,6.73,1.41,8.0,8.95,129.97,5.12,2.41,54.48
2832.2,3,2.5,0.1,13832.9,2,Average,6.14,4.16,3.39,38.76,9.51,115.53,5.48,2.74,70.73
1697.2,3,2.5,3.3,9787.3,1,Good,6.8,0.74,3.79,25.7,10.0,64.84,4.47,4.24,57.88
2500.3,3,2.0,30.3,8162.7,2,Fair,6.55,4.18,8.5,38.46,9.93,133.09,5.09,4.41,58.65
1869.3,3,2.5,40.4,10518.5,1,Average,5.71,0.75,1.26,39.76,10.0,89.22,3.49,3.08,56.22
2238.2,4,2.5,22.1,11468.3,2,Average,8.32,3.59,2.94,23.95,10.0,153.68,4.55,4.04,63.79
1337.2,1,1.5,65.0,4531.5,0,Average,8.28,1.5,1.8,16.18,10.0,144.5,6.07,4.57,36.34
2058.7,4,3.0,1.7,8427.6,3,Average,8.67,0.39,1.63,28.59,10.0,135.52,4.07,3.09,72.28
800.0,2,1.0,14.2,3391.0,1,Good,5.13,1.02,2.67,31.8,10.0,79.14,4.86,3.99,28.8
1871.7,4,3.5,20.8,11484.8,2,Good,7.13,2.22,2.32,37.71,10.0,109.23,5.81,3.08,63.41
1129.3,2,1.5,21.8,7071.6,1,,8.47,14.0,0.99,19.17,5.76,95.62,4.88,2.39,43.49
3047.6,4,3.5,28.4,8492.3,2,Average,9.21,1.15,3.56,16.66,10.0,143.89,6.47,3.4,83.34
2623.0,5,3.0,44.9,13474.3,2,Average,3.78,12.53,1.87,63.94,6.34,32.75,6.52,3.22,50.67
2352.7,4,3.5,8.1,11891.0,2,Good,6.49,1.65,1.89,25.13,10.0,95.51,4.52,2.71,80.1
3402.8,4,3.0,0.8,12473.0,2,Good,6.16,10.5,2.85,43.7,6.41,117.44,4.72,3.15,71.49
1433.5,3,2.5,8.1,7280.8,3,Good,9.36,10.2,7.71,15.96,8.24,142.77,5.25,3.23,61.99
3683.3,6,4.0,20.0,10467.5,1,Good,2.52,0.69,2.78,69.38,9.39,32.6,4.47,3.61,71.32
2769.1,4,3.0,4.3,16140.7,3,Good,4.61,5.85,1.65,55.35,9.06,59.31,7.0,4.18,68.57
1839.4,4,3.0,29.9,9399.9,2,Fair,9.08,2.53,1.65,18.18,10.0,121.05,4.75,4.18,61.38
2973.4,5,4.0,4.5,14334.1,2,Average,5.65,3.91,1.22,48.68,9.37,91.12,6.2,3.34,80.66
1356.7,2,1.0,0.2,5729.0,1,Average,4.16,4.99,4.12,48.24,9.6,85.08,3.55,2.99,35.88
1497.3,2,2.0,12.8,6524.8,1,Good,9.22,0.63,2.07,20.77,10.0,139.51,4.35,4.4,70.02
1614.8,4,3.0,23.3,9077.1,3,Fair,3.92,5.33,2.04,61.62,8.8,55.29,4.01,3.33,33.77
1660.5,2,1.5,7.7,8291.5,1,Good,8.34,1.35,0.6,19.37,10.0,129.57,3.83,2.95,60.76
1380.5,3,2.5,24.9,8813.8,3,Good,3.69,4.42,1.86,70.57,8.14,77.61,4.63,3.53,46.42
3065.8,5,3.0,10.4,14050.9,3,Fair,3.9,2.93,3.24,58.2,9.78,76.73,5.6,2.03,71.94
1825.1,3,2.0,3.4,6535.3,2,Average,6.86,3.89,1.03,30.4,10.0,138.59,6.89,3.05,50.54
2260.6,4,3.0,1.7,13013.5,2,Excellent,4.97,3.32,1.94,50.68,8.76,92.36,4.98,3.0,57.45
1636.6,2,1.5,22.3,8259.6,2,Good,6.99,5.52,0.26,29.55,8.54,118.94,5.29,2.81,59.42
1056.6,1,1.0,8.8,5918.7,2,Average,9.74,7.4,0.57,17.6,10.0,163.31,5.57,3.69,50.79
2196.3,4,3.0,43.9,13772.0,1,Fair,6.22,2.11,1.75,36.25,9.8,108.44,4.4,4.21,49.67
1023.2,3,2.0,14.0,3730.1,1,Fair,9.43,1.79,3.6,21.0,10.0,125.73,5.17,4.67,44.33
1950.8,4,3.0,7.7,8364.0,3,Excellent,7.08,1.09,2.52,20.67,9.87,123.86,7.5,3.03,63.4
1237.8,2,1.5,7.7,4958.8,2,Good,8.22,5.58,3.45,9.0,8.99,113.92,5.63,3.19,55.74
4006.0,6,4.5,2.5,19499.9,3,Excellent,2.26,11.12,4.18,72.71,6.11,37.28,7.5,2.89,78.51
2749.0,4,3.5,16.2,13750.4,2,Average,7.65,0.9,1.52,25.48,10.0,100.36,5.23,3.8,74.05
2073.5,4,3.0,15.7,13438.0,2,Good,7.37,2.16,3.25,25.53,10.0,126.98,4.52,2.0,65.84
3109.7,4,3.5,29.0,12191.9,3,Good,5.85,4.91,3.48,20.87,9.23,100.98,6.35,3.11,82.02
1485.9,3,1.5,4.0,7761.6,2,Excellent,9.91,3.43,0.55,21.69,10.0,153.84,6.59,3.62,68.62
2416.8,4,3.0,6.2,14212.5,1,Good,5.61,5.6,1.36,42.25,9.17,98.29,4.65,2.93,70.2
2142.9,2,1.5,1.8,11471.5,1,Good,3.6,0.25,5.5,68.04,10.0,69.09,5.6,3.08,53.81
2191.6,3,2.0,6.3,7092.6,2,Good,7.91,7.95,0.95,13.39,7.27,120.39,5.13,4.14,65.95
3119.2,5,3.5,10.1,13721.1,3,Average,3.94,0.4,2.6,54.95,10.0,78.55,3.68,3.36,69.94
2582.1,4,2.5,59.9,15163.5,3,Average,6.64,2.09,2.06,38.96,10.0,92.9,3.74,4.3,70.92
2210.7,5,3.5,19.1,14717.3,3,Good,8.91,1.23,4.59,20.69,10.0,109.42,4.97,4.63,71.8
1119.7,2,1.5,27.5,6829.3,1,Good,7.4,8.63,2.5,31.61,8.79,103.28,6.47,3.8,35.41
1427.9,2,1.0,7.1,8195.8,1,Average,6.05,1.23,4.74,27.07,10.0,102.25,6.14,3.18,45.49
1914.2,3,2.0,2.8,5242.6,1,Excellent,5.87,1.7,2.24,44.15,10.0,83.41,4.19,4.59,60.25
2064.6,3,2.0,5.3,7742.7,3,Good,8.78,7.22,3.74,8.15,9.36,155.76,3.97,1.8,73.87
1345.4,2,1.5,5.3,,1,Excellent,4.3,2.67,4.07,46.69,9.98,80.68,4.24,2.24,51.05
4647.5,6,5.0,15.7,14236.4,3,Good,7.9,7.51,1.04,25.09,8.41,117.47,4.15,3.98,100.72
3397.3,6,4.5,7.5,10845.5,3,Good,10.0,3.66,3.15,8.0,10.0,131.51,4.23,5.26,100.53
2467.0,4,3.0,35.1,10391.2,3,Good,7.48,0.46,0.86,24.42,10.0,123.82,2.97,3.91,61.2
2049.2,4,3.5,65.0,9088.0,1,Average,6.07,2.03,3.28,50.01,10.0,77.86,2.51,3.54,57.04
1855.2,4,2.0,7.6,10309.2,2,Excellent,6.21,0.82,3.45,36.14,10.0,100.86,2.5,3.05,60.99
1432.0,2,2.0,22.0,6896.1,1,Excellent,5.64,0.42,4.24,39.84,10.0,83.71,3.49,3.82,43.62
2053.1,5,3.0,19.3,12263.8,2,Excellent,5.33,1.7,5.78,43.43,10.0,87.97,6.48,4.27,55.94
2186.8,4,3.0,3.9,12533.4,2,Good,6.71,7.85,1.19,24.41,8.78,109.0,9.17,3.96,71.05
1293.9,1,1.0,45.0,5294.4,1,Average,7.72,0.6,2.27,29.68,10.0,97.78,7.42,3.45,43.12
2246.1,5,4.0,4.0,9527.2,4,Good,9.4,0.22,0.76,22.33,10.0,109.7,5.47,4.18,80.44
1892.5,5,3.0,24.0,10867.2,3,Fair,2.98,8.95,4.12,66.5,7.07,46.21,4.35,3.63,48.07
1024.8,2,1.5,7.7,6208.4,2,Good,2.11,2.62,8.5,67.82,10.0,61.57,4.73,3.78,31.49
1478.6,2,2.0,8.2,6535.0,1,Average,9.43,2.82,1.85,17.67,10.0,138.72,5.35,4.13,63.29
1728.9,3,1.5,10.9,8117.6,3,Excellent,6.6,8.64,1.12,31.19,8.82,95.29,7.47,2.7,53.95
3868.8,6,4.0,36.0,15093.3,3,Excellent,6.7,4.05,2.02,31.24,9.82,129.57,4.11,3.38,78.91
2427.9,5,3.5,2.7,9061.7,2,Average,7.4,5.81,3.28,37.92,8.61,128.12,5.2,3.49,76.38
1252.1,2,1.0,1.0,6537.6,2,Good,6.16,4.91,2.23,34.17,9.76,110.49,5.31,2.5,33.7
2368.7,4,2.5,9.3,12161.7,2,Average,10.0,3.23,1.56,15.28,10.0,129.86,5.1,2.58,72.1
1162.6,3,2.0,1.0,7095.5,1,Fair,7.39,3.93,1.27,32.35,9.94,124.38,2.99,2.93,52.86
2918.8,4,3.5,20.9,15230.3,4,Average,5.69,2.83,1.08,35.2,10.0,95.25,4.9,4.18,63.42
1694.4,3,2.0,25.7,6963.1,2,Good,5.86,1.61,2.01,47.33,10.0,82.22,3.71,3.25,52.06
1933.8,3,2.5,34.7,9886.6,2,Good,6.24,1.28,0.98,33.01,10.0,95.32,7.72,3.5,55.64
3178.1,5,3.5,24.5,8540.2,4,Good,5.1,0.82,0.9,51.51,10.0,69.13,5.83,3.63,79.76
1273.5,2,1.0,44.7,4882.5,2,Fair,9.54,1.6,0.88,8.89,10.0,124.73,6.43,3.87,49.06
1225.4,2,2.0,24.8,6343.6,1,Good,6.72,2.95,1.44,38.21,9.27,86.3,4.23,3.78,39.83
1629.0,2,1.5,49.5,7493.1,3,Fair,4.39,3.03,3.41,51.13,10.0,88.91,4.71,3.45,37.36
2873.9,6,3.5,3.9,11916.9,3,Average,7.23,3.88,1.35,31.22,10.0,107.14,7.45,3.3,71.71
1174.1,1,1.0,12.5,7299.3,1,Average,9.09,6.97,2.24,19.85,8.6,116.36,6.33,4.22,36.34
800.0,1,1.0,65.0,5066.4,1,Good,8.41,3.58,0.53,16.14,10.0,128.95,5.66,3.03,37.1
1706.3,4,2.5,20.6,8334.3,2,Good,5.13,0.8,4.68,36.76,10.0,84.04,6.68,4.42,59.61
2423.8,5,3.5,38.0,13066.6,2,Average,4.5,0.28,0.53,49.75,10.0,91.5,7.36,2.97,63.21
3041.5,3,2.5,0.6,18663.6,3,Average,9.07,0.9,3.95,24.85,10.0,131.16,6.87,3.19,84.23
1699.2,2,2.0,37.0,8441.6,0,Average,3.58,7.84,3.65,64.97,6.82,46.01,6.35,3.93,28.6
1730.2,1,1.0,21.5,8145.7,2,Fair,7.17,2.88,3.44,35.08,10.0,100.47,6.46,5.17,38.02
2992.5,4,4.0,3.4,8743.4,2,Excellent,5.48,6.24,8.5,41.34,8.92,71.78,4.84,1.95,73.84
1038.6,1,1.0,0.5,5558.7,1,Excellent,8.86,1.05,7.35,18.35,10.0,134.82,5.42,4.05,55.92
1744.1,3,2.5,5.4,9259.9,2,Good,4.6,4.16,0.93,41.65,9.01,93.1,5.95,3.75,55.2
2135.9,3,2.5,44.5,11780.3,1,Good,5.07,4.41,1.53,45.8,9.0,61.65,5.55,3.06,56.91
2338.4,4,3.0,19.9,10782.5,3,Average,7.61,5.51,3.35,30.38,9.91,110.78,5.75,3.67,63.49
1671.7,2,1.5,45.3,10118.1,1,Fair,7.93,2.65,0.54,8.41,10.0,132.36,5.04,2.5,51.85
2022.4,3,2.5,10.6,7584.3,1,Average,8.95,5.25,2.32,33.64,10.0,106.07,2.5,2.81,58.84
836.4,1,1.0,49.7,5784.3,1,Average,7.35,8.97,3.32,19.33,7.31,103.45,5.94,3.72,33.32
1587.0,4,2.5,11.2,7303.9,2,Average,7.13,10.3,4.27,46.07,8.11,106.98,5.32,2.64,47.87
2341.9,5,3.5,4.1,9754.4,2,Average,8.39,0.63,3.15,12.91,10.0,136.41,5.34,3.51,76.66
1416.9,3,2.5,3.0,8651.4,1,Good,4.03,3.33,2.85,46.73,10.0,79.0,7.62,2.9,49.66
2039.9,3,3.0,65.0,7766.5,1,Fair,4.92,0.59,4.92,43.29,10.0,92.03,5.59,3.06,45.42
2336.5,5,3.5,7.3,7288.3,3,Excellent,4.18,8.39,3.02,48.76,8.09,81.55,4.31,4.21,66.42
1772.4,2,2.5,3.1,8822.5,1,Average,1.67,10.15,2.5,68.16,5.59,38.93,5.96,2.53,33.54
2121.0,2,1.5,0.2,9605.2,3,Excellent,8.02,2.42,4.28,18.51,10.0,140.19,5.29,3.37,78.18
1426.6,2,2.0,6.1,8250.5,3,Average,9.07,10.49,0.78,18.08,7.83,119.95,6.43,3.76,59.61
1858.8,5,3.5,39.6,11510.1,2,Good,7.5,4.85,3.87,25.63,8.26,72.36,4.54,3.59,60.22
2474.0,4,2.5,13.7,7047.3,2,Good,7.18,4.01,2.02,40.29,10.0,82.41,4.3,2.96,63.16
2111.0,3,2.0,18.0,10294.3,3,Good,6.65,2.98,2.31,46.06,10.0,99.87,4.61,3.67,63.09
1627.4,2,2.5,46.0,9339.1,2,Fair,6.6,1.87,4.49,19.98,10.0,96.25,3.3,2.63,42.22
2161.3,4,2.5,12.9,12125.7,3,Average,9.55,10.82,0.73,28.34,7.71,127.33,4.72,3.03,68.2
2566.0,5,3.0,32.8,14986.1,3,Average,9.29,0.9,0.81,20.52,10.0,133.92,6.95,4.59,65.71
975.1,2,2.0,7.0,4941.2,1,Good,5.45,5.39,4.2,43.76,8.37,104.45,4.4,3.88,35.53
2997.9,4,3.5,65.0,13902.7,2,Fair,8.5,1.67,1.96,15.24,9.65,129.06,3.71,3.4,77.2
1776.3,2,2.0,1.5,7010.0,2,Excellent,8.71,4.68,3.72,19.2,10.0,134.28,4.62,3.74,71.34
2319.1,3,2.5,23.2,9222.4,2,Fair,7.67,0.77,1.02,35.85,9.82,98.1,5.44,2.8,63.1
3038.2,5,3.5,19.4,15475.6,3,Average,7.2,1.7,1.6,52.19,10.0,100.5,4.38,3.61,76.8
1236.3,1,1.0,3.8,7555.3,0,Average,7.14,9.55,3.76,47.27,8.01,116.87,5.28,3.06,35.51
1558.8,2,2.0,8.9,8363.4,2,Good,3.83,2.81,1.49,43.54,10.0,70.58,5.48,2.97,45.51
1806.2,3,2.5,6.8,9840.7,0,Excellent,3.67,2.36,3.98,54.7,10.0,73.92,5.2,3.31,44.14
1518.8,2,2.5,1.8,7441.2,2,Average,7.91,4.66,2.56,24.63,9.81,124.56,5.1,2.95,53.29
3667.4,5,3.5,15.8,17476.9,2,Excellent,4.52,1.93,0.72,61.21,10.0,79.3,7.14,3.51,94.62
1480.5,3,2.0,65.0,5475.9,1,Average,4.0,2.37,0.78,51.36,9.72,93.14,5.39,3.71,40.74
1645.1,3,2.0,14.8,6183.4,0,Good,2.76,2.83,3.57,58.9,8.33,49.35,4.33,3.2,44.15
2146.4,3,2.0,14.2,7134.3,1,Fair,5.64,14.0,3.79,44.03,4.38,78.44,6.03,1.8,34.55
1311.9,2,1.5,0.7,8111.4,1,Good,7.17,5.44,1.58,30.51,8.15,82.79,5.13,2.75,55.94
1739.8,2,2.0,2.7,6608.5,1,Excellent,7.32,0.33,1.79,36.16,10.0,119.65,5.28,2.59,68.23
2233.0,4,3.0,13.0,11656.6,1,Good,8.03,5.1,2.23,44.18,9.47,109.38,6.31,3.68,66.61
1778.5,3,3.0,65.0,6654.2,3,Average,5.8,2.44,3.68,46.23,10.0,109.37,6.68,2.85,51.21
1933.9,2,2.0,37.7,7978.2,1,Average,6.69,1.04,1.84,41.46,10.0,105.44,3.95,3.02,50.22
1660.3,3,2.5,7.5,8462.0,2,Average,8.02,6.35,1.32,34.64,9.32,112.51,7.11,4.03,53.77
1176.1,1,1.0,14.1,,0,Fair,7.34,1.21,1.49,34.81,10.0,94.59,5.13,2.81,53.72
2236.3,4,3.5,14.5,7982.3,1,Excellent,5.45,1.44,1.62,39.1,10.0,99.49,5.14,3.55,63.78
3693.1,6,5.0,20.8,13413.6,3,Good,7.04,0.41,3.93,29.33,10.0,105.2,4.09,2.94,100.51
2011.1,4,3.0,21.0,10890.4,3,Good,2.93,12.36,1.08,71.12,3.86,62.43,6.02,3.05,56.52
2162.1,3,2.0,28.1,9046.0,1,Average,6.5,5.28,1.13,37.02,8.84,108.21,3.64,2.53,59.05
2546.4,4,3.0,0.5,12617.9,2,Good,5.39,0.71,1.55,35.86,10.0,90.67,5.79,3.01,70.35
1281.4,3,2.0,51.8,5972.3,1,Good,9.23,2.35,2.5,26.91,10.0,119.29,7.02,3.78,42.91
3626.0,6,4.5,1.3,14202.0,2,Average,4.74,1.51,4.8,41.99,10.0,86.82,4.85,2.68,85.97
2144.8,3,2.5,11.6,7944.0,2,Excellent,6.71,0.31,4.08,23.74,10.0,113.65,6.39,2.86,65.29
3537.4,5,4.0,45.4,,4,Average,5.73,8.59,2.3,33.96,6.72,95.92,5.29,5.04,77.36
1546.0,1,1.0,12.0,8633.7,0,Average,5.5,6.05,5.36,44.74,9.61,97.05,3.67,3.59,40.35
3775.6,6,4.5,1.2,12674.0,4,Good,7.18,14.0,2.23,37.14,5.72,117.72,5.33,3.65,90.38
2621.0,4,3.0,4.7,13098.7,2,Average,5.75,1.09,4.72,44.14,10.0,85.55,5.0,2.93,69.6
2424.9,5,4.0,15.6,12544.5,2,Fair,9.83,4.05,5.39,8.0,10.0,132.02,6.19,4.18,71.69
2168.8,4,3.0,1.7,12289.4,3,Good,2.95,0.6,3.46,52.47,10.0,90.05,4.8,4.3,67.85
1831.7,4,3.0,9.9,6218.5,2,Good,7.64,2.01,1.85,31.06,10.0,131.38,5.75,2.95,62.81
3041.7,4,3.5,7.2,11376.9,1,Excellent,6.35,6.2,0.57,36.23,8.3,97.32,4.04,4.2,78.3
2098.8,4,2.5,30.4,11030.5,3,Good,6.41,0.23,7.1,38.0,10.0,108.27,5.67,4.4,55.27
1003.8,1,1.0,2.1,4811.2,2,Excellent,7.04,2.3,2.71,32.06,10.0,92.88,5.23,1.85,45.66
1351.5,3,2.0,20.7,4976.7,2,Excellent,8.3,2.03,2.04,25.52,10.0,112.02,5.06,4.04,55.98
1872.4,2,1.5,9.4,10450.7,0,Good,6.98,3.96,3.69,37.33,10.0,87.78,5.23,2.83,42.75
2227.2,4,2.5,16.0,8414.3,2,Good,8.3,1.07,1.8,40.99,10.0,124.48,4.88,4.39,71.35
1959.0,2,2.0,4.1,7928.0,2,Excellent,6.58,0.81,4.1,37.82,10.0,104.87,5.36,2.8,65.87
3061.4,5,3.5,16.9,12535.8,4,Fair,4.64,3.57,1.6,44.92,8.56,93.52,4.98,3.86,81.64
1009.4,2,1.0,20.2,5112.1,2,Average,6.34,3.48,6.07,38.71,10.0,94.94,4.13,2.08,32.99
2101.2,3,3.0,1.3,7711.2,1,Fair,8.58,4.66,5.59,10.61,9.88,138.55,3.77,4.24,63.32
1057.5,1,1.0,31.3,7076.8,2,Good,5.76,1.11,2.42,32.57,10.0,100.39,4.66,3.46,44.03
2606.9,5,3.5,35.6,12553.2,3,Average,4.55,0.25,1.53,56.37,10.0,111.77,4.85,4.37,66.54
1933.2,3,2.5,1.2,10035.1,1,Excellent,7.62,6.93,5.58,26.91,8.66,135.91,2.5,2.86,61.54
2314.3,3,2.0,16.6,8837.0,1,Average,7.11,0.94,3.45,37.58,10.0,127.61,5.22,3.56,55.19
1476.8,2,2.0,16.2,5518.7,1,Good,5.11,1.93,1.49,31.84,10.0,95.49,7.62,4.54,47.57
3126.9,6,4.5,0.2,14386.0,4,Average,6.08,2.22,1.75,32.61,10.0,82.41,5.96,3.38,88.3
2877.3,5,4.0,7.5,11827.3,4,Average,6.17,0.86,0.87,40.1,10.0,100.09,5.01,3.72,77.83
2451.0,5,3.0,62.5,13360.4,2,Fair,6.51,2.55,2.92,25.27,9.73,131.35,4.3,3.92,63.7
1909.6,3,2.5,14.6,8780.3,3,Average,7.66,8.06,2.11,14.66,8.32,120.23,3.33,2.24,61.54
2447.8,4,3.0,48.7,10898.2,3,Fair,5.77,1.21,2.93,34.01,10.0,79.86,6.18,3.01,62.08
1560.2,1,1.0,20.3,6494.2,1,Good,7.76,2.55,0.55,23.07,10.0,118.91,5.67,4.25,54.52
2695.8,4,2.5,0.5,14998.3,2,Average,5.54,1.38,1.63,47.98,10.0,74.85,3.84,1.86,64.0
3559.3,5,4.0,1.5,15762.2,2,Excellent,9.5,12.84,1.12,28.15,5.98,122.26,6.26,4.24,93.65
2906.5,3,2.0,23.1,11431.5,2,Fair,9.54,1.0,3.27,8.0,10.0,140.47,6.12,2.96,70.81
1547.9,2,1.5,14.6,9263.3,0,Excellent,4.96,0.57,1.54,38.17,10.0,92.38,4.46,4.94,49.38
2267.6,2,1.0,2.4,11262.5,1,Excellent,4.29,0.69,6.1,42.18,10.0,63.21,4.88,3.73,53.56
1270.8,2,1.0,17.1,7731.6,1,Excellent,8.26,1.66,2.47,27.91,10.0,112.17,5.47,2.8,51.98
2441.4,4,3.5,29.9,12109.6,3,Good,6.96,2.78,4.21,35.61,9.6,85.12,5.81,4.13,64.33
2339.5,5,3.0,25.2,11484.5,2,Average,7.49,3.73,1.34,20.7,10.0,109.36,4.0,4.47,67.31
1038.5,2,1.0,5.1,4846.3,2,Excellent,5.32,2.84,2.32,41.29,9.15,58.95,5.82,3.85,38.17
1330.6,1,1.5,5.4,4899.9,0,Average,6.26,7.75,1.71,37.05,9.94,92.82,5.27,3.07,46.13
1809.7,2,2.0,61.9,9228.6,2,Average,5.88,1.63,7.55,39.76,10.0,93.73,6.42,4.48,43.58
1798.5,2,2.0,39.3,5992.3,1,Average,7.05,4.19,0.78,26.21,10.0,81.47,6.04,2.7,45.44
1308.6,1,1.0,6.9,7875.3,1,Average,4.26,1.2,3.78,55.84,9.4,59.86,5.26,4.2,30.48
2289.6,3,3.5,31.3,6013.0,2,Good,6.32,3.86,1.51,26.18,8.88,96.85,6.21,1.8,68.52
2182.0,3,2.0,3.2,8036.6,2,Good,4.24,8.52,1.28,53.59,8.55,71.0,3.54,3.49,48.99
1866.8,2,2.5,3.9,5896.6,1,Average,5.57,12.47,2.52,41.6,4.97,86.97,4.79,2.98,47.9
1533.8,3,2.0,3.6,7484.8,1,,6.32,4.39,1.77,39.78,9.96,101.77,4.13,2.37,56.8
2884.3,4,2.5,1.7,12912.1,2,Fair,7.41,9.34,3.43,41.31,8.93,86.85,4.59,4.38,67.09
3566.7,6,4.5,34.7,11662.3,4,Fair,7.56,3.85,1.1,23.52,10.0,121.89,4.58,1.8,86.76
1687.1,4,3.0,15.6,7906.2,2,Average,7.87,10.77,3.23,25.89,6.29,111.04,3.81,4.44,56.75
1612.8,2,1.5,5.4,9581.1,1,Good,3.83,7.51,0.82,41.12,6.34,60.71,6.25,2.25,47.8
2373.0,4,2.5,34.0,10739.3,1,Good,8.78,0.56,6.43,37.39,10.0,99.81,6.03,4.19,67.98
1762.9,3,2.0,29.2,9237.0,2,Average,5.34,2.26,3.28,30.09,9.55,82.66,4.53,2.82,48.51
1903.0,3,2.5,1.9,10484.1,1,Good,5.47,1.57,0.57,42.01,10.0,95.08,2.65,1.93,59.38
2588.6,5,2.5,18.6,15632.4,3,Average,6.98,0.29,3.98,11.44,10.0,107.3,4.64,3.06,82.71
1024.3,2,2.0,23.0,6579.5,1,Good,5.89,2.21,1.1,33.44,10.0,95.17,5.15,3.82,48.89
3169.7,4,3.0,22.6,11112.7,3,Good,7.15,0.71,2.15,45.25,10.0,102.49,6.69,2.73,73.91
2049.7,3,2.0,23.1,11482.5,2,Average,7.49,0.32,1.8,37.52,10.0,110.23,4.58,3.6,62.82
1730.2,3,2.5,3.3,10637.4,1,Average,5.13,2.08,3.84,55.88,9.83,68.45,6.28,3.92,51.89
1936.8,3,2.5,6.8,10058.9,3,Good,6.17,1.05,2.42,36.7,10.0,95.88,4.64,4.52,62.66
1972.1,4,3.0,33.5,6674.0,2,Excellent,6.22,8.96,1.68,51.87,8.22,89.68,5.83,3.45,63.99
1090.2,2,1.5,41.2,6511.5,1,Good,8.22,5.56,1.56,26.6,9.3,103.84,6.09,4.27,43.29
3371.9,6,4.5,5.9,17298.4,4,Average,5.66,10.21,4.24,46.33,7.0,100.69,5.84,4.04,78.9
2027.3,2,2.0,0.4,10945.2,0,Average,5.58,7.02,3.94,66.49,7.58,67.17,4.15,3.33,54.09
2333.3,4,3.0,35.4,5933.3,0,Average,4.66,4.37,0.2,57.51,8.1,85.94,4.8,4.26,49.49
2787.9,4,3.0,8.5,8891.0,3,Good,4.86,3.11,1.27,46.63,10.0,89.14,5.85,4.07,67.7
1397.7,3,2.0,7.2,8589.6,1,Good,4.07,0.42,8.5,59.13,10.0,64.41,3.46,3.28,51.25
2358.3,3,2.5,7.7,9931.2,2,Excellent,5.23,1.19,3.12,54.82,9.43,99.62,6.07,3.94,64.86
1819.5,3,2.0,9.7,8418.1,2,Excellent,9.37,4.17,3.79,19.89,10.0,125.06,3.87,3.6,62.62
2687.5,4,3.0,8.6,13366.5,1,Good,7.74,1.84,1.93,33.59,10.0,105.5,3.71,3.81,77.27
949.1,1,1.5,15.0,4017.0,1,Average,8.8,1.46,4.64,30.62,10.0,109.39,4.61,4.81,43.84
1930.1,2,1.5,1.5,7276.0,1,Good,4.79,0.55,2.37,68.95,10.0,79.96,4.45,2.8,59.72
1618.1,2,1.5,64.1,6622.6,1,Good,2.99,0.43,1.65,56.44,10.0,46.01,5.4,3.59,44.7
2324.6,5,3.0,49.6,8506.1,2,Average,7.07,0.95,2.59,38.36,10.0,95.22,5.49,3.42,62.65
2355.5,4,3.0,49.0,10394.8,1,Average,9.84,5.96,3.26,14.23,9.18,137.2,5.28,3.99,74.25
1559.8,3,2.0,38.1,4945.0,2,Average,5.63,3.68,7.71,39.31,10.0,89.37,4.12,3.06,48.94
1557.3,4,3.0,19.4,5615.8,2,Average,6.68,1.53,3.25,27.05,10.0,119.44,6.53,2.98,54.29
1922.3,3,2.0,4.5,8290.0,2,Good,3.67,0.4,1.11,68.8,10.0,80.3,5.27,3.35,50.19
1460.0,2,1.5,0.9,9796.5,1,Good,6.55,0.87,1.76,26.24,10.0,108.05,6.22,3.76,62.92
2683.0,5,4.0,1.9,12084.2,2,Good,6.28,2.11,0.72,26.41,10.0,95.11,2.68,3.06,85.03
1756.0,2,2.0,7.0,7055.5,0,Excellent,2.73,0.73,3.45,60.46,9.06,50.77,5.79,1.8,40.1
800.0,1,1.0,12.6,4414.0,3,Excellent,4.63,4.8,1.27,35.67,9.83,77.9,4.57,2.69,36.35
1752.5,2,2.0,65.0,9849.0,1,Fair,4.49,5.17,0.86,45.13,8.14,68.85,6.04,4.46,33.57
1389.2,3,1.5,10.3,8675.7,3,Good,3.66,0.67,1.34,50.04,10.0,57.24,7.16,4.56,40.79
1129.0,2,1.5,13.4,5097.2,2,Good,5.2,4.35,2.36,46.44,9.67,83.64,3.91,3.03,48.5
1295.8,2,1.0,21.4,5765.2,1,Average,7.42,2.5,1.19,41.83,10.0,97.98,6.14,4.75,45.03
2076.2,3,3.0,3.6,9592.2,2,Average,5.36,10.7,1.89,41.03,6.28,75.21,4.54,3.16,50.91
3181.2,5,3.0,48.6,16202.6,3,Good,8.57,5.16,8.5,25.38,9.86,136.89,3.14,2.25,83.45
2229.7,3,3.0,13.6,10187.7,3,Average,5.85,3.02,2.98,49.01,10.0,72.93,6.22,3.17,62.56
1616.0,2,1.5,5.8,8288.9,2,Fair,7.09,3.16,0.9,15.26,10.0,91.95,7.2,3.94,57.29
2343.9,4,3.0,49.2,11818.3,2,Average,7.4,0.83,4.92,22.39,10.0,127.87,7.52,2.98,65.13
1701.6,3,2.0,17.7,9177.2,2,Average,9.26,7.37,3.62,12.45,10.0,126.01,5.53,3.85,60.38
1567.0,2,2.0,11.9,6741.8,2,Excellent,5.21,2.82,4.82,46.24,9.71,104.19,3.61,3.6,48.59
1334.0,1,1.0,15.6,7863.8,0,Good,7.3,2.93,1.8,36.22,10.0,92.56,4.97,3.19,47.28
1082.3,4,2.0,24.8,5670.2,3,Average,4.8,2.94,3.93,51.17,9.72,81.19,5.08,3.98,39.63
1743.3,4,3.0,3.0,9263.5,3,Good,9.6,1.23,1.84,8.0,10.0,146.2,6.41,4.32,59.11
2111.8,4,2.0,36.0,9000.8,2,Average,4.63,,1.34,46.37,9.39,65.54,5.17,3.54,52.94
1931.8,3,2.0,57.7,9526.3,1,Excellent,7.19,6.55,3.56,15.66,9.04,131.13,2.92,3.84,51.32
1727.5,3,3.5,15.1,9114.6,3,Good,9.31,1.29,2.66,15.64,10.0,126.57,5.89,2.31,68.6
1435.1,2,1.0,20.6,7226.3,1,Fair,4.35,2.07,2.18,48.26,10.0,82.11,5.28,4.44,37.36
2472.3,5,4.0,35.4,7988.3,2,Average,7.57,0.83,1.21,33.01,10.0,102.58,6.19,3.0,65.59
1260.2,2,1.5,8.5,6491.5,2,Good,4.71,1.07,3.03,52.34,9.58,100.08,5.47,2.75,42.16
2621.8,4,3.0,65.0,10425.7,3,Fair,10.0,1.51,3.24,8.0,10.0,144.25,5.96,4.07,68.24
1407.0,2,2.0,20.5,5019.6,1,Fair,3.1,7.63,2.77,60.27,6.8,89.96,5.22,3.11,31.52
1535.6,3,2.5,9.9,8257.9,3,Good,3.77,3.35,1.27,52.72,9.62,84.85,5.51,2.88,54.01
1195.9,3,2.0,20.4,4543.4,3,Average,4.48,3.04,0.55,40.72,10.0,88.25,4.19,3.18,38.01
1676.6,4,3.5,13.3,7580.0,2,Excellent,4.54,9.59,1.98,45.8,6.65,63.83,5.59,2.49,50.7
2811.2,5,3.5,2.1,8911.3,4,Good,7.44,5.21,1.14,10.33,9.69,111.71,5.0,2.87,90.71
2393.4,4,3.0,28.6,11435.3,3,Average,9.74,0.25,8.5,8.54,10.0,132.57,5.74,4.17,66.91
2814.2,2,2.0,15.0,10033.3,0,Fair,8.58,0.62,1.58,15.18,10.0,124.03,3.9,4.27,71.18
2398.9,4,2.5,28.6,11137.9,1,Good,6.92,,3.88,23.53,10.0,106.66,6.74,3.45,68.87
1357.9,2,1.5,3.0,6226.7,0,Good,6.52,1.36,0.48,43.67,10.0,87.34,5.47,2.89,59.61
1779.7,3,2.5,13.9,6445.9,2,Average,5.41,5.95,3.44,48.48,9.73,85.01,6.07,3.71,56.11
1520.7,2,1.5,26.2,8115.8,1,Average,7.2,4.9,3.6,34.99,8.3,106.5,5.21,1.98,44.61
3183.4,4,4.0,65.0,13593.1,2,Good,6.12,0.7,2.98,45.81,10.0,81.28,5.86,4.28,75.82
1314.4,3,1.5,38.8,6037.1,3,Fair,6.84,2.64,3.88,31.79,10.0,114.88,2.73,3.35,44.13
2732.0,5,4.0,36.0,8131.6,1,Average,5.17,0.57,2.22,45.37,10.0,87.53,5.08,2.62,70.11
2731.3,5,4.0,5.1,14235.8,3,Good,4.34,0.81,2.17,57.4,10.0,86.26,4.33,4.52,73.8
3790.9,6,4.5,32.8,12019.0,3,Good,6.55,1.09,3.04,39.9,10.0,107.1,4.8,3.43,97.13
1731.3,3,2.0,3.3,11166.4,2,Good,6.51,7.74,2.31,46.78,7.62,75.83,6.31,3.08,43.68
2564.0,4,3.0,4.0,10295.1,2,Average,5.43,1.66,1.83,44.91,10.0,75.75,3.44,4.94,71.17
4440.7,6,4.5,2.1,16964.4,1,Good,5.12,8.12,0.91,35.52,8.41,107.03,6.01,3.01,99.63
1609.7,3,1.5,35.1,8759.0,1,Good,7.51,4.65,3.69,28.69,10.0,122.3,5.71,3.96,39.86
1167.6,2,1.0,2.1,6740.4,2,Excellent,7.32,4.63,4.03,27.62,8.56,86.46,6.61,3.92,40.53
1034.8,2,1.0,2.7,5189.1,1,Average,9.88,5.41,1.37,14.57,8.79,145.17,2.92,2.76,57.48
2564.3,5,4.0,5.1,11687.1,4,Good,8.99,0.52,3.22,20.59,10.0,116.69,5.85,3.3,83.4
1033.7,3,2.0,15.3,4720.3,1,Fair,4.35,5.59,1.98,55.95,8.96,45.69,5.48,3.21,35.5
1754.1,4,3.0,38.2,10068.4,1,Good,6.16,1.13,2.49,32.41,10.0,119.0,5.14,2.07,64.22
2328.7,4,3.0,9.8,12095.5,2,Good,4.04,13.42,1.44,62.23,4.35,72.55,6.79,1.93,51.41
2132.0,1,1.5,14.2,8556.7,2,Average,3.19,6.23,1.49,67.85,8.46,64.72,2.88,1.8,54.98
2319.0,5,4.0,3.3,7995.2,2,Excellent,10.0,14.0,5.14,8.0,6.38,122.41,5.34,3.06,86.36
2159.9,3,2.0,5.6,7678.6,2,Good,9.16,9.05,0.98,8.0,7.46,114.25,6.32,2.66,71.06
3126.3,4,3.5,2.6,9735.3,2,Good,5.37,1.63,5.23,48.43,10.0,64.43,3.41,2.7,76.87
1431.8,2,2.0,9.5,5023.6,1,Good,8.74,9.29,2.97,25.87,6.64,145.33,5.85,3.08,50.65
1576.6,2,1.0,16.1,7258.8,2,Good,9.01,1.48,1.42,9.41,10.0,105.55,5.56,3.4,58.6
1524.7,3,3.0,6.0,5821.3,2,Average,3.04,3.65,4.98,62.98,7.8,82.63,2.86,3.17,44.76
2672.0,3,2.5,33.7,10614.2,1,Average,8.03,5.66,0.39,19.21,8.38,103.54,6.41,2.87,65.55
2738.4,4,3.0,65.0,12782.9,2,Good,5.62,1.74,3.05,36.37,10.0,72.38,4.22,4.85,61.84
2340.1,4,3.5,2.3,8885.7,3,Average,7.19,0.93,1.67,38.05,10.0,106.9,6.94,3.25,70.28
3023.7,5,4.0,0.3,8542.1,3,Average,10.0,7.41,0.78,15.55,7.92,130.42,5.83,4.15,84.91
1323.0,3,2.0,28.1,5719.6,1,Average,9.35,0.55,2.03,12.72,10.0,133.93,5.53,2.47,59.13
3581.5,5,4.0,3.8,12215.8,2,Excellent,6.27,1.65,3.55,45.27,10.0,84.82,6.31,4.4,89.99
3405.5,5,3.5,7.8,19185.6,3,Excellent,9.06,2.69,0.89,22.33,10.0,124.79,6.18,2.99,91.57
2585.0,4,3.0,9.0,13042.5,3,Average,3.04,5.43,5.61,51.34,7.71,49.34,3.05,5.5,54.91
3728.0,6,4.5,44.7,11021.0,2,Good,7.41,6.7,5.49,28.09,9.27,122.23,3.32,2.42,85.41
1119.0,3,2.0,19.4,6240.6,2,Good,7.45,2.49,7.73,38.97,9.97,117.85,5.04,2.6,41.55
1663.1,1,1.5,0.7,6071.0,2,Average,7.77,2.93,1.22,29.48,10.0,117.83,4.02,3.26,56.78
1544.8,2,1.5,0.3,6931.0,2,Average,5.58,6.35,4.0,19.97,9.16,103.97,7.03,3.13,43.8
2572.2,3,2.0,4.0,11043.7,3,Excellent,7.19,2.21,1.32,21.51,10.0,111.34,4.11,2.52,82.34
1383.6,1,1.5,6.9,6822.1,1,Excellent,8.04,2.82,2.05,31.72,9.72,119.97,5.3,4.51,57.91
2604.8,5,4.0,11.9,9436.4,2,Good,2.32,0.26,6.2,63.17,10.0,49.99,5.84,4.43,65.67
3228.2,6,4.5,32.7,10296.3,3,Average,5.93,9.86,1.44,50.22,6.64,83.18,7.89,3.14,68.75
2548.7,4,3.0,6.8,11926.5,2,Good,4.87,2.88,4.44,65.62,10.0,71.05,6.46,4.16,64.54
2206.8,4,3.0,8.5,12678.9,2,Average,7.69,4.36,0.69,24.55,10.0,115.52,4.47,4.47,73.3
1414.1,2,3.0,7.2,7478.6,1,Average,8.98,1.11,4.47,10.28,10.0,142.52,5.78,3.39,58.03
1485.6,2,1.5,0.2,4322.9,2,Average,5.4,3.62,4.38,35.07,10.0,95.07,5.97,2.9,49.1
3094.5,6,4.0,55.9,16457.0,2,Average,4.54,2.17,0.7,55.7,10.0,85.12,5.88,4.36,68.14
2624.8,4,3.0,2.7,14109.2,1,Good,6.71,0.58,1.69,31.17,10.0,86.69,4.12,4.24,79.24
1971.1,4,3.0,6.1,11790.3,3,Good,4.42,5.87,4.82,47.37,9.16,83.2,7.43,2.46,52.18
1726.3,3,1.5,2.5,6818.5,2,Good,6.09,6.05,2.1,30.62,9.89,89.47,3.85,4.46,66.17
983.4,1,1.0,12.1,5276.2,0,Good,5.9,0.41,0.41,36.5,9.84,95.34,5.95,2.63,41.67
1373.6,1,1.0,48.4,4118.1,1,Average,7.54,1.78,2.11,21.23,10.0,119.49,4.23,3.68,50.0
3901.0,6,5.0,1.9,17886.5,3,Good,7.07,1.26,5.37,17.52,10.0,90.09,5.63,2.79,94.47
1276.5,3,2.5,10.5,4475.1,1,Good,6.79,2.52,1.19,26.55,10.0,105.29,4.98,3.52,50.5
2135.2,4,3.0,0.4,11440.1,3,Excellent,9.45,2.35,1.21,18.97,10.0,136.94,3.77,3.49,77.89
2843.0,5,3.0,26.5,15504.7,2,Average,6.99,3.62,4.67,41.16,10.0,119.31,2.5,5.07,65.85
1287.9,1,1.5,18.5,4976.0,1,Good,5.75,1.11,1.89,41.45,10.0,83.86,6.17,2.18,29.99
2131.6,5,3.5,21.7,10788.3,2,Average,5.97,1.0,4.88,40.13,10.0,92.78,4.58,2.82,59.2
2774.6,4,3.0,11.5,9338.7,2,Good,5.12,4.31,6.06,48.16,9.96,86.31,5.35,3.05,56.78
2007.0,3,1.5,42.9,9011.8,1,Good,4.67,12.16,0.98,66.2,5.92,71.43,7.18,3.65,44.18
5200.0,6,5.0,9.5,19287.3,3,Excellent,4.0,9.56,2.04,47.51,6.09,63.5,5.89,3.17,102.65
1114.3,2,1.0,13.0,4397.0,1,Average,8.54,5.22,3.03,11.12,9.32,115.2,2.5,1.8,32.89
2894.5,6,3.5,21.4,16442.4,3,Average,5.21,0.42,1.73,45.33,10.0,83.09,3.85,3.95,72.59
1880.9,3,2.5,13.2,6644.9,3,Average,7.07,1.07,3.88,31.64,10.0,130.75,3.17,4.4,60.81
2618.0,3,2.5,3.8,13659.5,2,Excellent,5.96,3.94,2.43,39.71,10.0,92.25,4.28,3.72,79.54
2331.9,4,4.0,6.9,12914.5,3,Excellent,6.45,1.32,0.81,24.39,10.0,105.97,4.9,3.06,73.53
1546.0,2,1.5,1.7,8741.3,2,Good,8.58,1.8,0.89,27.01,10.0,124.08,8.01,3.55,50.23
2164.9,6,4.5,10.2,12008.3,3,Average,6.82,10.03,0.52,32.73,7.41,99.1,6.31,2.49,55.94
1042.9,2,1.0,16.9,3273.0,2,Good,4.84,0.49,2.15,52.79,10.0,80.31,5.59,4.2,36.98
2467.9,4,3.0,2.3,13868.9,3,Average,5.48,6.52,0.56,54.56,7.31,98.84,5.69,3.77,60.51
2218.0,3,2.5,17.9,7474.7,1,Average,8.05,0.37,2.62,12.38,10.0,116.8,5.72,3.0,62.67
2498.7,3,2.0,40.2,14608.2,3,Average,7.37,,1.03,15.66,10.0,107.5,3.27,3.46,69.92
2893.8,4,3.0,7.4,13936.8,3,Good,8.16,2.79,3.9,28.06,10.0,115.56,3.65,4.17,83.91
2272.6,4,3.0,4.5,12368.8,4,Good,6.07,1.61,1.73,24.38,10.0,80.9,5.7,4.27,72.61
2104.5,4,3.0,40.2,7433.2,2,Average,3.99,10.28,2.72,49.83,6.35,85.41,5.21,3.34,44.25
1468.0,3,2.5,21.2,7343.7,1,Good,7.41,2.45,1.68,25.0,10.0,103.98,5.53,5.01,57.45
1557.3,3,2.5,2.0,7889.9,1,Average,6.96,4.44,1.65,32.69,10.0,125.56,6.97,4.43,46.61
3027.1,5,4.0,9.4,15764.3,2,Excellent,7.0,4.07,2.83,26.18,9.7,108.95,4.44,3.8,85.07
3303.4,5,4.0,20.2,9032.3,2,Fair,4.01,5.97,0.38,56.16,7.47,90.83,4.79,3.1,69.68
1838.4,3,2.5,15.4,9449.2,3,Good,5.35,6.58,2.86,36.27,9.14,83.7,5.47,3.13,54.73
2030.6,4,3.0,17.3,7129.8,2,Average,4.81,2.21,6.04,39.83,9.93,70.06,3.33,3.55,49.37
1455.9,2,1.5,15.1,7400.9,0,Average,7.22,6.56,5.21,28.68,8.72,122.62,3.58,3.32,41.98
3012.3,5,4.0,28.8,14002.0,3,Average,7.28,3.59,2.27,31.6,9.5,100.88,6.7,4.68,79.0
2522.2,2,2.5,7.0,9136.8,1,Excellent,6.42,3.91,3.37,36.53,9.24,116.85,4.88,2.7,65.9
3941.9,6,5.0,22.2,10931.7,3,Excellent,8.24,0.81,4.29,33.39,10.0,127.88,4.66,3.78,101.3
1469.4,3,2.0,65.0,8308.8,2,Good,9.18,1.1,2.24,23.18,10.0,151.11,5.47,1.9,52.44
1750.6,2,2.0,8.9,6818.9,1,Good,7.14,3.92,1.85,36.17,9.16,93.39,3.36,3.68,70.02
2166.8,3,2.5,28.2,5700.5,2,Good,7.71,1.19,2.82,31.44,10.0,127.03,4.86,4.05,62.41
2505.6,5,3.5,5.1,12041.6,3,Excellent,5.53,2.35,1.32,46.46,10.0,78.14,4.57,4.48,80.03
1852.9,2,1.5,6.0,10038.6,2,Good,5.19,2.35,3.07,59.09,9.56,51.18,5.6,2.96,62.64
1472.1,3,2.0,49.2,7903.2,1,Average,8.32,1.05,1.75,23.36,10.0,133.19,2.88,2.87,58.57
2720.3,4,3.5,0.5,9359.1,4,Excellent,4.93,2.87,5.38,43.26,9.08,81.55,4.32,4.17,71.71
2571.9,4,3.0,4.4,7645.3,1,Good,7.75,2.85,1.29,18.58,10.0,127.65,4.69,4.3,74.59
1450.0,2,1.5,11.9,6266.4,1,Good,9.6,0.64,2.47,21.32,10.0,136.63,4.67,3.23,42.05
3211.2,5,3.5,9.3,15217.0,2,Average,7.68,1.74,5.08,25.31,10.0,113.58,6.36,1.93,68.74
3009.6,6,4.0,17.9,14556.6,3,Average,6.35,1.66,0.27,49.65,10.0,119.04,4.33,2.61,79.44
2094.4,4,3.0,3.9,11261.6,2,,4.09,2.84,1.68,44.98,10.0,73.66,8.58,3.33,52.76
2054.6,3,2.0,1.3,9605.9,2,Good,6.79,4.63,6.71,44.31,9.88,96.47,6.02,2.34,52.74
2425.8,5,3.5,8.3,8843.9,4,Good,8.32,0.26,8.5,18.7,10.0,119.4,4.66,3.95,74.73
1477.9,2,1.5,13.4,9670.8,2,Fair,6.18,0.66,2.73,41.17,10.0,98.25,5.86,2.82,43.33
2019.3,4,3.0,14.9,9178.5,2,Fair,8.34,1.35,2.99,16.16,10.0,81.07,6.0,3.35,55.72
940.7,2,1.5,16.6,4385.9,2,Average,7.16,5.52,0.78,15.22,8.73,114.18,4.86,4.22,47.85
2715.6,2,2.0,14.3,16085.4,2,Average,7.02,2.3,5.0,41.31,10.0,124.81,6.47,3.68,61.14
1156.9,1,1.0,5.1,6169.8,2,Excellent,5.93,2.49,4.98,36.63,10.0,92.51,4.13,4.86,50.81
3381.9,6,4.5,26.0,16622.2,3,Average,3.88,1.88,0.73,64.19,10.0,63.72,5.84,4.45,77.85
1780.2,3,2.5,1.7,7059.4,1,Good,5.73,1.92,3.15,35.63,10.0,96.38,5.08,2.62,62.95
1855.5,2,2.0,4.0,10446.6,2,Good,5.72,12.35,2.13,46.6,4.63,115.2,5.52,3.84,49.39
1604.1,2,1.5,24.2,7424.1,2,Average,7.54,7.53,4.91,23.66,7.89,118.23,5.45,3.51,41.04
1806.6,2,2.0,5.9,6835.7,1,Excellent,6.47,4.34,3.9,25.89,9.52,102.44,5.22,4.29,54.71
3282.9,5,4.5,12.2,14819.2,3,Average,8.45,1.45,1.68,26.78,10.0,116.7,7.37,3.79,85.59
836.5,3,2.0,7.1,4130.4,2,Excellent,7.01,2.51,1.2,41.24,10.0,90.6,4.56,3.03,52.47
3124.2,6,4.5,12.7,16271.2,4,Good,5.59,3.94,1.83,47.7,9.58,89.64,4.33,3.76,86.29
2249.2,5,3.5,7.7,9629.0,4,Average,5.03,1.81,3.49,45.62,10.0,83.46,5.1,3.12,62.35
1309.7,3,2.5,65.0,6552.3,3,Fair,5.41,2.58,3.71,33.22,10.0,60.21,6.63,2.92,37.1
1371.5,3,2.5,8.0,8298.0,2,Good,6.79,0.7,0.4,26.21,10.0,92.9,5.24,3.32,59.01
3593.0,6,4.5,17.8,18829.7,4,Excellent,5.83,0.51,8.5,33.25,10.0,108.26,5.12,3.59,95.37
1435.2,3,2.5,39.5,7432.7,2,Good,4.56,0.79,1.25,48.78,10.0,73.85,4.59,4.38,48.68
1334.5,2,1.0,18.3,6857.2,1,Good,8.31,4.71,0.2,35.17,10.0,86.21,4.66,3.03,50.9
2975.2,6,3.5,15.0,11684.1,4,Average,6.77,0.87,6.57,30.02,10.0,125.32,6.38,1.96,77.02
2249.6,5,3.5,15.2,7107.4,2,Good,6.99,8.48,3.8,16.63,7.01,92.96,5.13,3.25,64.5
1439.0,2,1.5,12.3,8456.9,2,Good,5.02,1.67,0.69,27.02,10.0,76.14,5.48,3.59,50.84
2155.6,3,2.0,29.7,9727.4,2,Average,4.63,0.79,2.17,42.6,9.65,93.06,4.43,3.54,50.53
1395.5,2,2.0,0.9,5576.4,1,Good,6.21,5.78,1.54,35.08,8.35,86.0,6.05,3.21,40.15
2937.4,5,3.0,39.0,9020.5,3,Fair,2.85,2.15,3.97,69.56,10.0,30.19,6.55,4.11,51.72
2897.1,5,3.5,15.9,8324.6,3,Average,7.9,1.77,2.4,13.1,10.0,118.94,4.18,3.63,76.44
2407.2,3,2.5,34.0,13134.8,2,Fair,5.23,1.48,1.13,32.94,10.0,96.33,4.21,3.85,63.33
2267.8,5,3.0,0.2,10850.7,3,Good,6.02,1.48,2.29,43.8,10.0,87.64,4.27,2.02,67.62
3701.2,5,4.5,36.6,11741.3,3,Average,7.27,3.68,1.78,40.79,10.0,106.87,6.34,3.27,84.46
1998.0,3,2.0,2.3,11041.2,2,Average,6.1,2.69,3.89,25.07,10.0,78.58,4.14,3.3,59.26
1321.3,1,1.0,23.0,5629.7,1,Fair,4.4,2.22,4.96,47.19,10.0,61.63,4.82,4.66,36.42
2338.6,6,4.5,9.7,12038.4,3,Excellent,9.21,2.1,2.14,24.62,10.0,126.41,4.12,3.32,80.32
4146.9,6,5.0,20.6,17071.3,3,Average,3.74,0.69,0.96,63.02,10.0,77.11,7.06,2.9,83.57
1400.8,2,1.0,17.8,7302.8,2,Average,2.47,5.83,1.67,58.68,8.34,54.82,4.62,2.86,27.45
1760.7,3,2.5,3.2,8408.0,1,Excellent,8.07,8.57,4.21,31.36,8.94,132.13,7.03,4.13,61.24
2311.7,4,3.0,13.0,9185.0,2,Good,3.87,5.39,2.32,53.22,9.39,92.69,5.17,2.96,44.89
1960.8,3,3.0,5.8,10173.9,3,Fair,8.76,2.12,4.57,22.43,10.0,138.09,4.66,2.76,64.41
1416.9,3,2.0,14.8,4021.7,2,Excellent,7.18,11.66,0.99,27.63,7.06,85.29,6.08,4.09,53.52
2959.1,4,3.0,24.1,16875.3,2,Excellent,7.01,3.28,2.53,34.68,10.0,101.64,5.16,3.69,78.04
4500.8,6,4.5,1.5,21170.6,4,Excellent,5.48,4.96,1.44,32.69,10.0,100.25,6.75,3.22,106.75
2140.2,2,1.5,13.1,9466.0,1,Good,5.01,4.53,1.52,42.81,8.32,80.99,4.96,2.4,52.42
1456.2,1,1.0,17.3,7471.1,0,Average,5.82,4.14,2.9,41.21,9.11,69.29,4.7,3.82,41.0
1162.0,3,2.5,6.3,3743.4,2,Good,4.92,3.49,2.02,49.75,9.52,73.86,4.7,4.02,44.25
2187.0,5,3.5,55.0,9543.5,2,Fair,8.67,,0.69,42.32,10.0,92.93,6.57,2.69,63.78
2940.6,5,4.0,13.2,17555.4,3,Average,5.16,1.32,2.42,66.81,10.0,80.49,5.48,3.67,71.94
2359.7,5,4.0,3.6,7762.6,3,Average,7.41,7.17,4.61,26.87,8.6,100.64,4.39,3.32,61.76
1996.5,3,1.5,2.1,9991.4,2,Average,8.31,0.83,1.42,34.46,10.0,115.51,3.62,2.74,66.11
1625.8,2,2.0,14.0,7604.3,0,Good,4.91,0.73,1.1,36.89,10.0,98.05,5.43,3.07,49.86
1363.4,2,1.5,8.5,7689.9,1,Average,7.18,1.27,1.09,36.02,10.0,88.91,4.17,3.36,46.35
2676.2,4,3.0,3.8,9200.5,3,Average,4.89,1.64,2.78,43.65,10.0,71.19,3.26,2.41,70.78
2751.3,4,3.0,0.6,11473.5,1,Good,6.19,2.78,1.15,36.41,9.57,80.17,6.4,3.83,81.66
1163.3,3,1.5,15.0,6403.1,1,Excellent,5.67,3.18,3.35,61.47,10.0,105.25,3.84,2.87,48.58
3485.8,6,4.5,16.4,12124.5,2,Excellent,5.25,5.2,1.79,40.22,9.33,101.19,3.23,2.9,89.85
2442.9,4,4.0,2.8,12694.5,3,Average,6.78,0.44,1.12,27.77,10.0,108.06,5.05,3.78,74.45
3261.2,6,4.5,16.6,16580.1,2,Good,4.31,0.95,1.62,43.77,10.0,78.93,4.87,3.06,87.47
1249.2,2,2.0,54.6,6511.1,2,Fair,8.17,2.45,0.68,18.91,10.0,102.18,4.24,3.24,48.3
1238.9,1,1.0,65.0,6347.8,1,Average,4.55,1.12,4.17,38.78,10.0,80.15,5.44,3.32,31.07
1896.7,2,1.5,39.5,7955.6,1,Average,4.22,6.82,2.74,56.69,8.58,57.81,4.87,2.82,43.9
2382.7,4,2.5,29.6,5762.5,1,Average,6.05,3.47,3.27,40.74,9.71,95.1,7.62,3.01,57.75
3747.1,6,4.5,4.2,20609.7,2,Excellent,5.83,2.36,4.86,44.09,9.86,87.23,4.99,3.39,90.92
2558.4,4,2.5,3.1,15388.3,3,Average,7.14,0.2,3.77,31.79,10.0,98.79,3.8,3.39,79.28
1835.5,3,2.0,10.6,7437.3,3,Fair,6.65,6.46,4.1,29.99,8.4,101.9,5.53,3.8,45.23
1395.2,4,2.5,17.4,6999.3,1,Good,3.57,2.18,5.88,51.54,8.63,75.55,5.62,3.83,44.48
3073.3,4,3.0,34.2,15959.5,3,Average,8.28,2.63,3.78,20.56,10.0,145.03,4.83,4.31,77.66
1425.6,1,1.0,4.8,9007.2,1,Average,6.0,4.03,0.76,38.18,8.27,101.72,3.37,2.27,39.3
3533.2,6,4.5,11.8,18218.1,3,,6.93,9.07,3.63,23.52,8.51,136.64,6.9,4.08,91.01
1808.9,3,2.0,18.8,10936.5,1,Good,10.0,0.75,3.42,8.0,10.0,142.81,3.81,3.14,64.59
3486.7,6,4.0,10.6,10967.7,3,Good,8.82,0.44,1.48,27.5,10.0,151.35,6.17,3.89,90.69
2534.2,4,2.5,10.9,13796.6,3,Average,6.88,0.62,1.22,47.89,10.0,110.21,6.56,3.65,64.44
1904.6,4,2.5,4.6,10554.7,2,Good,4.03,4.52,2.01,52.3,9.81,74.68,4.86,2.97,65.34
1666.1,2,1.5,65.0,6799.3,2,Fair,4.06,0.64,2.92,48.65,10.0,69.32,6.17,4.54,26.78
1773.5,2,2.0,11.6,7030.3,2,Average,8.59,2.42,2.94,19.03,10.0,127.99,6.26,3.97,47.54
2321.4,4,3.0,13.7,10016.0,2,Good,5.78,,4.27,49.57,10.0,97.47,4.02,3.72,66.31
2052.9,4,3.0,4.4,9782.6,3,Good,6.2,4.19,2.75,40.06,8.69,76.42,6.82,5.04,63.89
1623.2,4,3.0,13.0,6398.5,4,Average,4.44,1.87,2.77,53.02,10.0,85.84,5.56,2.67,43.79
1885.7,4,2.5,5.3,4802.9,2,Average,7.3,4.04,4.79,26.88,8.92,88.2,2.82,3.42,55.22
2053.9,3,2.0,4.1,6855.2,2,Good,8.55,9.79,4.25,9.65,7.19,133.19,5.42,3.82,65.42
948.6,1,1.0,5.8,3856.4,1,Fair,9.24,0.29,3.51,20.03,10.0,139.67,4.59,2.6,43.14
2345.7,3,2.0,0.0,8399.9,1,Good,5.69,3.76,2.87,41.02,10.0,110.37,5.69,2.9,66.76
1418.1,2,2.0,15.2,7898.3,0,Average,7.66,2.57,2.37,33.63,10.0,101.03,4.5,4.15,49.35
1334.5,3,2.0,8.8,3640.7,1,Good,6.33,0.96,1.56,25.0,10.0,83.96,4.5,3.03,48.06
1107.0,2,1.0,41.2,6238.8,2,Average,8.08,1.38,1.14,36.52,10.0,133.47,4.06,4.05,38.8
1066.5,1,1.0,0.7,6929.1,2,Good,6.49,6.01,2.62,39.61,10.0,84.62,5.45,2.93,42.94
1243.4,2,1.0,0.8,6509.0,0,Good,5.02,3.03,0.8,34.49,10.0,66.27,5.77,4.92,41.67
1559.1,3,2.0,39.1,9601.5,2,Fair,8.88,0.25,0.48,25.26,10.0,130.0,5.2,1.8,58.49
3958.6,6,5.0,2.4,13010.2,3,Good,6.68,10.96,2.94,31.48,6.62,101.14,4.88,4.16,96.21
1662.3,3,2.0,0.0,6994.4,2,Fair,5.87,3.71,1.74,40.51,10.0,94.65,5.31,3.59,49.69
2126.5,4,2.0,3.5,6603.4,3,Good,6.82,2.07,1.06,28.58,10.0,110.96,6.36,2.25,64.8
2298.9,5,3.5,31.3,13700.3,4,Average,5.17,4.19,4.58,44.08,8.85,92.11,4.06,3.23,59.99
2092.0,4,3.0,29.2,7306.9,2,Good,7.25,0.93,2.62,29.81,10.0,107.26,3.73,1.96,60.97
1944.8,3,2.0,7.5,7875.4,1,Good,6.15,1.17,5.66,24.97,10.0,96.36,3.88,3.66,53.57
1315.1,1,1.0,19.8,7041.0,1,Average,5.07,0.73,2.93,53.61,10.0,82.36,3.4,2.95,40.91
3320.3,5,4.0,12.7,18377.3,3,Excellent,10.0,1.82,0.79,10.04,10.0,140.49,4.08,1.94,96.69
3761.3,4,3.5,42.3,18994.9,3,Fair,4.69,7.72,0.69,55.37,8.69,59.47,6.46,3.52,80.28
1108.8,2,1.5,1.0,5585.5,2,Excellent,7.14,1.77,1.67,36.17,10.0,117.65,3.33,3.51,52.33
1396.3,2,1.5,30.2,7334.5,1,Good,6.6,1.29,1.26,34.16,10.0,115.61,4.92,4.98,61.56
1811.8,2,1.5,3.4,7773.4,0,Average,4.65,4.09,2.76,51.3,9.55,87.44,5.93,4.02,55.97
1425.7,2,1.5,8.9,4170.2,2,Average,5.89,6.72,3.71,27.63,7.98,100.61,5.21,1.8,39.71
2385.3,4,3.5,3.8,13629.3,1,Excellent,4.08,1.1,3.22,49.07,10.0,58.09,6.16,3.0,64.87
1548.6,3,2.5,21.8,6584.6,2,Good,10.0,5.48,3.14,12.26,9.24,120.19,4.56,4.23,51.94
4263.2,6,5.0,20.4,11331.0,3,Average,6.02,1.36,5.96,39.48,10.0,105.84,4.66,2.18,89.37
3031.1,5,4.0,14.3,17029.2,2,Good,6.17,1.11,0.43,41.38,10.0,96.37,4.77,2.82,82.7
2152.5,4,3.0,21.6,8803.6,2,Good,10.0,2.25,5.46,20.16,10.0,142.37,5.81,3.4,70.07
2862.5,5,4.0,18.4,15522.0,3,Good,5.02,0.42,2.49,45.86,10.0,85.7,8.2,3.0,68.75
2942.6,5,3.0,27.0,15431.3,2,Good,8.83,6.54,2.86,20.54,9.76,130.14,5.19,4.59,79.66
1640.3,2,1.5,4.9,8511.7,0,Excellent,7.57,6.84,2.58,27.03,9.52,121.07,4.94,3.54,59.28
1501.7,4,2.5,10.1,3559.1,2,Excellent,2.94,3.82,2.74,60.89,9.02,57.45,4.14,3.42,46.36
2053.6,4,3.5,3.0,7753.8,2,Good,5.83,1.35,6.17,42.31,10.0,65.4,7.11,2.71,64.89
2701.5,4,3.5,10.1,13976.7,3,Average,7.29,0.78,5.01,22.34,10.0,118.43,4.77,2.57,74.11
2097.9,2,1.5,21.8,11784.7,1,Fair,6.56,4.04,6.04,33.34,10.0,108.57,4.52,3.48,44.81
1150.6,2,1.5,21.2,5099.2,2,Average,6.57,0.55,3.81,35.63,10.0,82.42,4.97,3.34,34.43
1508.7,2,1.5,22.2,6618.9,1,,5.41,1.89,0.99,44.76,10.0,70.86,7.2,2.49,40.5
1947.1,4,3.0,6.6,6786.1,1,Fair,5.22,0.5,2.39,30.04,10.0,97.36,4.58,3.58,50.3
1946.0,3,2.0,19.5,11654.0,2,Excellent,5.94,1.98,3.59,37.27,10.0,109.03,5.17,3.44,52.96
3985.4,6,4.5,8.2,13002.4,2,Good,10.0,0.66,2.09,8.0,10.0,102.71,2.5,3.17,101.65
1230.2,3,2.0,52.0,5650.0,1,Average,4.87,0.3,8.5,46.88,10.0,87.13,6.28,4.29,38.99
2385.0,4,3.0,7.6,10396.9,4,Good,5.63,2.11,3.52,33.92,10.0,86.68,4.89,3.39,65.9
3365.0,6,4.0,16.6,11705.5,3,Fair,6.55,2.88,1.78,35.61,10.0,101.39,6.2,3.22,80.57
4424.9,6,4.5,25.0,25109.6,4,Good,3.87,2.05,4.02,53.1,9.47,71.3,5.9,4.25,101.89
1734.5,3,2.5,42.6,5726.7,1,Fair,7.28,0.82,1.31,26.11,10.0,98.02,5.37,3.29,51.93
2373.2,4,2.5,10.4,6291.6,1,Good,4.18,0.46,2.95,54.52,10.0,82.23,4.71,3.1,55.64
2439.2,5,3.0,8.0,10226.6,4,Fair,4.54,0.63,3.43,54.72,10.0,67.61,5.27,2.52,61.0
2139.7,4,3.0,10.1,8777.4,2,Average,4.46,4.36,6.03,49.57,8.99,86.71,3.73,3.45,53.22
1930.2,3,2.0,7.0,7191.1,2,Excellent,3.55,0.25,5.82,61.04,10.0,79.36,5.45,4.1,56.3
2327.6,5,3.0,19.1,9754.2,2,Fair,8.78,6.57,3.62,16.58,9.33,113.79,5.81,3.09,65.17
823.6,1,1.0,48.6,4254.8,1,Average,7.44,6.07,0.74,33.24,8.03,98.68,5.29,2.4,31.3
2537.0,6,3.5,2.4,14303.6,2,Good,8.16,7.0,2.2,22.62,7.75,120.43,5.24,4.16,77.48
2088.4,2,1.5,14.8,7936.9,1,Good,8.0,6.95,2.07,13.87,9.06,138.01,4.53,4.19,60.63
1848.5,3,3.0,41.0,11254.5,1,Average,6.2,3.72,1.55,32.61,9.84,87.97,5.02,3.84,45.45
4090.4,6,5.0,1.9,18320.3,3,Good,6.45,6.22,1.62,46.13,9.28,93.49,3.99,3.47,88.46
1577.8,2,1.5,12.3,4641.1,2,Average,8.32,4.39,4.13,33.97,9.91,125.23,4.6,3.72,56.16
1735.3,4,3.0,36.1,5388.5,2,Excellent,9.45,1.34,4.91,17.98,10.0,142.86,7.47,2.24,66.52
4012.0,6,5.0,41.5,17423.3,3,Fair,4.24,4.7,3.17,47.34,9.61,81.09,5.3,2.96,82.29
1493.4,3,2.5,13.0,4238.2,2,Excellent,10.0,3.26,2.61,20.57,9.44,140.45,5.73,3.91,66.63
1648.2,2,1.5,0.5,6110.1,1,Good,4.13,0.29,6.87,59.09,10.0,68.24,5.17,3.65,54.35
1898.0,3,2.5,2.0,7348.8,2,Good,5.67,5.14,2.96,44.16,8.74,94.83,5.27,4.08,54.65
2681.8,4,2.5,15.9,12562.9,2,Good,6.63,6.75,0.89,54.83,8.51,56.48,5.35,4.55,63.39
2148.9,4,2.5,2.4,10618.9,2,Good,6.8,2.53,2.05,23.45,9.57,129.35,4.93,2.47,71.6
1271.0,2,1.5,2.9,3384.0,2,Average,10.0,2.34,2.8,15.7,10.0,137.4,5.85,3.76,60.74
1658.6,2,2.0,26.6,8240.3,1,Average,8.32,1.98,0.85,15.1,10.0,123.25,4.41,3.21,52.79
1615.5,3,2.0,25.0,9513.2,3,Fair,7.24,4.26,2.8,21.72,10.0,137.69,3.57,3.07,60.83
1944.9,4,3.0,33.3,7005.6,2,Average,8.36,0.98,0.84,43.66,9.7,110.81,5.42,5.25,58.88
2319.4,3,2.0,2.0,11893.2,2,Good,7.12,4.96,2.88,31.11,9.39,139.56,6.43,2.22,67.91
2313.2,3,2.5,4.0,11016.3,2,Good,5.28,1.31,2.11,58.5,10.0,96.12,4.49,3.26,62.6
1073.2,2,2.0,32.2,6275.5,2,Good,7.37,1.17,3.81,32.7,10.0,116.05,6.06,3.22,46.31
2899.7,5,4.0,23.0,8553.8,3,Fair,6.62,5.5,2.14,36.95,9.08,110.16,5.94,3.44,64.19
2182.9,4,2.5,29.5,12674.0,2,Average,4.98,0.81,3.7,43.63,10.0,70.52,6.92,1.92,59.45
3244.1,5,3.5,65.0,14746.9,4,Fair,8.77,6.55,2.21,29.09,9.75,102.8,7.25,2.66,66.97
2334.3,2,2.0,36.0,11454.4,0,Fair,6.4,12.39,1.03,38.66,6.09,82.1,5.84,3.44,43.95
2937.9,4,3.0,13.2,,3,Average,4.48,1.43,3.59,49.84,10.0,91.78,5.07,2.35,75.28
2352.6,3,2.0,6.7,6241.8,2,Good,4.77,8.61,2.5,48.35,7.32,66.73,3.42,4.12,68.3
3200.9,5,4.0,15.2,17518.2,1,Excellent,7.46,2.87,0.34,30.4,8.97,87.67,6.27,3.83,82.63
2399.0,3,2.5,18.3,11365.6,2,Average,8.39,1.16,1.22,21.74,10.0,120.36,6.44,2.21,75.12
1930.9,4,3.0,7.4,6307.3,3,Average,7.37,2.13,5.12,29.18,10.0,117.77,4.92,3.23,67.27
4426.4,6,4.5,26.5,13048.8,3,Average,7.38,5.35,8.0,28.63,9.52,110.36,5.59,3.68,94.67
2727.6,4,3.5,1.8,8718.0,1,Good,5.04,3.72,1.78,33.31,9.43,91.47,4.07,2.37,68.24
2442.6,4,2.0,27.2,11607.9,3,Good,6.67,2.38,2.47,36.86,10.0,117.84,4.54,2.22,74.08
1278.3,2,2.0,0.6,6368.0,2,Good,5.91,1.15,2.61,38.29,10.0,100.91,3.75,2.68,50.23
1273.0,2,2.0,12.4,4849.2,1,Fair,6.15,4.34,2.0,12.11,9.3,93.56,5.5,5.42,45.77
2213.8,4,2.5,35.6,9476.1,3,Fair,6.3,1.4,0.8,25.47,10.0,89.82,4.76,4.22,49.49
2102.6,3,3.0,1.6,9297.7,2,Good,5.31,1.49,1.24,39.65,10.0,96.88,6.57,2.94,60.23
1611.7,4,2.5,13.1,8614.1,3,Good,7.85,4.6,0.86,35.24,9.46,119.16,5.46,2.4,56.44
2099.3,3,2.5,3.1,6507.7,2,Excellent,4.68,2.82,1.09,55.81,8.68,66.81,5.59,2.78,59.48
3484.3,5,4.0,40.5,14081.0,2,Fair,4.16,0.86,0.96,45.76,10.0,91.1,5.21,4.54,73.13
2548.8,4,4.0,32.1,8203.2,2,Average,5.09,3.92,2.3,44.48,8.62,87.17,6.94,4.93,57.97
1340.3,2,2.0,48.9,6967.8,0,Fair,8.09,1.16,1.02,31.42,10.0,127.18,6.8,2.79,43.49
1921.7,4,3.0,37.4,9555.2,2,Average,7.11,4.77,4.34,26.83,10.0,101.28,5.01,3.63,52.23
1507.6,4,2.5,24.0,9155.7,2,Average,3.29,2.28,2.1,49.47,10.0,78.67,5.53,3.2,36.81
1744.6,2,1.5,3.7,6331.5,2,Average,7.58,3.09,1.37,37.29,10.0,89.92,6.76,4.35,51.74
1728.9,3,2.0,6.5,9614.7,2,Average,6.41,3.14,1.4,42.51,10.0,122.2,3.91,2.58,55.57
1690.6,1,1.5,12.4,7328.1,0,Excellent,5.75,0.71,0.73,39.84,10.0,63.97,5.53,4.13,55.95
1287.8,2,1.5,16.0,5974.2,2,Average,6.06,3.56,1.33,45.25,8.6,75.47,4.81,2.39,41.4
1910.9,2,1.5,27.4,7219.3,2,Good,4.1,6.66,5.0,53.18,6.99,75.67,6.82,4.11,45.35
1642.2,2,1.5,4.6,8040.3,1,Average,6.81,7.3,5.12,29.53,9.01,95.91,5.78,2.76,44.15
800.0,1,1.0,2.5,6528.1,0,Excellent,4.22,3.93,0.79,62.93,10.0,68.92,3.29,3.16,38.03
4099.2,6,4.5,11.9,14186.1,3,Good,5.87,11.31,2.5,36.09,4.89,85.07,4.74,2.92,79.88
2925.1,5,3.5,3.1,9280.0,2,Good,5.87,3.12,3.51,47.85,10.0,81.57,6.74,4.87,70.34
1751.6,3,2.0,21.3,7896.9,2,Average,7.89,1.14,2.92,25.24,10.0,120.12,6.18,4.15,43.31
2011.4,3,2.5,15.4,11965.7,2,Good,6.57,3.65,2.44,33.89,9.44,99.89,4.05,3.09,55.93
1326.0,3,2.0,24.3,7116.0,1,Good,7.77,7.88,0.89,20.17,7.84,126.75,4.12,2.78,44.58
3617.4,5,4.0,1.2,13679.9,3,Average,4.35,1.62,3.86,44.02,9.62,76.12,5.29,4.39,84.82
3881.8,5,4.0,60.2,15494.6,3,Fair,6.31,1.18,1.91,35.9,9.7,91.68,5.14,1.8,83.57
2110.8,4,3.0,0.0,7875.2,1,Good,7.45,11.07,2.42,23.09,6.15,121.57,4.92,3.76,68.1
2859.0,4,3.0,7.1,16625.5,2,Average,8.74,4.86,4.47,22.6,10.0,99.81,4.76,2.68,70.19
2124.6,4,3.0,20.5,11533.1,2,Good,4.45,0.36,2.28,46.03,10.0,40.02,4.55,5.09,63.31
1251.6,2,2.0,0.8,6162.4,1,Good,4.99,2.84,5.63,48.66,10.0,60.11,7.68,5.45,39.14
1730.0,3,2.5,1.6,6867.2,3,Fair,7.41,1.05,1.06,32.66,9.98,105.4,4.8,3.42,66.59
2092.6,4,3.0,1.4,12452.0,2,Good,9.4,1.28,5.71,8.0,10.0,138.59,4.47,3.13,72.65
1704.3,2,2.0,15.7,7600.9,1,Excellent,7.01,0.49,1.51,42.24,10.0,68.27,5.76,3.45,63.43
1851.0,3,2.5,40.7,11126.8,2,Fair,4.5,1.04,2.58,57.69,8.83,76.61,5.09,2.93,59.82
1935.3,3,2.5,14.6,8891.2,2,Excellent,4.54,2.45,6.49,41.55,9.66,72.21,4.19,2.8,57.48
1942.4,4,2.0,16.7,10996.5,2,Excellent,6.74,0.46,1.83,27.59,10.0,104.46,4.92,3.58,73.79
2035.1,3,2.0,7.6,10533.8,2,Average,7.14,7.25,1.47,23.33,9.43,80.45,5.13,3.87,57.27
1378.6,2,2.0,0.3,5418.2,2,Average,6.1,4.98,1.78,37.74,8.32,131.78,5.67,3.5,54.81
1554.7,3,1.5,0.4,10547.1,1,Excellent,4.56,1.74,1.83,51.42,10.0,77.87,5.54,3.62,53.01
1274.6,2,1.5,39.5,5132.1,1,Fair,8.48,0.65,3.43,9.94,10.0,105.51,4.08,2.93,47.61
2813.6,5,3.5,1.9,12215.8,3,Average,5.87,14.0,2.78,35.05,4.47,94.34,5.87,2.7,68.69
956.3,1,1.0,65.0,6970.3,3,Fair,7.45,2.85,7.5,28.5,10.0,131.59,6.18,2.69,32.94
2992.2,6,4.5,3.2,11471.1,4,Good,3.31,1.96,0.86,62.99,10.0,45.03,4.02,3.98,68.83
3246.1,4,3.5,20.2,14931.2,4,Excellent,8.66,0.91,0.2,31.53,10.0,103.69,4.35,3.46,83.66
1797.7,3,3.0,53.6,7821.2,1,Average,5.27,0.93,3.18,36.06,10.0,83.92,5.01,3.55,54.39
803.4,1,1.0,8.1,4179.7,1,Good,8.92,5.29,0.4,17.37,9.18,127.13,5.44,3.66,46.16
1760.8,4,3.0,23.9,9501.7,3,Average,7.6,2.55,3.81,18.16,10.0,122.37,5.48,3.36,63.8
1953.8,2,2.0,7.8,8630.2,2,Good,3.93,13.43,1.12,53.63,4.43,90.83,5.15,3.48,45.12
1402.9,4,2.5,6.5,6992.9,1,Average,6.94,9.99,0.61,29.62,6.56,115.75,3.63,4.37,49.2
1668.5,3,2.5,4.1,6006.1,2,Good,9.48,0.94,0.81,17.63,10.0,114.61,6.31,3.98,62.29
3413.8,6,4.5,31.0,12101.8,3,Average,5.42,14.0,8.5,42.41,4.63,72.38,4.11,3.27,60.38
2521.8,3,2.5,5.4,10597.7,1,Good,9.48,14.0,1.62,20.54,5.67,122.9,6.69,3.05,65.65
1445.8,3,2.0,6.0,7943.1,1,Good,7.19,5.34,2.47,23.44,8.84,118.62,6.48,4.17,51.64
1142.3,1,1.0,65.0,4451.1,2,Average,8.91,1.79,5.89,8.3,10.0,135.99,3.98,3.65,43.65
1782.1,4,2.5,7.1,8177.9,3,Excellent,6.79,1.01,3.66,33.24,10.0,120.71,5.59,3.17,62.5
1854.4,2,2.0,9.9,8174.4,2,Excellent,6.28,0.55,4.51,51.31,10.0,105.0,6.7,2.43,63.2
2377.2,4,3.0,65.0,11913.3,2,Good,9.81,0.37,3.27,8.0,10.0,128.99,5.85,4.67,69.34
1656.8,2,1.5,8.3,5777.7,1,Excellent,7.8,5.7,1.34,17.06,8.47,111.93,3.33,2.55,62.46
2389.9,3,2.5,8.2,10948.0,2,Excellent,6.08,9.51,8.5,43.25,7.47,74.42,5.16,3.61,61.37
3933.6,6,4.5,31.7,18021.1,2,Average,7.26,4.94,3.67,37.91,9.97,117.32,6.12,4.77,89.3
2658.3,5,3.0,6.7,14896.4,2,Good,5.48,4.75,2.89,46.94,10.0,79.29,7.05,3.14,72.31
1964.8,4,3.0,4.8,10589.2,1,Good,6.69,1.92,1.26,27.34,10.0,119.12,5.05,3.37,63.83
1874.1,2,2.0,9.9,10285.6,1,Average,8.65,3.48,4.02,21.77,9.49,132.9,3.37,4.04,58.32
1763.7,4,2.5,21.7,10209.5,2,Average,6.21,3.76,1.92,38.81,8.46,123.53,7.61,2.51,50.93
3020.6,6,4.5,0.8,15988.8,3,Good,4.93,1.15,3.22,41.52,10.0,87.52,5.07,2.15,81.66
1604.3,2,1.5,8.4,5121.3,1,Fair,4.76,4.49,2.44,54.85,9.54,85.35,6.79,3.13,31.55
2030.1,5,3.5,7.7,10645.4,3,Good,6.63,0.71,1.95,34.76,10.0,98.72,4.92,3.46,67.11
2034.3,3,2.5,5.1,9891.4,2,Average,5.05,1.31,0.44,33.4,10.0,77.65,5.8,3.45,61.62
1676.4,2,2.0,19.1,6085.9,1,Average,3.92,3.05,2.92,54.63,9.21,66.47,4.45,4.46,43.22
1236.0,2,2.0,6.2,6221.0,1,Good,4.34,2.68,1.47,45.85,10.0,88.93,4.47,2.69,45.43
2237.3,4,3.0,16.8,12898.7,1,Average,8.62,4.1,2.7,32.4,9.58,105.19,7.19,3.29,66.14
1956.0,3,2.0,12.6,11200.9,2,Fair,6.24,3.0,2.37,26.93,10.0,97.69,6.23,4.53,55.66
2380.5,3,2.0,4.4,13519.6,1,Average,6.6,0.36,0.8,33.88,10.0,77.62,5.17,3.19,57.6
1657.8,3,2.5,5.6,5556.7,2,Good,4.76,12.37,3.15,50.35,5.11,84.96,6.23,4.89,52.34
3063.4,5,3.5,3.4,11976.5,3,Average,5.45,4.81,1.49,63.79,8.58,81.29,4.45,3.22,86.07
1470.2,3,2.0,1.0,4835.3,3,Good,5.4,7.0,2.47,58.9,8.34,94.1,5.2,2.88,55.64
3638.1,6,4.0,17.4,13246.7,3,Good,6.0,5.41,0.95,40.39,9.01,83.63,5.31,3.37,84.22
1083.9,2,1.5,20.1,5406.7,1,Average,3.51,0.96,2.1,61.58,10.0,61.82,4.37,3.59,30.62
2326.6,3,2.5,3.3,9016.7,0,Good,8.46,8.84,5.09,24.62,7.22,131.16,4.22,3.09,72.32
2360.0,4,2.5,17.2,12054.1,3,Average,6.47,13.45,3.23,27.64,5.45,101.17,3.12,3.7,61.07
1512.6,2,2.0,65.0,7491.8,0,Average,6.86,0.46,1.18,30.46,10.0,125.53,4.14,3.29,52.42
2318.2,5,3.5,1.4,10751.8,2,Average,8.15,0.75,1.27,34.91,10.0,111.94,7.21,4.35,66.56
3127.0,5,4.5,12.1,11427.8,4,Excellent,8.01,14.0,2.85,26.39,5.88,109.14,3.25,3.78,85.31
919.8,2,1.0,23.8,4654.9,2,Average,5.46,1.31,7.07,57.1,10.0,105.16,5.16,3.41,35.67
2382.6,4,3.0,0.8,10769.8,2,Good,7.59,5.68,2.38,24.53,9.78,107.12,5.37,3.16,77.45
834.9,1,1.0,27.1,2780.5,2,Average,7.57,0.45,0.56,27.61,10.0,106.26,4.93,4.0,44.1
1425.1,2,2.0,65.0,9823.8,2,Fair,7.07,4.42,3.2,30.13,10.0,111.65,6.16,3.42,43.52
3534.1,5,4.0,1.7,18146.1,4,Good,8.41,4.07,2.66,11.12,10.0,119.42,4.9,3.06,104.56
1630.1,1,1.0,31.1,7064.3,1,Average,7.94,9.08,0.66,34.19,8.25,111.94,6.25,2.86,43.78
1325.0,1,1.5,8.6,7315.5,1,Fair,7.81,4.37,2.14,24.3,10.0,105.1,5.8,3.92,52.9
1864.5,3,2.0,2.8,8268.5,1,Good,8.96,0.34,2.16,16.88,10.0,147.08,3.71,3.05,70.46
4120.7,6,5.0,12.2,20890.2,3,Average,6.55,2.12,4.08,30.81,9.89,98.23,6.48,3.18,98.46
1052.5,2,2.0,1.3,21036.149999999998,1,Good,6.6,1.57,2.02,49.69,10.0,93.08,4.85,3.81,60.74
1383.0,2,2.0,13.3,7715.2,0,Good,7.97,2.91,8.27,34.91,10.0,112.55,3.23,4.2,39.95
3374.8,5,4.0,0.4,13991.9,2,Good,6.18,1.99,2.08,38.04,10.0,101.02,5.72,3.85,78.72
3828.4,5,4.5,23.5,11142.8,4,Average,7.37,1.25,3.5,16.91,10.0,130.18,4.88,4.04,97.01
1927.2,3,3.0,12.0,8666.2,2,Excellent,5.49,3.66,5.77,49.61,9.64,85.79,6.99,3.93,60.54
1295.1,3,2.5,11.1,4776.3,2,Fair,2.4,1.39,2.41,76.94,9.91,40.49,6.41,3.41,34.54
4161.1,6,5.0,3.9,21045.2,3,Average,7.58,6.28,1.34,16.93,8.44,138.99,4.21,3.7,107.64
3491.4,6,4.5,8.1,10756.6,2,Average,3.71,1.45,2.99,55.49,9.55,69.59,6.24,4.77,71.46
2534.2,5,3.0,3.6,13157.8,3,Excellent,5.24,2.52,1.77,46.06,10.0,83.8,4.43,3.25,83.09
1503.7,4,3.0,23.9,8960.7,3,Average,7.98,5.8,1.74,33.12,9.21,117.73,3.38,2.58,62.41
1964.2,3,2.0,4.0,9667.6,1,Good,8.0,5.74,4.33,25.26,8.38,99.53,4.52,1.8,68.01
1889.1,3,2.0,17.3,10405.1,2,Average,8.62,3.02,1.11,27.47,10.0,123.44,3.74,4.85,55.48
2243.5,3,1.5,5.9,9043.4,1,Good,2.86,1.73,4.47,55.83,10.0,68.58,5.18,4.89,59.38
3320.4,4,3.5,19.3,15103.8,2,Good,7.03,2.81,1.42,21.2,10.0,122.96,7.32,2.66,82.21
2718.4,4,3.0,14.0,14724.7,3,Good,6.04,6.26,3.55,54.5,8.89,89.4,5.29,4.36,80.85
1370.5,2,2.0,9.9,6668.3,1,Excellent,8.28,0.99,7.91,11.43,10.0,122.84,5.71,4.17,56.26
3235.0,5,4.0,20.1,14107.1,4,Good,9.16,0.62,1.37,8.0,10.0,147.64,4.1,3.88,88.83
2229.6,5,4.0,9.7,11760.4,2,Average,4.14,2.99,1.92,59.81,9.93,73.18,4.61,3.78,63.65
2541.4,4,2.5,31.0,10639.1,2,Good,6.53,2.93,1.3,30.06,10.0,110.15,5.8,2.84,59.19
3338.5,6,4.5,23.5,16277.3,3,Excellent,8.0,1.31,3.35,19.2,10.0,122.93,5.12,3.5,97.05
1354.2,2,2.5,14.0,6973.0,1,Good,5.89,2.02,3.23,39.88,9.68,83.45,4.41,3.66,46.11
1973.3,3,2.5,37.7,6712.9,1,Average,9.64,0.5,3.77,8.0,10.0,123.06,6.3,3.45,59.24
1659.0,2,2.0,31.8,8234.8,1,Fair,5.78,0.65,1.81,48.39,10.0,106.27,5.35,3.36,47.08
1154.3,1,1.0,13.7,3560.6,2,Good,5.96,5.84,1.0,45.73,9.18,56.09,7.46,4.38,36.84
2256.0,4,2.5,1.3,9600.9,2,Good,4.57,2.2,4.05,45.01,10.0,68.17,5.93,4.16,68.79
4812.9,6,5.0,15.0,25515.0,4,Good,6.78,0.54,1.71,22.24,10.0,83.4,3.95,4.06,111.31
1049.4,2,1.0,7.9,6512.9,1,Good,1.07,10.65,2.92,64.21,5.38,52.12,5.33,4.1,29.69
1975.7,3,2.0,14.0,11179.7,2,Excellent,6.05,0.95,1.46,24.06,10.0,113.73,3.88,3.57,68.25
2500.4,4,2.5,18.7,15537.1,3,Good,8.78,,4.13,21.45,10.0,115.88,7.41,4.27,73.77
2086.2,5,3.0,18.6,9059.5,2,Excellent,3.99,11.7,2.17,52.04,5.76,109.55,4.11,2.5,52.64
1920.6,3,2.5,20.1,10307.7,1,Good,3.59,0.84,1.49,60.39,10.0,85.53,6.43,3.45,40.91
1268.1,3,2.0,20.5,6206.6,1,Average,8.51,11.29,1.49,26.03,7.66,125.62,6.25,3.93,50.85
2167.8,3,2.5,2.1,7795.4,2,Good,8.75,4.3,0.99,21.16,9.93,146.66,4.45,3.81,66.34
1533.2,3,2.0,3.8,6699.5,3,Good,4.06,1.98,3.82,67.61,10.0,62.7,5.56,3.68,57.07
928.5,2,1.0,17.9,6877.2,0,Average,9.62,3.09,3.27,22.12,10.0,131.75,5.48,4.1,41.84
3035.4,5,3.5,9.4,12801.8,2,Good,7.28,2.47,1.26,36.72,8.97,115.19,6.12,4.48,86.75
2794.6,3,2.5,25.9,14339.1,1,Average,8.39,5.43,0.94,24.48,9.29,111.77,5.39,2.6,71.17
2034.7,3,2.0,2.4,10754.8,2,Good,5.07,0.41,3.61,54.46,10.0,65.38,4.47,3.63,66.2
2165.0,4,3.0,3.8,6217.5,2,Good,9.18,5.57,4.1,13.7,9.16,117.44,5.82,2.86,69.66
2910.3,5,3.5,14.7,13222.7,4,Good,6.02,11.49,3.73,37.95,6.25,91.45,5.82,4.2,73.26
2161.4,4,2.5,12.5,8896.1,2,Average,5.94,2.0,0.96,52.97,10.0,99.86,4.18,3.94,55.73
2741.9,3,2.0,5.6,12613.2,1,Fair,7.37,0.88,2.69,25.26,10.0,105.0,2.66,2.67,74.28
1800.6,2,1.5,9.4,9826.6,1,Average,5.79,0.57,3.94,38.79,9.89,68.68,5.85,3.39,54.55
3162.7,5,3.5,0.6,13173.0,2,Good,3.76,1.56,7.53,52.79,10.0,74.86,5.61,2.27,73.21
2235.6,4,3.0,0.7,11470.6,3,Excellent,6.74,0.65,3.85,27.4,10.0,120.3,5.67,4.11,78.36
2138.6,4,2.5,1.8,12464.6,2,Average,5.93,1.04,1.69,37.46,10.0,83.92,6.65,3.0,63.93
1281.1,2,1.5,15.5,6171.2,2,Good,5.12,3.6,2.82,45.35,8.02,107.13,6.16,2.55,48.65
2209.3,4,3.0,35.9,11828.5,2,Good,8.73,1.92,2.06,19.54,10.0,137.59,6.62,3.14,69.04
1493.4,2,2.0,5.4,4365.4,1,Good,10.0,7.6,1.63,18.26,8.78,125.24,6.06,3.84,61.5
1598.1,2,2.0,0.6,5349.9,1,Average,4.85,2.2,2.37,66.86,10.0,71.65,5.36,3.62,47.0
1502.1,1,1.0,22.2,6152.4,0,Average,6.86,0.74,1.83,30.62,10.0,99.46,3.85,3.03,56.59
1375.8,3,1.5,34.8,5789.1,3,Good,5.78,0.68,1.56,40.95,10.0,88.91,6.9,3.32,44.77
4203.5,6,4.5,2.7,14798.9,2,Excellent,10.0,3.98,0.98,8.0,10.0,105.86,4.97,3.18,107.57
3184.2,5,3.5,8.8,17378.9,2,Good,7.39,3.42,1.3,19.95,10.0,99.38,4.53,2.7,82.06
3913.3,5,3.0,3.1,18565.6,3,Good,8.17,4.14,0.88,22.84,9.88,111.19,5.9,2.0,94.29
1302.4,3,2.5,2.0,7032.3,2,Average,8.63,1.52,4.9,20.14,10.0,150.68,3.18,3.4,54.95
2048.7,3,2.5,18.8,7546.3,3,Average,6.73,8.09,0.9,37.5,7.74,105.62,4.39,3.84,67.1
1270.6,2,1.5,61.7,5194.7,2,Fair,6.16,0.59,2.06,44.55,10.0,84.72,4.51,3.39,48.48
1566.4,4,2.5,20.4,6135.2,2,Good,9.23,0.31,0.95,25.8,10.0,125.05,4.48,4.94,62.22
1449.0,1,1.0,65.0,7338.8,2,Fair,7.9,4.54,3.85,38.05,10.0,121.8,7.33,2.95,46.36
3083.6,4,3.0,10.3,11377.9,3,Average,4.98,3.82,2.36,45.96,9.39,76.95,5.11,3.37,70.14
1739.4,3,2.5,41.1,7981.5,2,,5.2,2.38,3.82,40.18,10.0,76.56,4.5,3.76,47.87
2904.3,6,4.0,4.1,13320.7,3,Good,5.8,0.34,4.86,47.21,10.0,83.94,5.15,3.73,85.26
2468.7,3,3.0,2.3,13207.7,2,Average,8.59,0.59,2.55,26.58,10.0,130.46,6.14,3.21,71.95
4475.1,6,4.0,21.8,13034.7,3,Average,9.15,0.9,1.47,19.03,10.0,110.91,3.1,3.36,99.18
1190.6,2,2.0,8.4,6211.5,0,Good,10.0,3.46,3.8,9.59,10.0,124.78,5.33,3.34,55.76
3104.9,5,4.0,6.9,14003.1,4,Average,5.22,3.68,3.36,42.92,10.0,72.09,4.7,3.91,72.6
2984.7,5,3.5,20.0,13324.2,3,Excellent,6.75,3.82,2.66,35.33,9.31,87.19,5.5,2.88,78.7
1421.3,2,1.5,7.3,6050.2,2,Good,5.78,5.4,6.54,48.09,9.18,79.93,3.94,1.8,46.05
2842.7,5,4.0,15.3,10294.6,4,Good,6.17,0.28,2.95,31.37,10.0,108.53,5.0,3.14,81.1
2247.7,3,3.0,6.4,8962.5,1,Good,8.17,3.5,0.2,14.89,9.97,133.51,5.05,4.67,74.8
1845.3,3,2.5,27.6,11513.4,2,Fair,6.42,1.13,2.5,40.7,10.0,102.6,3.8,4.0,55.98
1497.6,2,1.5,6.7,6328.6,1,Excellent,8.87,2.91,2.46,10.63,10.0,130.0,7.25,2.22,61.92
1553.6,2,1.5,13.8,9989.2,2,Good,5.57,4.48,0.48,45.11,8.64,79.68,5.66,3.91,57.01
4094.6,6,5.0,0.4,17331.2,3,Good,7.83,4.27,0.9,29.9,10.0,85.96,6.21,3.56,104.59
1998.7,3,3.0,28.2,6608.0,2,Good,5.7,1.29,0.72,41.53,9.23,92.6,4.81,3.12,62.84
2627.4,5,4.0,17.4,10152.3,3,Good,3.19,1.6,5.45,55.16,9.22,65.89,5.44,2.59,58.8
1515.0,3,2.5,3.8,5189.0,1,Average,4.66,8.18,0.82,64.67,7.81,69.17,3.88,2.79,44.76
1520.9,1,1.5,4.4,8374.4,2,Good,6.72,6.25,1.2,39.03,8.36,87.25,4.5,2.98,52.77
2918.1,6,4.5,5.5,16227.7,4,Excellent,9.96,1.15,3.23,8.0,10.0,121.7,4.21,4.78,106.33
1245.9,1,1.0,15.5,6837.7,1,Good,5.67,3.03,0.87,44.37,10.0,92.58,5.53,3.88,33.12
1727.9,2,1.0,14.3,7991.3,1,Average,6.2,0.56,2.6,52.56,10.0,97.39,7.08,2.87,52.03
2022.1,3,2.5,5.8,10831.3,1,Good,7.38,3.59,2.99,27.76,10.0,126.61,6.19,2.99,65.84
2077.6,4,2.5,21.3,12810.1,2,Excellent,5.42,3.31,1.45,57.53,9.59,76.07,7.19,3.37,63.07
1876.8,3,2.0,39.6,4698.6,1,Good,5.63,1.18,0.32,33.63,10.0,85.71,6.07,3.08,45.45
2295.1,4,2.5,0.8,11765.7,3,Average,6.63,1.95,7.34,27.91,10.0,101.48,5.66,3.41,65.62
2546.6,4,4.0,9.7,10839.3,1,Good,5.71,5.08,3.92,25.49,10.0,83.02,4.19,3.29,77.38
2584.1,3,2.5,16.2,14465.6,1,Good,3.29,1.14,1.23,74.45,9.9,74.59,5.56,3.47,55.47
1415.1,1,1.0,15.9,7950.8,1,Good,5.33,4.88,1.01,28.91,9.53,103.63,4.68,1.9,49.27
1809.0,3,2.0,0.4,11189.5,3,Good,7.61,1.42,1.67,30.59,10.0,97.0,6.12,4.0,60.69
3035.6,5,3.0,4.3,14129.7,2,Average,7.66,6.06,2.73,41.59,8.27,106.71,3.7,2.98,85.43
2732.9,6,4.0,1.1,10263.8,3,Average,8.91,0.3,4.83,23.04,10.0,145.95,5.08,4.08,86.15
1235.8,1,1.5,15.1,6402.6,1,Average,8.76,1.16,3.11,21.07,10.0,130.26,5.22,5.05,52.03
2259.8,4,3.0,18.7,11872.6,3,Good,4.88,0.83,3.13,58.08,10.0,82.76,7.17,2.31,56.65
999.9,1,1.0,3.1,5963.5,1,Good,5.16,7.28,1.02,39.98,8.02,89.1,4.07,3.47,39.07
2031.3,4,3.0,7.3,6982.1,3,Good,5.24,1.99,0.45,48.34,10.0,94.42,6.48,3.08,59.14
3882.4,6,4.5,7.2,16366.9,3,Excellent,6.23,2.72,3.12,36.25,10.0,102.05,6.11,3.7,91.18
1434.0,2,2.0,30.8,5393.8,1,Good,5.38,1.09,1.58,42.81,10.0,89.84,4.92,1.82,44.64
1492.2,2,1.5,3.9,7313.1,2,Average,6.19,0.64,2.21,39.62,10.0,96.27,5.65,3.13,40.48
2610.8,5,4.0,14.3,9463.9,2,Excellent,4.93,3.12,1.43,54.77,9.26,100.57,4.93,2.79,74.42
1164.5,2,1.5,27.5,,1,Fair,7.91,,3.76,38.01,10.0,112.26,5.22,4.62,40.17
1601.2,2,1.0,31.9,8334.7,2,Good,4.79,8.66,2.43,46.53,5.92,80.14,6.03,4.79,38.13
2462.1,3,2.0,19.8,9504.8,3,Good,4.7,2.27,2.65,38.02,10.0,100.83,8.0,3.19,53.91
1600.4,2,1.0,6.4,9578.7,2,Excellent,7.44,0.68,0.54,21.53,10.0,115.08,6.26,2.54,61.79
1839.8,4,3.0,31.2,7309.2,2,Good,7.8,0.28,1.79,41.57,10.0,113.77,5.47,2.77,69.5
2592.7,5,3.5,24.4,7449.4,2,Average,6.09,1.05,2.67,49.59,10.0,103.92,6.77,3.43,63.38
2315.9,3,1.5,21.9,7522.0,3,Average,8.06,1.43,4.52,14.76,10.0,120.92,3.64,2.35,71.2
2193.8,3,2.5,1.3,9829.8,1,Excellent,7.93,0.94,1.22,39.39,10.0,105.9,4.75,3.79,73.58
1774.6,4,2.5,0.8,8640.1,2,Good,9.92,1.66,0.95,8.0,10.0,142.49,5.27,3.25,69.67
2274.5,3,2.0,21.4,9740.4,2,Good,7.82,6.96,2.92,32.41,8.46,103.6,4.06,3.67,72.45
1913.5,3,3.0,52.1,9113.6,3,Fair,9.57,0.36,7.48,8.0,10.0,160.66,4.6,3.7,52.01
2345.4,3,2.5,26.7,7485.5,2,Average,6.61,5.37,1.67,51.79,9.36,104.37,3.38,4.43,61.06
1679.2,4,2.5,32.1,10535.2,2,Good,9.02,1.98,2.74,13.65,10.0,115.59,3.79,3.88,61.14
1874.5,2,1.5,14.2,9783.6,1,Fair,9.06,7.78,1.62,8.61,8.64,123.66,4.93,3.62,57.58
1413.1,3,1.5,6.5,8502.5,2,Good,6.24,3.72,5.75,32.75,10.0,107.43,4.17,3.59,45.79
1973.9,3,2.0,20.4,13122.0,1,Average,5.26,0.78,0.59,67.97,10.0,70.22,5.66,1.92,56.0
1504.4,3,2.5,22.4,6700.7,1,Average,5.58,10.46,1.75,40.24,7.73,127.22,5.49,3.53,36.72
1353.0,1,1.0,20.3,5648.8,2,Average,7.25,0.74,3.14,24.29,10.0,87.97,5.59,3.86,48.51
2187.5,2,2.0,52.8,11926.2,1,Good,4.43,1.51,0.2,43.55,9.75,88.91,4.65,3.31,52.84
2152.7,3,1.5,8.2,6849.9,2,Good,5.68,12.53,2.97,28.76,5.25,83.55,6.39,4.65,55.09
2628.1,4,2.5,0.7,8950.5,2,Average,8.66,0.96,1.06,25.07,10.0,113.21,5.75,2.29,70.74
1718.3,2,2.0,43.0,6867.5,0,Good,7.7,3.39,1.08,15.72,10.0,121.08,5.45,2.85,49.48
2305.0,3,2.5,3.1,9135.7,3,Good,2.27,12.34,1.94,77.44,5.54,44.69,5.46,2.92,56.87
2423.0,4,3.5,21.5,12786.4,1,Average,4.1,3.94,3.41,57.56,9.87,94.45,4.97,3.41,67.02
2334.8,4,3.5,37.2,7973.4,2,Good,10.0,3.68,0.66,10.75,10.0,120.38,6.65,2.92,65.44
1496.7,2,1.5,6.7,6354.6,1,Excellent,8.62,3.31,3.18,28.58,9.78,132.04,6.46,2.47,57.17
2105.4,4,3.0,31.9,9849.2,3,Good,5.45,2.79,2.25,51.55,10.0,83.83,4.8,3.13,62.86
2269.8,3,2.5,7.3,7528.6,1,Average,3.82,9.73,2.47,56.8,7.04,73.09,5.38,4.16,50.15
2003.2,3,3.0,28.5,,1,Fair,4.25,2.71,1.97,45.77,10.0,81.08,4.76,3.97,50.68
962.7,3,2.5,1.3,4633.2,2,Fair,7.42,3.68,0.8,35.0,10.0,86.05,7.91,2.88,45.62
2113.6,3,2.5,19.2,11171.5,2,Average,10.0,4.5,0.69,12.07,9.28,143.28,4.92,3.12,70.83
4334.6,6,5.0,20.3,17141.5,3,Average,9.94,2.6,2.01,11.73,10.0,154.6,6.51,2.82,102.91
1761.6,4,3.0,12.2,4803.2,2,Average,3.66,7.2,4.88,57.08,8.11,73.66,8.15,2.45,44.45
1548.7,1,1.5,20.9,7029.9,0,Average,5.97,0.27,1.22,43.0,10.0,88.46,5.55,3.72,44.12
2277.1,4,3.5,46.2,10379.1,1,Good,4.96,1.81,5.89,52.22,10.0,62.22,3.28,2.44,54.99
2229.1,5,2.5,23.8,11957.7,4,Average,6.75,3.27,2.77,43.9,10.0,109.7,6.86,3.9,59.49
3033.5,5,4.0,58.5,15442.6,3,Average,4.1,0.26,2.34,40.55,10.0,98.46,4.64,4.76,68.45
1286.6,3,2.0,10.7,4753.3,2,Fair,5.52,9.04,2.13,34.05,8.98,97.72,4.44,3.68,42.71
2581.1,3,3.0,13.5,,1,Excellent,4.94,5.8,3.85,46.22,8.59,98.01,7.16,3.87,55.43
2456.9,3,3.0,5.5,9717.5,2,Average,7.44,0.99,1.73,20.94,10.0,123.65,3.77,3.85,64.34
1901.2,3,2.5,65.0,6229.9,1,Fair,5.57,1.49,2.94,45.1,10.0,83.59,6.78,3.03,43.66
2249.7,4,3.5,1.0,9217.8,0,Good,5.83,3.82,1.81,31.74,9.34,93.33,4.95,3.68,65.19
2865.0,5,4.5,8.0,17173.6,2,Good,7.42,1.53,6.01,19.66,10.0,122.49,3.16,3.63,78.28
2711.6,5,3.5,6.4,11421.6,2,Excellent,9.46,6.42,0.95,32.46,9.5,111.63,6.17,2.93,88.9
1339.4,2,2.5,8.8,7009.6,1,Good,10.0,1.11,1.44,8.0,10.0,149.12,2.72,1.8,58.25
2662.6,5,3.5,45.0,13162.1,2,Average,7.32,5.66,4.04,18.02,9.01,126.81,5.15,2.61,65.33
1953.5,3,2.0,8.3,11826.5,1,Excellent,6.34,2.2,3.62,36.11,10.0,97.2,3.4,2.69,59.17
2049.8,4,3.0,44.8,7586.1,2,Good,8.87,2.13,1.24,24.69,10.0,138.39,4.84,3.78,70.66
2050.0,3,2.0,9.9,11131.1,2,Average,8.6,0.79,3.01,30.38,10.0,116.15,5.97,2.29,71.05
1895.8,3,2.5,34.7,10544.0,1,Good,8.09,13.31,2.67,11.95,6.83,118.54,5.66,4.8,50.83
3032.4,5,4.0,13.3,10086.2,1,Average,3.66,1.55,1.59,51.6,10.0,63.23,5.43,4.62,72.91
1940.5,2,2.0,6.7,7835.9,1,Good,8.67,0.93,2.08,20.25,10.0,131.2,6.31,4.19,65.24
1350.4,1,1.0,10.7,8511.4,1,Good,7.14,0.31,1.94,30.75,10.0,105.7,5.2,3.02,46.61
1741.1,3,2.5,9.9,9223.8,2,Average,4.89,2.38,2.52,37.94,9.73,57.78,4.96,1.84,51.62
2127.2,2,1.5,5.4,9059.2,1,Average,5.29,0.3,1.39,34.6,10.0,75.79,5.51,4.02,50.2
3072.4,6,4.5,6.2,13617.9,2,Good,7.55,2.14,0.74,15.98,9.88,138.99,4.47,2.84,87.2
2467.8,5,3.5,3.7,8967.8,1,Average,1.98,7.65,0.3,54.88,7.95,55.7,6.15,3.99,50.83
1483.7,3,2.5,7.4,8810.2,1,Average,6.27,2.41,3.96,37.3,10.0,67.78,5.28,3.85,47.45
4768.6,6,5.0,17.6,17773.4,3,Good,5.32,0.34,0.81,52.19,10.0,103.1,5.99,3.07,103.74
2192.2,5,4.0,8.8,9236.8,4,Good,5.14,1.18,3.02,42.67,10.0,67.94,5.0,2.48,72.55
3122.5,6,4.0,22.4,16110.4,3,Good,5.68,0.36,2.83,49.13,10.0,102.79,5.75,3.54,80.29
1894.9,3,2.5,65.0,10824.5,1,Average,3.84,7.04,2.25,53.98,7.86,87.22,5.93,2.22,37.86
2408.3,4,3.5,8.5,13196.4,2,Average,8.39,1.08,3.38,19.73,10.0,122.96,2.98,3.61,74.67
2680.6,4,3.0,11.2,9151.5,2,Good,2.67,0.42,5.41,53.11,10.0,41.75,3.59,3.75,52.19
3060.6,5,4.5,3.2,15314.7,2,Good,6.8,10.89,1.99,43.98,5.87,93.24,4.59,2.91,81.43
2893.1,5,3.5,9.0,11837.3,3,Good,4.97,2.34,1.87,47.17,10.0,91.02,5.06,2.27,70.24
2711.5,4,3.0,23.4,10658.8,3,Average,10.0,1.86,2.6,8.0,10.0,124.1,6.6,4.62,85.87
1789.6,4,3.0,4.4,10135.7,2,Good,6.54,8.58,2.42,39.45,7.24,92.07,5.7,3.0,60.94
1635.8,4,3.0,3.6,7389.2,2,Average,2.68,2.62,3.15,59.14,10.0,62.98,5.78,3.24,46.81
2244.9,3,2.5,8.5,7864.2,1,Average,7.48,1.26,3.29,29.85,10.0,101.95,6.9,4.22,60.4
2770.0,4,3.0,30.7,8793.6,1,Fair,4.53,,2.05,50.17,8.59,97.02,6.71,2.97,55.23
1848.3,2,2.0,17.6,9219.6,3,Good,8.27,1.21,6.22,33.76,10.0,105.6,4.09,2.83,57.62
2901.0,6,4.0,56.9,15555.2,1,Fair,7.61,,5.13,23.81,10.0,66.5,6.56,4.91,68.81
3322.3,5,3.5,42.3,19470.3,1,Good,9.15,5.4,4.48,21.52,9.34,119.34,5.32,2.85,81.13
1450.0,1,1.0,2.9,7770.3,2,Average,6.84,8.78,4.15,43.28,6.63,107.96,4.63,4.31,47.38
1490.8,3,2.0,0.8,9394.4,2,Average,7.97,3.18,0.72,43.27,10.0,128.79,4.88,3.51,64.22
1902.4,4,3.0,9.2,9698.9,1,Average,6.58,2.45,1.68,44.23,10.0,94.92,4.51,3.5,59.39
2225.3,4,3.5,13.3,13640.6,3,Excellent,5.44,0.45,1.41,47.13,10.0,83.66,5.36,3.02,73.9
1663.0,3,1.5,13.0,5616.1,2,Good,8.42,3.27,8.5,23.44,9.92,121.38,5.11,3.25,48.38
3207.6,5,4.0,2.6,18828.3,2,Good,4.29,1.47,2.05,62.01,10.0,98.67,6.56,4.74,81.69
2317.9,5,3.0,2.4,9471.6,2,Good,6.43,2.51,5.03,33.3,10.0,104.3,7.33,4.04,67.0
2026.0,3,2.5,0.9,11716.5,2,Average,5.48,4.57,7.24,50.68,9.52,81.08,4.75,2.38,47.59
1208.9,2,1.5,34.3,5154.6,1,Good,8.02,3.47,3.07,38.35,10.0,145.91,3.77,2.66,46.36
1260.8,2,1.0,53.1,8392.9,2,Average,4.8,0.53,6.26,47.75,10.0,80.31,5.93,3.69,39.77
2204.7,3,2.5,2.2,12470.0,3,Average,5.76,1.82,2.39,28.68,9.69,62.23,6.24,3.88,48.93
947.3,1,1.0,4.3,6815.2,0,Average,6.58,0.91,3.0,30.57,10.0,81.24,5.62,3.98,38.76
2848.1,5,3.5,1.7,15102.3,2,Good,9.18,0.72,1.12,16.84,10.0,138.36,3.51,3.34,86.12
1890.6,3,1.5,37.8,7541.5,2,Good,5.54,1.0,1.31,39.29,10.0,63.85,4.33,2.76,53.97
5200.0,6,5.0,57.4,22899.7,2,Fair,5.78,8.31,1.87,37.59,7.11,98.42,5.36,2.79,102.72
4481.8,6,5.0,5.5,16493.6,3,Excellent,4.07,4.19,2.67,53.07,8.96,60.92,4.52,1.8,100.52
1875.2,3,2.5,6.5,7053.9,3,Average,4.73,7.84,4.68,51.65,7.68,95.89,4.1,4.63,55.55
1925.2,3,1.5,8.1,7556.3,1,Good,7.24,2.46,1.74,22.25,10.0,110.64,7.56,1.8,63.75
2831.2,4,3.5,12.6,8591.1,1,Fair,6.56,0.2,3.47,33.37,10.0,77.5,4.1,3.22,66.49
3626.8,6,4.0,20.6,16065.5,4,Average,6.59,0.31,3.0,44.79,10.0,113.54,6.53,2.07,74.28
1126.3,2,1.5,12.6,7168.0,2,Good,9.63,0.7,1.55,8.0,10.0,154.88,5.65,2.96,59.44
1069.3,2,2.0,54.3,6542.6,1,Fair,3.49,5.06,0.6,66.5,9.26,47.26,5.87,3.83,22.44
1607.3,2,1.5,1.9,5532.9,1,Excellent,10.0,0.92,3.44,10.66,10.0,128.76,6.45,1.8,63.39
2450.3,4,3.0,28.8,6773.8,3,Good,8.62,0.54,0.59,18.62,10.0,131.17,4.44,3.66,67.36
2377.7,6,4.0,7.3,8149.7,3,Average,5.91,6.51,1.68,44.93,8.14,102.55,4.87,4.05,62.88
2905.7,5,4.0,8.5,11212.0,3,Good,7.2,1.03,8.5,11.54,10.0,140.79,5.72,3.09,82.31
1313.0,2,1.5,22.2,4656.8,1,Average,5.27,2.43,2.51,47.1,10.0,98.09,3.17,5.45,41.2
888.3,1,1.0,47.7,4494.0,0,Good,7.07,1.53,1.18,31.76,10.0,139.97,7.01,1.8,29.47
2698.1,4,3.0,22.7,12119.9,3,Good,10.0,7.46,2.05,15.95,9.92,140.27,5.33,2.12,71.14
1495.4,2,1.5,26.9,7345.8,2,Good,5.34,4.1,3.79,40.9,9.6,91.74,4.16,3.17,51.56
985.9,2,2.0,25.0,3460.5,1,,6.08,2.14,0.95,39.85,10.0,86.99,6.4,3.19,38.5
2102.3,2,1.5,7.0,8983.8,2,Average,5.14,6.56,2.85,27.31,9.08,76.77,5.3,3.49,51.69
2637.6,3,3.0,25.5,14449.4,2,Excellent,5.43,4.35,1.06,38.26,9.98,89.47,4.41,4.1,67.71
1914.6,3,2.5,27.6,9788.3,2,Average,5.78,5.5,3.49,43.61,7.84,83.26,6.24,2.46,41.86
1702.3,3,2.5,13.7,6366.0,3,Good,4.53,12.35,6.28,66.74,6.11,41.19,2.64,2.38,41.39
1889.8,3,2.5,13.9,6518.0,2,Good,6.03,0.93,2.81,55.21,10.0,84.96,5.66,2.88,61.33
1755.1,4,2.5,25.7,7979.8,2,Good,6.6,0.92,0.89,30.44,10.0,115.95,6.64,4.17,54.61
1246.6,1,1.0,30.6,4628.8,0,Average,5.77,2.8,1.04,48.1,10.0,92.42,4.28,4.01,29.56
1556.0,2,1.5,7.4,6211.0,2,Average,2.36,2.63,5.05,65.79,9.19,53.26,3.79,3.35,42.81
2398.1,5,3.0,29.1,7971.2,2,Excellent,6.22,6.71,3.06,26.19,8.63,85.87,5.67,3.02,64.98
2236.3,4,2.5,30.3,8975.1,2,Fair,6.41,0.74,2.54,40.66,10.0,103.43,4.46,3.29,59.49
2119.3,4,2.5,4.8,7235.0,2,Average,9.92,1.97,1.93,21.7,10.0,162.25,7.67,3.67,70.78
1410.5,4,2.5,22.7,7439.4,2,Average,6.55,2.6,0.69,29.96,9.39,119.92,4.62,3.47,43.87
1875.2,3,2.0,3.7,5192.6,2,Good,8.18,2.2,2.67,15.09,10.0,124.24,4.99,2.34,62.59
932.6,1,1.0,1.8,4339.2,1,Average,5.73,0.42,1.93,43.51,10.0,78.99,5.77,2.29,38.84
2127.0,3,2.5,15.4,7451.2,3,Good,8.84,0.71,4.78,14.07,10.0,151.36,3.2,3.21,70.05
3294.8,4,4.0,43.1,9397.3,3,Good,4.8,0.73,3.35,67.72,9.5,95.03,5.27,3.94,72.6
1192.8,2,1.5,0.6,6095.5,2,Good,7.41,3.1,4.0,39.37,10.0,89.47,6.43,2.6,52.87
1627.7,3,2.0,31.5,8625.9,3,Average,8.01,1.99,2.1,28.25,10.0,92.55,5.11,3.71,56.29
2242.1,4,3.0,12.7,7003.5,3,Good,7.75,0.83,1.62,8.0,10.0,94.15,3.94,2.06,73.39
3097.9,5,3.5,35.5,15420.8,3,Average,10.0,4.47,1.73,8.88,10.0,133.09,4.72,3.45,83.57
1708.1,2,1.5,33.4,8950.7,2,Fair,5.45,5.4,3.32,57.01,9.16,100.28,3.09,2.81,31.5
1568.2,2,1.5,37.5,6766.5,0,Average,9.04,0.95,2.87,15.61,10.0,141.31,4.88,1.83,50.34
1003.1,3,1.5,26.4,5199.4,1,Good,8.58,4.31,0.55,25.96,10.0,128.44,6.42,2.99,46.73
2071.9,3,3.0,33.3,11107.4,1,Average,6.59,0.41,8.18,38.43,10.0,98.81,4.51,2.45,53.88
4083.6,6,4.0,3.5,15138.8,3,Fair,9.81,6.4,4.17,8.0,9.02,171.02,5.97,3.19,98.01
2201.9,4,3.0,6.5,8576.5,3,Average,6.24,10.73,2.57,51.2,8.13,97.19,3.57,3.71,60.75
1982.7,4,3.0,5.0,8161.2,1,Good,6.54,0.74,4.88,37.08,10.0,98.99,7.27,3.74,64.57
2236.6,4,3.5,24.4,11635.0,3,Fair,6.49,5.14,3.24,31.0,9.67,92.53,6.44,1.92,54.12
1990.5,2,2.0,3.0,10736.9,1,Good,4.21,0.53,4.63,49.56,10.0,104.36,4.66,3.83,55.26
1503.3,2,1.5,3.6,9221.5,1,Average,7.87,10.6,4.75,35.55,7.25,125.61,3.74,3.71,56.39
2665.5,5,3.5,38.0,13612.7,3,Average,7.59,2.13,3.28,17.37,10.0,97.8,4.64,3.08,64.31
2162.5,3,2.5,22.0,11618.0,3,Average,6.31,2.65,1.37,41.26,10.0,81.44,5.51,2.45,57.83
2010.6,3,2.0,37.5,8213.9,1,Fair,9.67,4.82,2.26,15.09,9.66,112.71,6.39,3.09,45.61
1420.3,3,2.0,2.7,7138.4,2,Excellent,5.71,1.12,5.21,29.54,9.91,89.34,2.88,4.61,54.76
3153.4,5,3.0,9.2,19144.0,2,Good,3.39,1.83,1.47,67.98,9.43,42.96,6.53,3.85,72.73
2521.6,4,2.5,6.0,8237.3,2,Good,9.92,0.43,0.33,13.79,10.0,122.78,5.48,4.13,70.03
1646.6,3,2.0,0.2,7745.6,1,Excellent,8.32,3.25,2.54,27.17,10.0,135.64,3.92,2.66,64.81
2837.4,4,3.0,6.0,14121.6,2,Good,7.63,5.34,1.32,34.8,9.15,125.18,2.5,3.0,76.33
1678.8,4,2.0,8.6,9494.2,2,Good,5.89,6.31,3.43,37.41,9.06,113.6,5.35,2.43,59.37
1519.7,2,1.5,1.7,7895.6,2,Average,7.12,2.66,2.07,29.09,10.0,86.25,5.44,2.9,53.99
1531.7,3,2.5,15.0,8033.7,1,Excellent,4.23,4.85,6.68,43.21,8.78,59.63,4.52,4.42,44.42
1075.1,3,2.0,8.7,7424.8,2,Excellent,6.09,0.72,2.29,34.7,10.0,86.29,6.2,3.06,48.44
2356.8,3,2.0,0.9,11044.0,2,Good,4.87,4.55,5.88,45.39,8.88,104.0,7.44,2.88,66.54
1052.7,1,1.0,21.9,3844.7,1,Average,6.97,0.21,1.4,24.34,10.0,106.05,4.76,3.58,41.42
1299.9,3,2.0,23.5,3358.3,1,Fair,8.16,0.89,3.41,24.74,9.87,144.37,4.38,2.97,41.38
966.4,2,1.0,32.4,5065.4,2,Average,4.61,3.42,3.64,41.74,9.63,86.85,7.09,3.47,26.47
1938.9,3,2.5,12.0,6766.4,2,Excellent,7.8,1.44,3.08,11.93,10.0,113.18,4.96,2.97,64.86
1895.8,3,3.0,62.3,8895.8,2,Fair,6.86,1.89,1.92,27.42,10.0,111.92,5.93,3.54,57.96
1782.3,4,2.5,44.2,7777.7,2,Good,7.73,5.8,2.89,30.78,8.72,89.69,4.53,3.11,52.46
1387.3,3,2.0,14.4,7345.9,2,Average,6.06,2.91,4.6,32.41,10.0,65.98,6.45,2.56,39.07
1325.7,1,1.0,10.6,6874.3,0,Average,7.77,1.83,2.3,18.58,9.38,117.95,3.83,4.19,48.94
2350.8,3,2.0,0.1,11658.4,2,Average,5.25,2.21,1.49,40.16,9.41,85.55,5.36,4.76,64.63
1648.0,3,2.5,22.3,9954.9,2,Average,3.47,6.24,1.4,51.44,8.33,92.0,5.53,3.77,47.59
2232.2,4,2.0,15.0,10313.9,2,Good,3.88,2.33,1.65,60.27,10.0,50.35,5.0,2.27,48.18
1465.8,2,1.5,49.9,5762.1,2,Good,5.6,6.86,0.84,47.07,7.15,94.56,4.5,3.23,44.01
2128.9,4,3.0,16.2,11156.3,2,Good,3.6,1.11,1.33,52.77,9.84,76.1,7.17,3.58,58.52
3153.1,5,3.5,65.0,14434.0,1,Fair,9.29,2.64,0.49,8.0,10.0,136.64,6.09,2.14,75.83
2453.2,2,1.5,34.6,7558.5,2,Fair,6.35,1.67,1.06,36.11,10.0,113.42,4.25,3.0,63.71
1729.6,2,2.0,55.3,5108.6,1,Average,8.15,3.06,1.07,28.39,10.0,109.93,3.13,2.35,53.96
2186.4,4,3.0,7.1,7771.6,1,Average,7.92,2.94,0.79,36.5,10.0,127.69,6.83,2.63,60.2
1836.8,3,2.5,2.9,6764.9,2,Good,6.51,2.91,2.9,43.87,9.42,107.74,4.18,3.65,61.65
2003.7,2,1.5,28.7,7828.2,1,Average,10.0,2.6,5.44,8.0,10.0,156.32,5.27,3.36,51.43
1783.0,2,2.0,27.8,6923.4,2,Average,10.0,2.14,4.44,8.93,10.0,132.84,5.3,2.58,55.93
1886.5,3,2.0,4.3,8615.3,2,Good,9.01,7.92,1.91,22.38,8.92,111.96,5.51,3.35,60.32
2152.2,4,3.0,26.0,12172.1,2,Good,4.87,1.2,5.5,42.33,10.0,72.21,3.34,3.13,62.66
1411.4,3,2.5,15.7,6781.0,2,Excellent,9.08,2.02,3.15,15.16,10.0,114.53,4.82,4.06,75.17
1400.3,3,1.0,2.1,7536.0,2,Average,3.35,0.96,1.3,65.93,10.0,55.65,5.18,1.84,40.32
1229.1,1,1.0,12.5,6548.3,1,Good,9.01,1.49,2.17,19.23,10.0,123.98,5.14,2.84,58.52
1141.3,1,1.0,48.2,6397.5,0,Excellent,1.9,1.12,4.94,72.15,8.8,34.08,5.99,4.54,34.74
1305.0,2,2.5,12.7,5482.7,1,Good,5.93,3.74,2.11,34.84,10.0,93.26,5.38,2.53,40.46
2112.9,4,2.5,28.0,8114.5,2,Good,8.68,4.13,1.31,9.65,9.81,108.27,5.69,2.59,71.63
1461.9,3,2.5,0.5,8852.9,2,Average,7.19,1.24,1.32,28.1,10.0,106.7,4.54,3.01,53.25
2391.7,2,2.0,23.4,13125.1,0,Average,3.84,13.36,5.67,56.01,5.47,62.21,7.08,4.35,43.7
2022.6,3,2.0,52.8,7864.7,2,Average,6.81,1.27,4.31,21.86,10.0,101.58,4.88,3.7,65.68
1003.3,2,1.0,12.5,3929.9,1,Good,7.19,5.84,1.6,30.19,9.31,113.24,5.56,2.6,45.08
2513.0,4,3.5,7.4,13443.6,3,Excellent,6.87,1.31,1.69,36.77,10.0,98.13,5.33,3.34,73.16
2653.9,5,4.0,18.7,10134.4,3,Average,5.77,1.91,1.01,37.06,10.0,80.43,5.7,3.14,71.43
1411.1,2,2.0,44.6,5007.8,2,Average,8.04,3.7,1.13,28.39,10.0,108.29,6.52,3.74,39.4
2314.8,4,3.0,3.5,12696.7,2,Excellent,8.56,2.81,4.04,20.6,10.0,137.77,4.28,3.37,82.0
1480.6,2,1.5,9.3,7020.0,1,Good,6.22,2.46,1.55,33.25,10.0,114.43,6.11,3.55,47.93
2067.7,4,2.5,3.1,12093.6,2,Good,9.24,5.26,1.46,12.53,9.77,124.0,6.01,3.16,58.6
1283.6,2,1.5,12.4,6831.8,2,Good,6.22,4.14,2.73,35.46,9.19,94.35,5.39,4.39,45.28
1066.8,2,1.0,14.0,4988.5,2,Average,5.62,8.06,2.85,38.43,8.51,65.75,5.45,3.37,33.02
1747.6,3,2.0,51.9,8684.4,1,Fair,8.94,1.04,5.26,20.28,10.0,125.29,3.93,2.93,55.15
1913.5,3,2.0,9.6,7552.1,1,Fair,8.88,0.25,1.76,13.39,10.0,106.76,4.83,4.2,55.09
1738.6,3,2.5,15.1,7468.7,1,Good,5.38,14.0,2.21,38.76,5.34,80.08,3.1,3.84,49.7
1320.3,2,1.5,39.0,7574.4,1,Good,5.12,1.27,2.11,48.34,10.0,98.99,4.86,2.72,39.71
1737.2,3,2.5,7.0,8645.0,2,Good,9.68,0.34,2.55,12.24,10.0,115.25,5.13,1.8,64.85
2195.7,4,3.5,20.2,6861.1,3,Good,6.32,1.11,0.61,39.14,10.0,85.0,3.66,3.81,71.31
1967.0,3,2.5,25.5,7415.2,2,Excellent,6.51,3.74,2.76,23.5,10.0,87.26,5.53,3.07,64.79
2130.0,3,2.5,7.2,10166.6,2,Good,6.05,3.04,3.81,37.79,10.0,71.16,6.53,3.43,65.6
1580.4,3,3.0,3.2,6308.4,1,Good,8.88,0.94,2.7,29.69,10.0,139.19,5.44,4.29,58.48
3011.2,4,3.5,12.6,14872.6,2,,10.0,0.86,0.61,8.0,10.0,143.88,5.19,2.69,92.15
1323.9,1,1.5,7.9,6150.6,1,Average,6.63,2.08,4.94,45.73,10.0,126.52,4.62,2.56,46.51
2370.0,4,3.0,5.6,7520.5,2,Average,10.0,0.24,3.74,12.96,10.0,126.07,5.61,2.35,78.54
3022.0,5,4.0,65.0,11836.6,3,Average,5.5,0.21,5.28,42.01,10.0,63.46,4.08,5.05,68.21
2364.5,3,2.0,12.6,12635.9,2,Average,5.99,3.27,3.24,36.37,9.86,107.07,2.55,4.29,57.42
1861.5,3,2.5,34.9,7039.7,2,Average,7.71,1.46,1.96,37.0,10.0,108.63,6.94,3.9,58.87
1660.9,2,2.0,3.9,9158.6,2,Average,5.03,0.28,8.5,29.44,10.0,76.31,6.26,1.95,53.47
2871.6,4,3.0,50.5,13147.6,1,Average,7.69,2.17,2.32,35.56,10.0,134.11,3.99,2.33,73.09
1214.3,3,2.5,28.5,7334.9,3,Average,5.57,8.97,4.05,44.64,6.99,91.39,3.61,3.93,35.49
1422.9,3,1.5,29.8,5861.8,1,Good,3.72,1.14,2.41,63.38,10.0,80.45,5.32,3.7,52.0
1738.6,3,3.0,8.9,10366.2,2,Average,3.36,1.13,3.87,46.56,10.0,54.96,5.27,3.2,49.43
3081.5,5,4.0,12.0,13938.7,4,Good,5.92,2.22,1.75,39.55,9.52,82.9,6.1,2.39,75.88
2282.3,3,2.5,16.2,12814.1,2,Average,7.25,0.71,5.11,12.02,10.0,103.28,4.83,4.19,70.62
1423.9,3,2.0,28.1,5954.2,2,Good,4.05,3.45,3.55,62.76,9.59,80.96,6.47,4.74,49.78
1792.5,3,2.5,34.0,9929.4,2,Good,6.82,6.05,4.39,25.35,9.09,104.16,4.96,3.73,46.75
1611.6,2,2.0,1.5,9410.9,2,Good,6.83,0.89,1.97,24.49,10.0,110.06,6.53,2.83,59.96
1558.6,3,2.0,42.2,5801.5,2,Average,6.2,3.64,1.87,26.92,8.33,59.83,5.0,4.54,51.79
2814.7,4,3.0,49.9,10921.9,2,Good,4.83,7.21,2.69,55.08,7.71,54.23,4.25,3.53,60.72
1236.3,2,1.5,16.2,5201.5,1,Good,6.93,7.67,1.05,36.65,8.75,74.57,4.79,4.62,45.11
3509.0,6,5.0,3.7,11278.6,2,Good,6.24,2.78,3.41,32.33,9.07,91.49,5.92,3.13,85.33
2670.1,4,3.0,30.7,13419.3,2,Good,8.27,0.73,2.66,26.79,10.0,100.5,5.59,4.95,81.66
2927.2,4,3.0,14.3,8996.2,2,Good,4.17,3.64,5.5,44.29,9.19,96.64,5.26,3.06,61.51
1699.3,3,2.5,30.6,5186.9,2,Fair,6.71,4.45,3.74,20.14,9.09,101.81,4.05,2.9,47.5
1896.0,3,2.5,30.4,10498.5,1,Average,4.21,4.69,2.95,49.81,9.0,76.46,5.13,4.02,57.95
1210.0,2,2.0,1.6,3545.9,1,Good,6.07,8.91,1.42,53.95,6.6,79.59,4.48,3.35,39.3
1663.0,4,2.5,16.8,10548.1,2,Average,4.53,3.26,3.94,60.33,7.89,61.39,4.45,3.69,39.79
2375.1,3,2.5,11.9,13207.7,2,Average,4.85,2.21,3.68,49.28,10.0,102.48,6.29,2.64,59.53
3145.2,4,4.0,52.6,14639.8,2,Average,6.49,2.43,1.75,34.74,10.0,124.62,4.36,2.65,80.7
1356.3,1,1.0,6.3,7534.2,1,Good,5.48,1.44,5.49,39.84,10.0,93.86,4.29,3.11,45.24
1758.2,3,2.0,4.2,9630.7,1,Good,9.14,0.39,1.27,25.02,10.0,101.67,5.55,3.67,61.38
1895.1,3,2.5,40.9,8119.7,2,Average,8.62,4.24,3.93,24.88,9.7,118.2,4.19,2.82,59.3
1226.0,2,1.0,2.9,7197.7,1,Average,7.95,,5.16,23.56,10.0,120.79,4.59,4.2,61.59
2457.7,4,3.0,20.9,7692.0,3,Good,7.91,0.41,1.77,27.0,10.0,112.81,7.32,3.32,68.95
1550.9,1,1.0,6.4,6531.7,2,Average,6.73,1.5,4.23,24.67,10.0,72.76,5.02,4.68,58.66
1866.1,2,2.0,15.1,8880.4,0,Average,8.85,8.76,3.52,10.98,7.78,152.65,5.94,2.61,57.3
1705.8,3,2.5,17.2,9546.5,2,Average,5.97,2.31,4.13,31.6,9.71,81.97,7.97,3.66,45.61
1515.8,3,2.5,9.7,4503.5,2,Excellent,10.0,0.98,1.71,8.0,10.0,121.22,5.42,3.74,72.74
1993.3,3,2.0,65.0,7343.9,1,Average,4.8,7.48,3.66,52.4,9.56,79.81,5.78,3.6,42.09
1853.0,2,2.0,2.5,,2,Good,4.47,2.91,1.78,39.03,9.92,92.96,5.54,3.36,47.63
1754.3,3,2.5,8.9,7878.1,2,Good,3.99,1.68,1.82,60.05,10.0,78.06,4.84,4.04,54.01
1548.5,3,2.5,10.1,7513.5,1,Good,4.3,4.22,3.31,62.85,9.0,56.06,5.34,2.47,42.53
2234.6,4,3.0,17.9,11309.0,2,Good,3.57,2.06,1.15,59.95,10.0,45.29,5.0,3.61,66.66
3564.5,5,4.0,9.4,12092.8,3,Average,6.89,4.39,5.08,31.65,10.0,73.5,4.2,2.66,84.27
2098.5,3,2.5,1.8,6937.7,2,Average,8.04,0.99,2.37,32.82,10.0,113.34,6.12,2.97,60.83
2831.7,4,3.5,53.0,14824.3,2,Fair,6.56,0.72,1.77,40.48,10.0,93.83,3.21,3.6,73.19
1228.3,3,1.5,9.7,,3,Good,4.01,2.18,2.73,63.33,9.75,78.27,5.21,4.11,43.33
2111.6,3,2.5,7.6,7877.7,0,Good,5.65,1.43,1.58,34.64,10.0,80.43,4.89,2.37,60.91
1360.9,1,1.5,10.7,6238.1,2,Average,8.01,3.17,2.06,20.53,10.0,130.8,4.06,4.64,40.76
1191.6,2,1.5,4.4,4236.4,2,Good,5.88,5.18,1.91,37.55,8.29,101.84,5.89,4.15,39.54
1542.6,3,2.0,1.9,4065.1,1,Excellent,5.06,7.62,1.8,49.52,8.09,73.02,4.08,3.43,50.89
3032.6,5,3.5,2.9,14131.7,3,Average,3.78,4.77,2.42,60.73,8.23,73.89,4.75,2.6,63.96
2786.4,4,2.5,3.3,13591.0,1,Good,5.74,1.54,0.85,40.37,10.0,109.6,6.0,4.55,71.12
2175.6,3,2.5,4.0,9030.0,2,,5.24,4.36,1.87,57.61,10.0,71.76,3.08,3.75,63.03
1168.6,2,1.5,9.8,7536.6,2,Excellent,6.34,2.62,4.84,34.27,9.02,94.98,6.39,3.75,49.7
1865.5,3,2.0,17.6,,2,Good,7.36,7.77,3.08,21.23,7.55,106.35,5.16,2.89,60.75
2220.7,2,1.5,17.8,8913.2,1,Fair,5.99,4.13,6.91,34.86,8.7,88.89,4.86,3.55,50.4
2124.8,3,2.0,0.0,11578.8,1,Good,6.83,0.72,2.15,25.54,10.0,114.8,3.68,2.93,64.04
1048.0,2,1.5,45.7,4583.7,1,Fair,7.35,0.46,1.26,24.16,10.0,121.86,5.3,4.31,47.22
1463.2,2,2.5,31.2,6832.9,1,Good,4.29,2.71,1.3,49.67,10.0,79.99,5.23,4.33,44.98
1953.9,4,3.5,59.8,9835.8,2,Excellent,9.89,1.65,3.17,8.0,10.0,143.82,5.8,3.28,63.84
2410.8,4,2.5,8.0,11570.1,2,Fair,5.17,0.79,2.67,48.65,10.0,76.53,4.68,2.96,68.49
926.4,2,1.5,19.7,2952.4,2,Fair,7.43,5.31,8.5,24.44,9.67,115.07,4.13,3.99,36.59
1888.0,3,2.0,3.3,8847.0,3,Good,4.46,1.71,2.54,61.78,10.0,58.24,5.55,3.89,59.13
2100.8,3,2.0,30.6,11876.8,2,Average,6.7,0.49,4.59,14.56,10.0,136.73,4.56,2.53,62.01
2690.2,4,3.0,3.2,15927.5,3,Average,6.76,1.17,4.5,13.64,9.85,121.69,5.75,3.18,79.74
2546.6,4,3.5,7.1,13073.1,2,Fair,9.49,3.82,1.63,19.5,10.0,147.48,4.07,5.04,79.91
2450.1,4,3.5,12.1,12077.8,2,Good,6.08,3.54,7.25,45.6,9.42,100.65,6.07,3.39,63.13
1510.2,2,1.5,16.2,7310.7,1,Good,8.84,1.17,3.67,27.22,10.0,132.38,6.84,3.58,52.63
1024.7,1,1.0,14.8,6883.1,1,Excellent,7.02,1.54,3.09,39.7,10.0,82.1,5.02,3.81,48.33
1741.4,2,2.0,1.9,9863.6,0,Excellent,9.83,0.36,2.82,12.59,10.0,120.47,6.68,2.98,65.8
2837.2,6,4.5,9.9,14909.3,3,Average,3.3,10.0,3.05,59.86,5.91,47.03,6.03,3.97,63.33
3254.2,6,4.5,46.1,15602.4,3,Average,7.37,1.47,2.42,16.24,10.0,110.55,5.57,3.68,80.47
2562.4,4,2.5,37.1,9094.2,3,Good,1.69,8.68,2.17,73.85,6.33,40.48,5.19,4.24,49.32
2322.2,3,2.5,16.1,13231.9,2,Average,6.4,5.58,1.95,23.66,8.99,109.91,4.6,2.14,55.6
2282.2,4,2.5,15.3,11605.4,2,Good,8.34,1.51,2.89,43.15,10.0,107.37,6.52,3.67,70.06
1644.8,3,2.0,2.1,9735.9,2,Good,9.1,3.99,1.02,8.0,9.91,144.05,6.3,3.56,61.43
1909.3,3,2.0,4.0,4617.5,3,Excellent,7.83,2.25,4.56,26.43,10.0,103.55,4.05,2.34,64.52
3583.8,5,4.0,5.2,18074.6,4,Good,5.98,12.22,1.92,52.45,5.99,87.88,5.33,3.2,82.36
1436.7,2,1.5,12.1,5358.2,1,Good,7.48,3.46,0.72,23.86,10.0,123.57,4.3,3.7,54.78
3516.3,5,3.5,23.7,17642.1,3,Average,10.0,2.54,7.1,8.0,10.0,147.07,5.72,3.44,89.64
1785.2,2,1.0,11.1,7059.1,1,Average,6.64,3.45,2.19,16.11,10.0,83.79,6.02,3.38,53.32
3177.7,6,4.0,2.4,15357.1,3,Good,8.23,1.0,3.54,10.35,10.0,134.54,3.48,3.39,88.12
1221.2,1,1.0,10.4,5271.4,1,Average,5.73,1.37,1.91,45.93,10.0,92.11,5.11,3.05,40.77
2453.0,4,2.5,3.2,8310.1,3,Good,8.43,4.19,1.54,38.11,10.0,91.92,5.67,4.9,72.16
1544.0,3,2.5,25.0,7524.8,1,Good,8.13,0.48,8.5,17.65,10.0,106.71,5.3,3.65,49.12
1217.6,1,1.0,3.3,3697.0,2,Excellent,5.4,1.35,3.75,46.32,10.0,81.38,7.16,3.63,39.35
2157.0,3,3.0,11.9,11928.3,2,Average,7.9,3.29,3.85,48.76,10.0,99.47,3.47,2.4,60.33
2845.0,4,3.5,21.3,16381.3,3,Average,7.98,14.0,1.99,26.76,6.08,135.62,6.69,3.16,71.45
1486.6,3,1.5,4.7,10384.9,2,Average,7.83,8.52,2.86,34.07,8.01,109.82,4.23,3.0,46.48
1182.5,2,1.5,1.4,5397.6,2,Good,6.43,5.91,1.29,29.39,8.57,105.34,2.84,3.38,53.99
1935.0,3,2.0,14.9,9608.6,0,Fair,8.71,2.42,1.4,31.03,10.0,128.08,5.55,3.16,54.91
1938.0,4,2.0,1.0,8352.2,3,Average,4.82,5.43,1.01,41.76,7.91,90.28,5.06,2.94,55.43
2420.9,4,2.5,16.0,12903.5,2,Average,6.52,2.82,2.62,25.84,9.4,123.37,5.3,3.23,69.71
2786.0,3,3.0,25.2,14552.0,0,Good,6.7,2.16,2.51,44.91,9.83,111.52,5.77,2.59,62.21
1957.1,4,3.5,7.2,6273.7,2,Good,8.61,1.01,3.42,11.72,10.0,148.39,5.8,3.85,75.57
3825.4,6,5.0,12.1,14103.6,3,Good,4.76,9.85,2.09,47.71,6.25,89.58,4.62,4.0,80.83
2161.3,4,3.0,47.6,8021.5,1,Average,6.93,3.12,3.6,45.23,10.0,106.58,6.09,3.77,62.28
1770.0,2,1.5,11.5,11138.1,1,Excellent,5.61,3.8,3.12,34.59,10.0,94.06,2.98,4.04,59.94
1136.8,2,2.0,65.0,5408.0,3,Good,6.7,0.69,4.19,36.75,10.0,65.26,5.1,3.99,33.22
1822.7,2,2.5,3.1,9177.2,1,Average,7.21,2.0,1.13,26.26,9.71,101.5,6.44,2.44,56.24
1776.3,3,2.0,22.2,9919.9,2,Good,4.2,10.9,0.41,50.78,6.73,71.28,5.51,4.52,43.2
2796.5,4,2.5,19.0,15898.7,3,Good,8.78,4.74,1.72,18.06,9.48,132.05,5.25,4.05,87.52
2349.3,4,2.0,37.0,13418.6,2,Excellent,7.27,7.06,1.67,40.66,7.82,108.25,4.82,1.97,65.84
1322.4,1,1.5,1.7,6696.4,2,Average,4.95,1.81,2.63,60.02,10.0,86.65,5.58,2.83,33.22
2122.4,3,2.5,5.9,10632.5,0,Good,5.89,0.42,4.5,43.85,10.0,74.16,4.89,2.48,65.09
2527.6,4,3.0,2.6,13086.2,2,Average,9.19,1.59,6.19,12.19,10.0,108.54,5.89,3.73,76.2
3411.2,6,3.5,48.7,17149.1,1,Fair,7.25,1.71,3.98,37.47,10.0,91.79,4.63,3.0,78.69
2726.1,4,3.0,10.0,7716.9,1,Good,4.76,1.35,3.79,46.3,10.0,101.77,6.88,3.42,65.9
2607.9,3,2.5,43.4,9220.9,1,Average,5.09,2.59,3.11,48.85,9.53,65.78,5.8,4.7,49.88
2040.7,4,3.0,6.3,8173.1,2,Good,7.62,0.88,1.59,20.28,10.0,101.64,7.19,4.48,73.97
2289.1,4,3.0,2.4,9278.9,2,Good,7.84,9.08,3.94,12.45,6.16,116.64,4.77,2.68,65.64
3094.3,4,3.0,6.3,11817.7,2,Good,7.15,7.82,2.64,33.3,8.44,84.98,6.55,3.74,81.73
1253.3,4,2.0,16.4,5258.6,2,Average,5.98,1.17,7.99,32.62,10.0,81.5,3.81,4.77,45.0
1768.2,3,2.5,33.6,9918.9,2,Average,7.96,3.57,3.72,19.3,10.0,125.99,5.99,2.71,54.49
1524.8,2,1.5,8.8,7240.9,2,Average,5.94,2.43,2.2,52.58,10.0,87.16,5.07,4.13,39.68
2281.8,5,3.5,44.3,11826.7,2,Average,4.96,1.12,0.88,44.0,10.0,105.63,5.33,3.27,57.76
3073.5,6,4.0,5.0,9818.6,2,Good,9.36,7.48,2.3,25.79,8.99,108.81,6.0,2.69,89.12
1621.4,2,1.0,21.3,7761.8,1,Good,7.38,1.04,4.01,32.01,10.0,105.03,6.02,4.54,55.25
865.6,2,1.0,24.0,5594.4,1,Good,5.09,3.34,5.29,51.84,10.0,77.38,6.12,3.08,35.34
1729.7,2,1.5,5.8,8347.2,1,Excellent,6.74,1.51,2.62,29.51,9.69,102.4,5.59,3.29,60.86
2751.0,4,3.0,0.5,14358.5,3,Average,6.55,5.8,3.43,46.64,8.93,83.14,5.8,3.13,69.83
2411.9,4,4.0,8.2,8302.6,3,Average,5.87,3.3,1.35,43.97,10.0,84.38,4.96,4.19,64.11
2321.3,4,3.0,0.8,,2,Average,6.92,5.92,5.04,29.1,9.28,115.63,4.49,4.14,63.15
1811.7,3,3.0,41.6,4305.6,2,Good,4.83,1.57,0.2,51.33,10.0,76.76,5.38,2.84,48.41
1277.1,2,1.5,55.2,5381.8,3,Average,8.07,0.24,3.55,19.89,10.0,102.86,2.84,3.49,48.44
2393.1,4,2.5,23.9,8435.6,2,Good,6.49,1.0,2.76,29.97,10.0,128.74,5.66,3.68,63.0
1492.2,2,1.5,23.3,7402.2,2,Excellent,3.6,5.59,1.5,57.16,9.72,67.12,6.16,4.13,43.94
4291.7,6,5.0,5.0,15383.3,3,Good,6.09,1.42,2.07,33.61,10.0,103.61,5.88,2.94,100.19
2439.8,4,3.5,1.4,11340.3,2,Good,5.39,1.43,5.54,55.32,10.0,97.7,4.53,4.44,66.94
1630.7,2,1.5,29.2,7356.7,2,Average,1.12,2.11,1.9,73.33,9.95,36.86,2.95,4.01,29.71
1613.3,3,2.0,14.7,10344.5,2,Average,6.22,1.23,2.78,55.84,10.0,85.47,5.92,2.69,44.86
1934.2,2,1.5,20.6,11376.8,1,Average,8.37,5.47,1.04,21.79,9.84,124.0,4.33,3.76,58.32
1837.5,3,2.5,27.2,6262.9,2,Average,6.31,1.44,3.27,36.5,10.0,87.72,3.78,3.77,43.35
2953.9,5,4.0,9.5,10088.9,4,Excellent,7.77,3.16,1.41,21.41,10.0,119.61,6.24,2.87,89.6
2132.9,3,2.5,2.8,12146.2,2,Average,6.52,2.12,2.3,39.27,10.0,97.63,3.71,3.72,70.04
1546.8,3,2.0,28.5,7787.7,1,Good,5.68,1.28,1.42,47.38,10.0,104.71,5.01,3.4,54.38
3872.5,6,4.5,10.9,17475.5,3,Good,5.18,1.19,1.26,27.33,10.0,68.62,7.16,2.25,91.65
2033.0,3,2.5,31.6,11164.8,2,Average,4.19,2.43,1.42,52.06,10.0,83.26,4.47,1.8,46.23
2615.2,4,3.0,10.4,10108.9,1,Good,8.17,0.96,1.36,8.0,10.0,127.51,4.03,4.94,79.79
1615.0,3,2.0,4.4,6035.3,2,Average,7.82,1.56,1.4,34.02,9.71,111.53,5.76,3.31,62.66
2269.0,3,2.5,3.4,9988.3,1,Excellent,6.0,0.33,2.59,46.3,10.0,104.21,5.56,3.48,61.3
2228.1,3,2.5,24.5,7775.1,0,Good,2.86,5.2,1.22,62.97,8.54,63.71,3.38,2.63,63.1
1031.3,2,1.5,15.4,4921.9,1,Average,7.35,0.34,2.33,29.84,10.0,118.86,5.26,2.95,48.07
4045.4,6,4.5,9.3,12545.8,3,Average,4.87,6.79,2.52,35.62,9.38,89.47,6.5,5.03,81.95
3139.2,6,4.0,12.2,12444.4,4,Good,6.76,0.36,5.23,29.3,10.0,103.43,6.74,5.21,78.05
1738.9,3,2.0,14.4,7377.5,2,Average,3.73,6.23,6.13,52.86,8.38,59.5,4.91,2.01,39.25
1358.6,3,2.5,4.9,8488.8,2,Average,6.67,3.51,5.39,31.9,9.19,93.15,5.75,3.44,48.31
2256.7,3,2.5,8.6,11190.3,2,Good,6.26,2.46,1.87,44.86,10.0,94.03,5.8,4.8,62.79
2059.8,4,2.5,6.2,9640.8,2,Excellent,2.16,0.7,3.19,77.45,10.0,61.67,6.31,3.55,41.11
2263.1,4,3.0,8.9,7113.2,1,Good,9.41,1.15,2.01,17.48,10.0,142.09,5.1,3.91,67.0
2136.8,3,2.0,12.5,7061.6,2,Average,5.91,3.95,2.9,35.9,10.0,107.09,6.62,3.27,56.08
2385.5,4,3.5,3.4,12942.4,1,Fair,6.03,2.5,2.82,31.44,10.0,109.87,4.4,3.79,66.74
3316.1,5,4.0,9.0,15432.4,3,Good,7.46,2.51,2.08,29.52,10.0,107.78,6.06,4.48,91.53
2437.8,4,3.0,8.8,8793.4,3,Good,6.41,,1.09,35.5,10.0,126.18,4.1,3.79,69.54
1383.8,2,1.5,6.1,5737.9,1,Good,7.16,2.26,0.99,29.17,8.73,105.83,3.23,2.49,53.35
3219.2,5,4.0,65.0,15041.1,3,Good,4.44,3.06,1.43,46.9,10.0,69.15,5.87,2.93,72.82
3548.3,6,4.0,1.4,19182.3,3,Good,6.24,0.62,1.22,42.03,9.71,101.47,8.45,3.98,85.77
5200.0,6,5.0,18.5,15047.9,4,Fair,3.06,11.92,3.72,66.68,5.34,67.0,5.55,3.35,92.97
1348.5,3,2.0,3.5,6297.2,1,Average,6.07,5.87,3.95,29.72,8.29,84.45,4.97,2.99,47.4
2175.5,3,2.5,32.9,11689.2,2,Good,9.1,1.42,2.18,13.21,10.0,127.44,6.57,2.58,78.2
964.2,3,1.5,44.2,6383.6,1,Average,3.79,2.85,3.14,63.25,10.0,62.32,4.71,2.65,35.61
2425.0,3,2.5,9.2,,2,Good,5.87,2.82,3.67,48.19,10.0,94.47,3.26,2.86,58.72
1649.3,2,2.0,31.2,6450.5,2,Average,2.68,0.56,2.9,63.89,10.0,66.93,6.24,3.74,44.25
3917.5,6,4.0,5.2,19573.4,3,Fair,6.51,2.05,1.87,38.99,10.0,96.19,6.91,3.01,82.78
1523.7,2,1.0,2.7,8684.3,2,Good,7.34,0.95,4.06,30.43,10.0,117.42,5.34,3.53,62.27
1106.3,3,1.5,6.8,,1,Average,7.19,1.5,1.21,40.47,10.0,88.24,5.54,3.52,44.4
1694.4,3,2.0,7.5,9469.5,3,Good,5.42,9.42,1.91,33.57,5.8,99.75,4.53,3.98,54.33
1000.8,1,1.0,9.1,6933.6,2,Good,2.64,2.76,0.7,67.89,9.35,49.02,5.02,2.78,40.5
2599.0,3,2.0,8.4,9131.4,2,Excellent,4.27,0.42,1.68,46.35,10.0,67.45,5.44,4.61,68.98
969.9,2,1.5,9.5,4245.8,1,Average,8.76,3.77,2.08,26.62,10.0,131.36,5.25,2.08,49.15
2018.2,3,2.5,22.3,10456.2,2,Fair,8.08,14.0,3.69,14.51,6.01,124.29,5.24,3.16,49.97
965.6,2,1.5,5.1,3404.5,1,Average,6.34,0.79,1.66,40.43,10.0,96.29,2.5,3.08,39.03
1786.3,4,2.5,0.3,5398.7,4,Average,6.79,3.88,3.82,27.94,10.0,90.67,5.38,2.81,57.9
3551.7,5,4.0,12.1,15522.0,2,,4.65,5.76,1.8,56.58,8.2,71.76,3.74,1.8,80.49
2267.0,4,3.0,10.7,12440.8,3,Excellent,8.82,6.15,0.55,21.47,8.72,127.8,5.72,4.31,74.63
1477.0,3,2.0,1.1,6741.9,1,Good,5.21,4.13,2.24,46.64,9.9,91.72,6.36,4.02,57.27
1976.5,4,2.5,2.6,9840.8,3,Excellent,7.29,7.9,3.11,46.83,8.25,97.28,5.82,3.77,65.93
2010.8,4,3.5,12.8,5867.7,4,Good,4.11,0.3,4.7,49.3,10.0,63.3,3.94,2.86,56.4
2357.6,2,2.0,4.8,7618.5,2,Average,6.18,0.41,6.2,45.13,10.0,99.74,4.28,3.02,59.35
1238.4,2,2.5,37.8,5335.1,2,Average,8.75,0.66,2.02,28.21,10.0,124.43,5.13,3.15,46.54
2458.7,3,2.5,3.4,7221.9,1,Excellent,4.8,0.34,2.46,55.81,10.0,82.2,6.14,3.22,66.53
800.0,1,1.0,0.4,4226.0,0,Average,7.85,0.61,5.36,24.48,10.0,78.66,6.29,4.0,36.23
1602.9,3,1.5,10.7,9513.0,2,Good,4.55,5.63,3.28,49.09,8.71,73.25,5.6,3.03,47.95
1684.3,3,2.0,65.0,9767.0,3,Average,4.88,7.46,2.71,41.75,7.44,93.03,4.14,2.76,51.58
2494.1,5,4.0,18.1,10760.9,2,Average,6.48,1.51,0.51,34.51,10.0,90.94,6.49,3.51,70.64
2014.1,3,2.0,7.9,8893.2,3,Excellent,8.25,10.28,3.8,14.93,7.47,126.67,5.17,3.43,64.08
1221.8,1,1.5,0.3,4482.7,1,Average,5.96,1.93,3.58,38.92,10.0,76.66,4.76,3.78,41.71
1415.5,1,1.0,11.9,5193.4,1,Average,7.61,0.8,1.26,41.66,10.0,90.68,4.66,4.44,54.22
2142.1,4,2.5,4.2,10459.2,2,Good,8.56,3.86,3.41,16.86,8.45,129.28,3.53,3.09,72.14
1943.7,3,2.0,18.8,10715.5,2,Average,5.11,1.94,4.95,47.19,9.73,83.02,6.41,4.1,54.75
1631.6,2,1.5,15.7,4928.4,0,Excellent,3.75,0.26,1.57,51.3,10.0,63.48,5.06,3.51,44.47
1688.7,1,1.5,5.5,6093.3,1,Excellent,5.86,11.05,3.06,39.04,7.32,104.24,4.44,4.17,43.69
2549.5,4,3.0,1.3,15127.9,2,Average,8.79,3.12,0.75,25.5,10.0,121.74,5.87,4.32,82.73
1667.0,3,2.0,25.3,7582.0,2,Average,5.04,3.24,2.18,51.8,10.0,74.07,6.07,2.83,50.81
1937.5,4,2.5,75.9,11831.9,3,Fair,8.33,13.18,1.59,34.47,6.26,110.39,3.29,4.88,52.41
4270.5,6,4.5,33.2,23759.4,4,Average,6.03,5.94,4.99,31.23,8.99,80.98,6.91,3.54,95.15
1214.0,3,1.5,5.4,4638.9,2,Average,9.66,1.64,3.63,8.0,10.0,142.64,7.64,2.54,59.0
1045.1,1,1.0,19.0,3903.3,0,Good,10.0,0.34,3.79,8.0,10.0,135.63,5.31,2.55,46.59
2628.7,5,4.0,2.3,14289.5,4,Fair,8.36,1.0,1.46,31.94,10.0,137.1,5.46,4.5,79.14
1575.7,3,1.5,6.2,7170.2,1,Good,3.54,1.59,1.79,64.87,9.5,30.0,7.83,4.39,52.12
1787.6,3,3.0,19.2,6520.0,1,Excellent,2.17,10.52,3.63,55.63,5.97,62.92,4.0,4.22,50.58
1520.2,2,1.5,31.4,9973.1,1,Average,6.61,7.22,2.22,43.03,7.57,106.05,4.63,2.99,40.79
1824.5,4,2.5,7.0,8515.7,3,Average,8.13,0.27,6.69,24.39,10.0,117.25,5.84,3.12,57.37
3496.4,6,4.5,28.9,10879.8,4,Average,7.4,14.0,3.11,38.19,5.67,92.04,6.46,2.22,74.39
2645.8,4,3.5,20.4,12932.8,2,Average,5.2,1.15,2.82,61.06,10.0,61.53,5.24,3.18,65.13
2702.1,4,3.5,7.7,14299.9,2,Excellent,3.83,4.98,1.6,46.92,7.92,79.51,4.31,3.53,72.95
1217.2,2,1.5,37.6,2801.9,2,Average,8.17,0.6,4.81,35.3,10.0,122.39,6.62,4.53,37.28
1335.5,2,2.0,12.8,5899.7,3,Average,9.85,1.0,2.28,9.4,10.0,141.35,5.19,3.19,54.16
800.0,1,1.0,18.8,4352.0,0,Good,5.29,2.45,8.17,41.73,9.47,84.45,5.2,3.15,21.97
1505.3,2,1.5,12.3,6757.7,2,Good,7.99,4.09,3.51,24.28,10.0,128.73,6.22,3.62,57.35
2792.9,5,3.5,10.9,14335.9,3,Good,10.0,1.56,1.79,8.0,10.0,131.8,6.86,4.04,85.56
2394.5,4,3.5,33.9,11992.1,2,Good,6.16,6.81,1.4,38.72,8.78,91.11,5.46,4.56,62.82
1849.1,4,2.5,6.3,9136.2,2,Excellent,6.19,9.21,2.49,36.4,6.71,93.77,5.73,2.88,55.47
1982.7,4,3.0,0.7,5170.9,3,Average,7.51,0.62,1.57,20.95,10.0,108.35,6.35,3.27,63.52
1570.1,3,2.5,38.1,5113.5,2,Average,5.99,4.26,0.66,32.19,9.45,112.58,4.95,3.5,50.65
2146.7,4,2.5,31.4,7513.0,4,Fair,8.91,0.65,0.32,28.67,10.0,109.91,4.6,3.2,58.75
2612.5,4,3.0,8.2,9742.1,2,Good,5.77,1.53,3.03,43.1,10.0,64.02,4.8,2.93,64.4
1135.1,2,2.0,3.7,3946.5,1,Average,6.44,5.68,2.91,30.75,9.12,78.75,4.19,3.21,37.61
2219.1,2,1.5,20.3,8671.1,1,Good,3.9,1.51,2.09,57.85,9.78,79.46,4.0,2.49,41.43
2769.3,4,3.0,1.5,9079.7,3,Average,6.08,7.81,8.5,45.25,8.39,93.46,7.64,2.95,71.09
1728.0,2,1.5,9.9,9467.5,1,Excellent,4.69,1.9,2.71,52.15,10.0,56.51,4.22,2.48,54.96
2553.6,5,3.5,1.6,13040.9,3,Average,7.12,1.39,8.5,20.97,10.0,108.31,5.5,3.41,67.85
5200.0,6,5.0,16.4,23313.0,3,Good,3.5,14.0,2.06,38.61,4.56,60.76,5.11,3.11,100.28
1926.5,3,2.0,0.5,6017.6,2,Excellent,8.26,2.06,2.41,14.21,10.0,127.87,6.35,2.99,61.25
2293.1,4,2.5,17.9,12900.0,2,Good,4.93,4.52,3.65,54.72,8.49,92.84,5.33,3.41,62.16
1543.3,3,2.0,20.1,10011.6,2,Average,9.71,3.13,0.9,14.86,10.0,171.94,6.73,1.8,70.73
2129.1,3,2.0,12.0,7192.6,2,Good,8.97,0.92,0.2,12.65,10.0,111.57,5.06,3.16,73.25
2347.5,4,2.5,3.5,11010.4,3,Good,7.46,2.42,2.25,29.66,10.0,84.76,5.47,3.55,60.69
2139.2,3,2.0,1.9,11649.7,2,Fair,3.73,0.46,2.5,61.31,9.86,76.16,6.03,4.13,45.95
1398.4,1,1.0,6.8,,1,Excellent,5.37,4.15,3.18,41.53,8.54,100.57,5.42,3.86,39.59
2147.9,3,2.5,11.3,8258.8,3,Average,4.89,2.54,1.84,57.59,10.0,63.34,5.78,4.35,53.71
3333.5,5,4.5,18.5,13923.0,3,Excellent,5.11,0.62,3.66,47.61,10.0,65.94,5.51,2.32,80.89
2337.9,4,2.5,0.0,8713.2,3,Good,9.34,4.86,3.53,17.49,9.88,137.21,3.65,4.18,82.57
2798.1,3,3.5,22.3,11729.8,1,Good,6.23,,1.58,32.35,8.81,120.59,6.04,3.62,63.33
1839.1,4,2.5,22.5,10600.2,1,Average,5.32,4.44,2.39,39.91,8.89,73.86,6.5,3.0,50.0
2597.9,4,3.5,10.6,14119.8,2,Good,5.15,1.48,4.39,55.11,10.0,85.49,5.06,3.48,55.49
2203.4,4,2.5,7.6,8254.3,1,Good,5.54,4.31,0.75,34.16,8.79,62.15,4.97,5.74,56.75
1432.5,3,2.0,33.2,7612.6,2,Average,7.46,2.96,1.81,24.0,10.0,108.0,5.52,3.51,43.4
2233.9,3,2.0,27.6,12032.9,3,Average,3.57,2.71,1.24,57.37,8.65,64.48,7.34,3.46,41.16
1412.2,3,2.0,65.0,5032.1,1,Fair,6.68,3.55,2.47,38.79,10.0,122.33,4.89,4.04,45.93
1601.2,2,2.0,8.4,6724.1,0,Average,7.26,3.38,2.83,24.11,9.67,98.62,5.88,3.24,47.12
2135.1,3,2.5,42.7,11036.5,3,Good,3.38,5.34,5.19,59.27,8.76,73.44,5.01,2.81,50.6
2217.3,4,2.5,1.6,11183.6,2,Average,3.95,13.86,0.52,45.28,4.29,59.6,5.86,4.45,45.49
1317.9,3,1.5,9.5,5050.6,2,Average,6.41,4.35,0.31,39.75,10.0,100.03,3.8,2.32,53.6
2889.7,5,3.5,11.3,8584.6,3,Fair,9.09,2.07,2.59,27.17,10.0,158.66,7.18,3.43,72.7
2441.1,5,3.5,10.5,11415.7,3,Good,8.66,2.18,2.95,8.0,10.0,149.75,5.6,3.35,83.7
1561.4,2,1.5,17.7,5943.2,2,Average,5.4,0.3,1.62,34.92,10.0,114.6,4.89,2.78,54.09
1166.6,1,1.0,3.4,4786.4,2,Excellent,9.04,0.76,2.37,22.53,10.0,134.49,4.92,2.41,56.47
1899.4,4,3.0,36.2,9976.5,1,Good,5.92,1.03,1.89,63.99,10.0,90.19,5.51,3.3,56.79
1709.4,4,3.5,14.4,5319.4,1,Good,5.91,14.0,2.72,44.43,4.84,96.95,7.4,3.67,41.81
2078.9,4,2.5,42.2,6599.9,3,Average,6.67,4.81,1.3,27.83,9.78,108.22,6.9,4.19,48.87
1759.7,3,2.0,0.0,7991.9,1,Average,8.01,0.69,4.21,22.43,10.0,122.58,4.9,2.82,60.17
989.7,1,1.0,17.9,2250.8,1,Average,5.4,2.41,0.91,35.42,10.0,77.18,5.3,2.81,36.49
1744.2,2,1.5,9.6,10471.0,1,Good,5.78,0.97,4.2,48.86,9.83,80.99,5.36,4.54,50.61
1795.5,2,2.0,12.7,6168.4,1,Good,4.25,1.33,1.86,62.13,10.0,65.57,3.05,3.05,46.25
2494.3,4,2.5,24.5,12088.2,2,Good,7.13,,6.58,40.39,10.0,122.0,4.95,3.15,62.38
1565.0,4,3.5,4.6,6561.1,2,Average,8.18,3.12,3.21,18.37,10.0,135.58,5.43,4.31,53.15
3595.9,6,4.5,4.1,14312.2,2,Average,8.29,6.77,1.73,10.35,9.65,164.91,4.2,2.17,97.91
1023.4,2,1.0,21.9,6364.5,2,Average,4.04,0.78,1.71,65.62,9.49,77.42,7.1,2.5,29.78
3161.8,6,4.0,13.3,13605.8,2,Good,5.81,2.4,4.13,53.33,9.94,80.79,3.96,4.44,74.65
1847.3,3,2.0,4.8,8686.7,1,Fair,8.74,3.12,3.74,11.64,9.92,118.83,4.08,2.95,62.17
2699.6,6,4.5,11.9,12243.3,1,Fair,6.92,8.73,3.35,29.82,9.14,102.35,5.96,3.0,65.33
2054.8,5,3.0,11.1,10140.9,4,Fair,6.56,2.52,3.17,39.05,10.0,121.54,5.51,3.06,58.83
2977.5,5,3.5,21.2,15382.8,3,Fair,6.52,1.53,0.88,32.34,10.0,110.23,4.7,3.16,81.24
1744.8,2,1.5,0.0,9293.8,1,Excellent,7.47,1.31,6.16,30.86,10.0,92.1,6.31,3.06,52.18
1360.3,3,2.0,15.9,6934.4,1,Good,7.01,0.98,1.83,20.17,10.0,104.87,5.47,3.51,47.34
3285.2,5,3.5,16.8,17769.1,3,Average,5.46,10.7,4.15,37.07,6.29,67.24,7.23,4.34,61.89
1920.4,2,1.0,24.6,12253.9,1,Average,8.09,3.16,0.91,21.98,9.77,126.28,3.24,2.8,58.94
2159.3,4,2.5,39.6,9246.2,1,Good,4.33,1.36,1.46,47.74,10.0,64.95,4.63,2.96,52.46
3078.4,6,4.0,10.4,13502.2,1,Good,8.88,4.57,1.62,9.53,10.0,118.56,7.02,3.42,93.65
1392.4,2,1.5,7.5,4750.0,1,Excellent,4.89,1.29,3.18,48.6,10.0,54.9,5.73,4.58,43.6
2461.2,3,2.5,1.9,10669.6,1,Good,7.49,2.44,2.88,19.96,10.0,121.69,5.08,3.18,74.35
1625.4,2,2.0,7.4,6024.6,2,Average,6.2,0.28,0.86,36.17,10.0,113.26,4.76,2.73,49.38
1907.9,3,2.0,1.3,10275.9,2,Average,5.64,6.2,2.58,51.33,8.3,80.19,5.58,1.89,56.14
2049.4,3,2.5,29.2,9039.8,1,Average,8.94,10.24,2.11,15.07,7.23,125.58,3.94,2.83,65.56
1182.0,2,1.0,29.6,5941.5,1,Good,7.84,6.63,7.05,22.99,10.0,108.42,3.62,2.75,40.56
1521.4,3,2.0,9.7,5501.3,3,Good,6.39,0.8,1.76,45.49,10.0,95.47,5.82,2.51,52.35
3206.3,6,4.5,5.4,13747.5,4,Average,9.64,5.78,2.56,19.16,8.88,124.4,6.14,3.45,87.01
2724.8,5,3.5,2.3,14682.2,2,Excellent,8.26,1.56,5.76,30.59,10.0,104.63,6.23,3.2,81.37
1954.9,2,1.5,34.3,7626.5,3,Good,5.05,9.01,2.43,24.25,7.55,102.24,4.73,4.47,56.01
2175.7,3,3.0,37.8,6534.0,1,Average,2.43,1.34,2.26,65.74,10.0,30.0,4.68,3.56,43.21
1802.7,3,3.0,5.6,7227.4,1,Average,6.69,0.5,1.3,28.85,10.0,109.02,5.2,4.16,64.02
3212.5,5,4.0,17.5,15321.2,3,Average,8.99,6.33,0.83,9.77,8.36,132.36,4.11,3.27,87.24
1862.9,4,3.0,5.4,8502.3,1,Good,7.6,0.6,2.16,33.05,10.0,135.55,5.93,2.74,71.72
2167.1,4,2.0,4.6,10065.5,3,Average,9.33,2.69,4.35,10.3,10.0,129.02,4.87,3.86,71.33
2984.3,6,4.0,0.4,14116.6,3,Average,5.42,1.71,0.66,33.39,9.53,82.17,5.13,2.55,71.97
1522.2,3,2.0,15.5,6348.3,1,Average,6.29,4.73,2.28,40.66,10.0,86.01,5.01,4.27,51.21
3448.1,6,4.5,2.9,18505.2,3,Good,6.33,4.62,4.29,36.34,9.73,102.8,5.77,2.84,87.52
1169.5,2,1.5,0.2,3579.8,2,Excellent,6.93,4.99,0.75,26.25,9.57,94.83,5.51,3.96,49.78
3534.7,6,3.5,2.0,14282.2,3,Average,7.88,0.41,1.08,35.3,10.0,99.83,7.3,3.68,91.13
1753.8,3,2.5,6.8,9417.7,1,Good,9.44,6.45,2.36,18.94,9.01,123.22,4.78,2.67,58.55
1835.5,4,3.0,19.9,10083.4,1,Average,9.82,2.21,2.35,16.4,10.0,124.64,7.17,4.31,61.82
1031.2,2,2.0,4.1,6893.6,3,Good,9.5,0.99,3.51,18.55,10.0,120.16,3.21,4.84,54.35
1704.2,3,2.0,39.3,10489.1,1,Good,7.7,1.34,1.18,35.17,10.0,114.79,5.74,2.84,59.03
1388.6,3,2.0,6.1,27935.55,3,Good,5.88,7.66,4.77,39.48,7.4,89.94,3.46,2.91,46.52
1615.4,1,1.0,7.2,5467.6,0,Average,6.91,0.22,2.07,21.79,10.0,112.12,4.07,3.45,52.08
1904.4,2,1.5,4.4,7683.8,2,Good,7.68,5.38,1.54,24.88,7.37,115.37,4.13,4.05,61.2
2794.0,5,4.0,5.3,15823.5,3,Good,6.74,8.44,5.67,22.66,7.71,85.71,4.04,4.32,78.09
2148.8,3,2.0,1.4,10135.5,2,Average,4.86,1.12,4.24,43.27,10.0,51.12,4.53,3.13,54.17
2225.4,4,3.5,6.3,12914.3,3,Average,5.67,5.72,1.32,56.77,8.84,75.39,7.62,3.5,65.71
1361.8,2,1.5,35.3,4438.7,0,Good,8.06,0.76,3.07,13.8,10.0,128.41,4.23,3.14,55.14
1468.1,3,2.0,21.0,7312.3,1,Average,6.06,0.25,3.07,28.46,10.0,105.02,3.42,3.09,59.01
3750.2,5,3.5,37.5,17537.8,2,Average,6.54,3.17,3.56,39.1,9.86,114.04,5.74,3.0,78.32
1544.8,3,2.0,2.0,8096.1,2,Excellent,6.36,3.52,2.96,42.3,9.87,109.86,5.47,2.38,57.28
3567.7,6,3.5,10.9,16206.3,2,Average,4.89,0.72,7.02,32.75,10.0,96.5,7.64,4.05,71.69
1835.2,4,3.0,4.7,10341.7,1,,6.19,2.5,3.57,39.37,10.0,101.89,5.16,3.48,54.51
1999.8,5,3.5,23.0,9314.6,2,Good,5.68,1.76,2.86,34.56,10.0,115.51,2.68,4.54,68.16
2906.3,5,4.0,63.3,9236.8,1,Average,5.25,0.45,3.19,47.32,10.0,89.54,4.73,4.02,65.74
3118.7,5,3.5,30.4,9732.8,3,Fair,4.6,2.47,2.99,44.39,10.0,105.83,4.71,3.1,64.39
1922.2,2,2.0,0.6,5888.5,1,Average,6.32,3.02,8.28,27.23,10.0,88.9,3.84,2.54,56.39
1744.3,2,2.0,6.9,7173.9,1,Good,7.61,0.98,2.95,24.54,10.0,103.42,4.58,4.8,60.78
1959.5,3,2.5,0.5,7257.6,0,Excellent,8.52,4.51,4.63,25.77,10.0,120.25,5.04,2.13,52.86
2249.1,4,2.5,0.7,7931.5,3,Average,3.99,0.44,3.38,70.36,10.0,70.37,5.13,3.14,62.95
2729.7,4,2.5,1.5,12592.3,1,Excellent,9.39,2.76,1.4,17.47,10.0,128.51,3.68,3.16,84.15
2001.2,4,3.0,5.8,9869.5,2,Average,7.03,1.36,2.28,27.7,10.0,113.37,5.87,2.91,60.39
2481.5,4,3.0,6.5,,1,Good,4.47,2.03,3.15,41.84,9.02,74.99,7.0,2.76,57.04
3545.5,6,4.0,9.2,12726.6,2,Average,5.77,7.37,3.7,40.99,8.18,82.89,5.51,2.48,80.43
2283.5,4,3.0,9.3,7302.8,3,Excellent,3.12,3.75,3.23,58.98,8.28,55.34,6.42,2.86,55.21
2228.5,3,2.5,26.6,6936.4,2,Fair,3.58,0.72,8.14,58.26,10.0,83.23,5.4,3.36,46.44
1174.2,2,1.0,2.7,6494.8,1,Good,9.6,7.16,0.8,11.23,9.67,139.82,4.05,3.63,55.17
800.0,1,1.0,3.1,4608.7,1,Good,5.24,1.69,2.75,51.92,10.0,61.81,5.5,3.01,38.3
2289.1,3,2.0,17.7,7201.0,1,,7.47,1.54,1.14,22.99,10.0,132.01,4.65,3.0,70.27
1933.0,3,3.0,15.3,10780.6,2,Average,6.3,2.43,1.56,50.19,10.0,103.52,3.98,2.62,65.57
1668.7,2,2.0,3.0,8580.3,2,Good,6.53,0.94,1.76,39.08,9.63,109.07,5.11,3.53,48.89
2176.0,4,3.0,34.4,12066.7,2,Average,7.16,8.06,0.74,23.49,8.95,120.38,6.1,3.44,58.03
1956.4,4,2.5,7.2,6747.9,2,Good,2.75,2.22,2.74,70.53,9.79,70.34,4.83,3.68,57.32
2965.3,5,3.5,8.2,12178.6,3,Average,8.87,1.8,0.96,10.04,10.0,114.18,7.33,2.99,91.53
2059.3,4,3.0,9.8,8409.9,2,Average,6.32,0.8,2.63,32.04,10.0,82.72,6.25,2.72,65.12
1538.5,3,2.0,7.0,10170.2,1,Fair,5.59,5.39,4.24,32.18,9.42,122.86,4.6,3.39,50.33
2825.8,4,3.5,14.7,16412.0,2,Good,7.34,9.97,4.6,41.14,8.07,99.66,4.56,3.79,76.45
1852.0,3,2.0,8.9,8706.1,2,Average,5.2,6.72,2.05,43.5,8.11,90.12,7.56,2.73,52.94
2402.6,4,3.5,5.4,7976.8,3,Average,6.87,0.76,1.74,25.12,10.0,126.9,4.83,2.93,68.14
1690.7,3,2.5,42.3,6974.6,1,Fair,6.2,4.66,1.33,40.04,9.88,90.12,5.6,2.48,47.92
1591.7,4,3.0,6.6,9431.1,2,Average,7.78,0.93,0.61,30.97,10.0,109.43,5.66,2.52,54.69
2057.9,4,2.5,21.6,10165.6,2,Good,6.11,0.33,1.43,49.81,10.0,108.29,3.3,2.99,63.7
2007.2,3,2.5,7.7,11449.1,2,Good,4.65,2.32,1.69,37.45,10.0,81.41,3.32,2.77,57.9
2363.6,4,3.0,10.3,9373.3,2,Good,7.15,3.75,4.0,40.06,9.75,114.18,6.14,4.0,69.11
1818.9,3,2.5,4.8,9157.8,3,Average,6.01,0.62,5.39,23.02,10.0,93.02,4.05,3.42,55.34
1050.8,2,2.0,25.1,5411.5,2,,3.22,3.18,2.44,68.71,9.27,54.69,5.21,4.35,35.19
1717.3,3,2.0,24.1,8559.3,3,Average,6.86,6.14,3.57,42.9,8.54,99.18,3.54,4.36,47.28
2638.2,4,3.0,0.4,13573.6,1,Excellent,5.53,0.95,6.86,50.78,10.0,105.34,4.84,3.41,70.01
1800.7,2,2.0,1.1,8323.9,1,Good,7.12,1.99,6.03,36.06,10.0,102.77,5.44,1.9,61.29
1833.1,2,2.0,46.0,7485.5,2,Average,4.96,2.41,1.16,38.16,10.0,88.05,2.93,3.7,40.97
2822.1,5,3.5,39.5,11652.7,2,Good,4.33,5.89,2.64,59.79,7.63,61.21,5.26,4.26,63.56
1557.5,3,3.0,12.7,4934.4,2,Good,8.62,4.92,1.5,8.0,10.0,152.74,5.32,3.87,68.04
1164.5,1,1.0,12.2,7575.7,2,Average,8.02,4.89,5.34,16.18,9.39,121.67,4.68,3.66,49.74
1889.0,3,3.0,30.1,7457.1,2,Fair,6.49,3.84,0.93,31.6,10.0,104.37,3.99,3.21,54.5
1686.7,3,2.5,2.7,8876.0,1,Average,7.29,3.28,0.71,25.27,10.0,121.78,4.79,2.52,61.98
1424.8,1,1.5,19.1,7547.9,2,Excellent,7.96,2.48,0.44,27.41,10.0,109.79,4.79,3.87,52.33
1879.2,4,2.0,11.6,10913.0,1,Average,6.48,1.68,2.41,28.3,10.0,116.25,7.32,3.25,60.36
2373.3,4,2.5,24.5,12768.2,2,Excellent,4.32,2.5,2.78,57.4,9.68,53.51,5.07,3.63,67.42
1991.7,4,3.5,0.6,9415.5,2,Average,7.04,6.35,3.77,21.7,8.95,97.35,4.69,2.96,62.75
2224.8,3,1.5,16.2,12029.3,1,Average,8.3,2.91,2.59,23.71,10.0,109.28,5.06,4.9,68.72
3769.5,5,3.5,14.6,12293.1,3,Good,7.57,13.77,7.12,28.62,5.81,85.7,5.67,3.58,75.41
1772.2,3,2.0,33.1,,2,Good,6.61,0.69,3.95,43.92,10.0,93.58,5.63,3.12,47.5
2202.7,3,2.5,20.3,10372.2,2,Good,7.52,2.06,2.22,37.02,10.0,110.72,5.69,2.55,67.85
1672.0,2,2.0,38.2,5804.0,0,Good,6.1,0.92,2.11,39.25,10.0,79.87,5.86,2.35,58.98
1485.9,2,1.5,39.3,9163.2,2,Average,8.38,1.65,2.8,8.0,10.0,104.08,3.59,3.87,53.13
1628.3,3,2.0,9.4,9046.2,1,Good,8.92,5.19,0.55,8.0,9.04,128.21,5.77,2.96,64.77
1689.9,3,2.5,2.7,9587.4,0,Good,4.17,5.77,2.0,62.54,8.09,71.8,5.4,3.06,34.0
2266.1,4,3.0,17.9,8594.5,4,Average,8.51,0.3,2.18,19.8,10.0,119.13,4.51,2.99,73.28
4546.8,6,5.0,37.3,21628.2,3,Average,10.0,10.01,2.44,25.32,7.8,122.27,5.32,2.58,99.48
1555.2,3,2.0,1.4,6006.8,2,Excellent,7.45,6.78,3.1,36.4,8.88,105.11,5.08,3.18,66.14
1727.1,3,1.5,14.7,9515.6,3,Good,8.27,,3.62,25.47,8.69,110.79,5.18,3.44,60.8
1954.5,4,2.5,2.2,8671.6,2,Fair,5.34,1.71,8.18,45.44,10.0,87.56,5.39,2.65,52.13
2295.1,3,3.0,0.5,10032.1,1,Excellent,5.59,2.4,2.14,34.35,9.67,81.5,3.35,3.65,65.79
2191.3,2,2.0,20.5,9389.5,1,Good,6.12,0.79,1.65,33.6,10.0,94.87,5.49,2.48,65.61
3132.0,5,3.5,20.6,8630.9,2,Average,5.78,1.82,1.9,46.75,10.0,73.07,5.92,3.07,77.72
854.7,2,1.5,16.5,3883.0,1,Good,4.14,0.63,1.58,53.21,10.0,53.04,5.47,3.67,31.16
866.6,1,1.0,35.3,2381.6,0,Average,6.19,6.57,1.23,40.9,7.74,103.98,4.4,3.39,36.78
1679.8,2,1.5,1.5,8247.1,1,Fair,8.01,2.98,3.06,31.27,10.0,127.78,4.25,2.17,58.68
2933.8,6,4.0,2.0,14967.5,4,Average,4.16,0.67,4.05,52.67,10.0,67.37,5.4,1.8,74.63
1155.2,3,2.0,36.0,3962.2,2,Average,6.82,6.96,0.48,29.79,8.6,103.84,6.08,3.83,45.47
800.0,1,1.0,12.6,3563.8,1,Average,6.77,0.47,0.52,27.29,10.0,96.53,6.64,3.92,40.89
2440.4,4,3.0,5.7,11502.1,1,Average,5.96,8.57,0.73,44.68,8.42,108.87,6.04,3.73,57.9
2176.1,5,3.0,24.1,10177.3,2,Good,7.39,0.56,2.58,35.32,10.0,107.18,5.76,3.23,67.93
1364.3,2,1.5,40.5,5739.2,0,Average,7.22,4.25,1.45,48.57,9.8,101.1,2.5,3.21,43.18
1415.2,2,1.0,21.1,5783.3,1,Good,5.83,3.52,3.61,40.6,9.77,105.57,4.53,3.32,40.14
1423.1,2,1.5,28.3,5232.8,2,Good,8.41,5.08,2.18,21.78,9.3,110.87,5.54,3.84,46.88
2077.0,3,3.0,6.0,9210.9,3,Excellent,7.51,2.86,1.66,31.56,10.0,113.55,4.45,3.3,61.91
1604.9,1,1.0,6.1,5930.3,0,Excellent,9.33,1.58,1.53,13.72,10.0,117.64,4.18,3.68,52.23
2375.4,5,3.0,35.9,9953.5,3,Excellent,6.38,1.23,4.67,28.44,10.0,107.68,4.03,4.39,67.2
800.0,1,1.0,17.2,4053.9,1,Average,5.92,9.51,1.64,39.46,9.14,104.51,7.14,2.67,35.76
1480.5,3,2.0,4.8,6971.7,1,Good,6.12,2.06,1.54,44.4,9.79,77.39,3.77,3.26,46.32
1347.3,3,2.0,13.4,5357.0,1,Average,8.62,6.11,1.72,26.27,9.66,103.92,4.97,2.76,43.93
1826.7,2,1.5,20.8,10101.6,1,Excellent,6.23,4.31,3.39,40.83,9.78,100.71,4.4,3.1,64.56
1655.2,2,2.5,4.4,7482.5,1,Good,6.34,3.62,4.91,42.18,9.98,125.11,4.25,3.32,50.03
2641.9,5,4.0,19.2,13060.6,2,Excellent,10.0,11.49,1.54,11.88,6.22,152.38,5.65,2.74,79.56
1042.3,2,1.5,0.8,4371.2,1,Good,4.08,2.87,1.56,56.6,8.77,68.95,6.11,2.18,40.3
2030.3,3,2.5,6.5,10521.3,1,Fair,7.14,4.43,4.94,22.17,9.93,95.18,3.91,2.42,56.11
2429.4,5,3.5,20.2,12237.4,2,Average,6.39,6.26,1.41,40.58,8.06,81.45,5.26,3.73,63.78
3827.0,6,4.5,2.9,13345.9,1,Average,6.05,0.35,0.86,36.58,10.0,104.6,5.08,2.9,86.39
1688.1,3,2.0,4.5,9460.8,2,Average,4.78,14.0,3.44,38.21,4.74,92.93,4.7,3.24,41.7
2238.5,3,2.5,38.0,10482.0,2,Good,5.3,1.17,3.12,49.86,10.0,77.17,4.17,3.44,59.91
1062.8,1,1.5,20.2,5004.8,0,Good,5.77,4.08,1.8,45.86,9.58,87.85,6.42,4.08,32.21
865.1,2,1.5,12.4,4407.0,2,Fair,7.39,10.03,4.41,32.29,7.29,110.67,4.06,3.19,42.11
2685.6,4,3.5,4.3,10876.2,3,Good,8.03,4.81,0.71,25.5,10.0,142.78,3.77,3.58,72.0
1994.3,4,3.0,7.5,8853.3,2,Average,3.3,1.03,6.34,60.88,10.0,63.84,6.41,2.55,50.64
3018.4,4,3.5,15.4,10795.3,3,Excellent,4.34,1.64,2.61,51.8,10.0,61.14,5.42,3.28,68.16
1235.6,1,1.0,3.0,6228.7,3,Good,7.49,1.91,8.5,44.36,10.0,94.9,3.9,2.67,48.94
2397.0,4,3.5,11.8,8850.9,4,Average,7.64,3.02,2.95,29.82,10.0,100.08,5.12,3.29,64.33
3843.3,6,5.0,9.5,17648.9,2,Good,3.87,3.16,0.66,33.24,9.13,87.15,4.51,3.5,92.96
2314.4,3,2.5,11.7,10940.0,1,Fair,8.07,5.16,2.43,8.0,8.61,125.03,6.84,3.22,66.24
2201.3,2,2.0,2.0,7050.0,1,Good,6.47,6.48,2.67,46.14,9.09,94.62,4.93,3.08,63.07
2004.2,3,2.5,2.0,11302.9,2,Average,7.84,0.5,0.82,15.78,10.0,74.26,5.78,3.6,62.0
1153.1,2,1.5,59.9,5462.5,3,Fair,4.97,1.22,1.79,44.43,9.49,70.18,5.17,3.1,41.8
3211.4,6,4.0,65.0,11892.8,3,Good,4.0,1.55,1.73,44.39,9.88,75.79,6.78,3.09,72.35
1613.6,3,1.5,10.0,5525.5,1,Good,5.94,0.24,2.73,36.93,10.0,98.29,5.42,2.61,51.77
2384.1,4,3.0,28.0,8430.9,2,Average,6.02,1.93,3.73,41.85,9.95,99.09,6.47,3.78,62.73
1156.3,3,2.0,19.2,4571.2,2,Average,5.92,1.62,6.3,37.04,10.0,74.26,5.8,3.37,32.21
1322.4,1,1.5,2.2,8000.0,0,Good,5.8,2.58,4.38,34.23,9.51,94.15,4.59,3.04,45.11
3302.0,6,4.5,6.3,12887.2,3,Good,9.55,0.54,2.26,20.11,10.0,121.13,5.2,2.62,94.85
1769.5,2,1.5,6.8,5844.6,1,Good,3.44,1.91,2.62,79.97,10.0,64.59,4.97,5.15,43.63
3323.1,5,4.0,16.3,9705.5,1,Average,4.98,3.11,3.08,52.87,8.4,71.51,4.57,1.8,71.32
1944.2,2,2.0,15.6,5819.8,1,Average,5.75,5.41,3.71,32.33,8.27,106.07,4.02,2.83,58.9
1048.7,2,1.5,46.3,5391.3,2,Average,6.54,4.85,2.1,41.8,10.0,104.97,6.7,3.04,32.95
2730.5,4,3.0,28.1,7773.1,2,Average,7.78,1.86,1.66,40.22,10.0,112.46,2.93,4.09,75.45
1625.4,3,1.5,35.0,8033.0,2,Average,8.06,1.78,4.77,30.11,9.39,136.99,6.66,3.16,47.95
2551.8,3,2.5,39.9,8775.1,2,Average,8.44,0.32,6.5,9.32,10.0,116.82,3.73,3.54,67.59
2015.9,3,2.5,29.1,11370.1,2,Average,7.37,0.48,7.7,35.77,10.0,89.91,5.8,3.07,57.87
1164.3,1,1.0,7.3,4125.4,1,Excellent,3.39,6.79,3.11,53.89,7.9,78.72,4.56,4.78,42.08
2116.5,4,3.5,4.4,8917.4,2,Good,3.5,5.45,3.47,58.44,8.47,68.83,3.37,3.7,59.19
4309.9,6,4.5,15.3,21464.3,3,Excellent,8.57,0.27,2.74,17.62,10.0,119.04,6.46,2.91,111.13
2374.5,5,3.5,21.1,11562.0,2,Good,8.45,7.06,4.7,27.98,8.44,113.15,2.56,3.93,70.02
1958.4,2,2.0,8.8,10637.7,0,Good,7.64,3.25,3.35,23.37,10.0,120.07,6.08,3.21,57.78
2911.3,4,4.0,33.9,12669.7,3,Good,5.02,5.38,2.7,56.9,8.53,94.16,5.34,4.77,74.29
2151.1,5,3.5,58.2,9694.6,3,Average,5.92,2.43,0.94,41.39,10.0,82.34,6.36,4.41,49.75
2150.2,3,2.0,15.2,9464.3,1,Good,5.78,0.72,0.37,38.43,10.0,99.41,5.89,3.62,59.03
1363.7,1,1.5,11.0,8414.9,2,Average,4.66,1.61,1.07,53.86,10.0,82.05,5.87,3.22,41.57
2168.6,4,3.5,33.3,11116.4,2,Good,6.97,2.11,4.55,36.45,10.0,93.5,6.19,2.92,62.51
2871.0,4,3.0,0.4,14414.3,2,Good,10.0,4.69,2.12,14.0,10.0,140.05,6.12,4.06,89.02
1491.3,2,2.0,2.5,5532.5,2,Fair,5.61,5.56,4.79,42.34,9.78,81.84,5.7,4.49,44.31
3289.8,4,3.5,33.6,13706.9,2,Average,8.83,4.53,2.04,26.63,9.55,143.96,4.83,3.18,80.45
1935.1,5,3.5,23.7,11968.0,4,Fair,4.91,2.27,2.88,56.82,9.72,72.34,4.95,3.74,58.76
1464.5,2,1.5,9.7,6587.7,1,Average,3.73,3.69,0.36,54.06,10.0,89.07,5.32,3.78,44.22
2833.2,3,2.5,39.5,15169.0,3,Average,8.28,1.32,2.24,28.62,10.0,122.03,4.91,4.07,74.56
1807.4,4,2.5,7.8,6928.6,2,Fair,6.11,14.0,1.31,39.54,5.76,70.78,7.6,2.82,52.16
2606.7,5,3.5,18.1,14890.3,4,Average,8.79,0.79,1.69,26.6,10.0,95.64,5.1,3.73,82.02
1804.2,2,2.0,18.1,6837.3,0,Good,9.15,4.31,4.56,22.61,10.0,127.28,3.94,5.08,71.91
1956.8,2,2.0,3.7,6363.9,1,Good,6.0,0.74,0.93,39.29,10.0,112.66,5.07,3.47,50.02
2375.0,4,3.0,6.0,13928.4,2,Average,8.92,1.26,4.75,8.78,10.0,144.78,4.28,3.74,81.11
2212.4,3,2.5,44.6,7353.2,2,Average,4.92,4.62,2.04,37.86,9.59,83.94,7.35,3.68,58.39
993.8,1,1.0,3.6,4515.2,1,Good,4.89,4.38,2.85,51.48,9.77,70.97,5.31,3.82,34.03
1349.6,3,2.0,3.4,3865.0,2,Average,8.43,0.63,0.66,16.01,10.0,116.1,5.9,2.53,54.14
2766.4,4,3.0,11.8,12832.2,1,Fair,3.71,3.83,0.52,64.93,8.72,70.61,5.77,4.94,61.16
1907.9,4,2.5,1.7,10706.4,1,Good,6.5,0.93,1.02,21.85,10.0,114.94,6.24,3.47,62.03
1663.5,4,3.0,40.5,6678.9,2,Good,8.75,11.75,1.51,28.26,6.47,133.59,5.46,3.81,52.89
1242.0,1,1.0,1.9,5482.6,1,Average,8.87,3.16,2.4,16.54,9.93,140.56,4.76,3.47,66.92
1369.4,3,1.5,17.3,4351.5,3,Average,5.72,0.21,1.51,33.72,10.0,99.81,5.25,4.11,48.14
984.7,1,1.5,7.5,5974.5,1,Good,8.32,0.95,3.25,16.77,10.0,133.79,3.85,3.02,52.71
1928.6,2,2.0,29.4,6967.4,2,Good,4.48,1.03,1.28,53.22,10.0,44.85,5.04,2.42,51.29
1620.6,2,2.0,16.0,6684.8,2,Good,5.3,1.11,1.17,50.2,9.77,73.44,7.17,3.31,49.05
1424.7,3,1.5,8.8,5211.2,1,Good,6.91,2.81,3.92,24.64,10.0,89.05,6.01,3.76,44.48
1951.1,3,2.5,65.0,9290.1,0,Average,7.18,0.94,2.24,24.92,10.0,90.77,5.08,3.14,58.13
2269.7,3,2.5,1.2,12164.5,3,Average,4.61,1.9,0.8,47.42,9.18,78.14,7.41,2.9,59.55
4157.3,6,4.0,15.5,18939.8,2,Average,9.85,0.81,5.04,12.51,10.0,118.04,4.53,3.66,93.5
1177.1,2,2.0,65.0,4949.5,1,Average,3.12,3.72,3.65,68.66,9.62,47.67,5.58,2.7,28.72
2998.2,4,3.5,21.1,14321.2,2,Good,6.6,2.89,2.88,37.31,9.55,99.49,4.87,4.13,77.77
2809.0,5,3.5,24.2,15299.1,3,Good,6.85,3.37,2.67,32.64,10.0,81.35,4.97,3.17,80.69
1521.3,3,2.0,0.6,5770.2,2,Excellent,3.36,11.16,2.77,62.27,5.18,56.78,5.63,3.77,36.34
2145.5,2,1.0,0.4,5960.7,1,Excellent,8.88,1.83,0.97,17.91,10.0,136.1,5.83,2.53,68.05
1702.5,3,2.5,0.7,6658.7,2,Excellent,5.17,0.98,4.11,45.88,10.0,67.27,4.98,4.42,53.34
2132.4,4,3.0,65.0,11183.7,3,Fair,6.68,14.0,1.1,33.98,6.65,112.94,4.28,3.75,48.86
3388.7,5,4.0,65.0,16371.1,3,Good,7.09,,4.21,15.4,10.0,95.25,7.22,3.86,82.73
2470.0,5,4.0,7.3,11745.9,2,Good,3.88,5.52,5.4,62.58,8.89,73.45,5.31,2.43,59.41
2387.5,3,2.0,6.2,9141.0,1,Good,4.57,0.77,3.44,56.6,10.0,62.07,4.06,2.84,62.27
1718.8,3,2.0,2.8,5831.2,1,Good,9.31,3.7,1.84,25.63,10.0,138.45,4.08,3.55,59.1
1188.7,1,1.0,7.2,7353.7,1,Good,6.38,2.25,7.78,30.65,10.0,94.14,7.39,2.59,40.22
1857.6,3,2.0,8.3,6594.4,1,Average,1.65,6.04,1.34,76.32,6.98,50.45,7.91,2.93,39.54
3048.2,6,4.0,24.8,17042.4,3,Excellent,5.96,4.4,2.49,25.53,8.95,85.87,5.57,3.97,83.15
1170.9,1,1.0,36.2,5675.4,1,Average,6.44,0.81,3.13,21.12,10.0,106.85,4.52,2.95,41.6
1381.2,2,1.5,24.7,4770.8,0,Average,6.89,3.7,2.59,29.42,9.76,116.15,5.57,3.68,43.99
2088.5,3,2.0,18.7,9470.5,1,Average,2.9,0.98,1.04,58.17,9.48,60.05,4.86,2.78,46.8
1415.7,2,2.0,26.1,8265.3,0,Average,6.45,0.79,0.91,45.31,10.0,92.43,5.83,3.85,53.29
1514.2,2,2.5,24.1,6771.8,1,Average,5.0,0.48,5.95,56.91,10.0,79.24,5.59,2.56,42.63
1722.9,3,2.0,11.6,8706.0,3,Good,6.9,0.59,1.95,45.11,10.0,86.63,5.16,3.85,52.56
1239.0,3,1.5,7.4,4467.9,0,Excellent,7.41,4.09,1.35,33.26,9.74,113.07,5.11,5.02,42.9
1420.9,3,2.5,6.0,7445.2,1,Good,7.22,14.0,1.67,34.35,6.1,116.75,4.96,3.0,54.69
2556.0,3,2.0,20.5,12999.5,2,Average,9.03,3.8,4.96,8.0,10.0,150.74,6.24,2.9,63.76
1264.5,3,2.0,57.6,8525.8,1,Fair,10.0,4.14,0.58,18.2,10.0,158.32,4.99,4.25,51.49
1142.2,3,1.5,15.7,6202.5,1,Average,4.46,5.08,2.89,62.85,8.71,62.6,7.46,3.45,28.01
1602.8,3,1.5,43.9,7895.0,2,Average,5.81,7.23,4.15,29.55,8.1,94.81,7.56,2.52,41.94
2581.7,4,3.0,0.3,9576.3,2,Average,7.84,1.2,2.62,29.56,10.0,113.27,4.78,3.65,74.87
1865.1,3,2.0,28.5,7949.8,1,Fair,6.27,3.17,1.47,31.04,10.0,114.18,4.8,3.56,55.45
1698.3,3,2.0,34.6,6001.3,0,Good,1.6,0.98,3.1,88.87,9.64,33.46,5.15,2.93,36.37
2029.5,5,3.5,17.9,7165.2,4,Average,6.15,2.59,0.97,29.08,10.0,108.06,4.49,2.9,63.1
1084.6,1,1.0,48.9,4667.8,2,Fair,8.72,0.95,2.83,21.29,10.0,111.48,6.14,4.05,34.76
2375.9,5,3.5,16.0,8685.0,2,Good,3.99,0.41,1.22,56.43,8.74,69.4,6.5,2.66,59.93
2285.2,4,3.0,5.0,12605.5,2,Good,6.9,0.5,1.6,33.78,10.0,91.93,6.61,2.37,68.66
1731.5,3,2.5,4.4,9498.2,1,Good,3.07,12.18,1.49,82.24,4.62,32.76,4.97,2.82,41.03
2841.5,3,2.5,14.6,11316.5,2,Excellent,8.07,0.22,1.52,38.91,10.0,105.1,4.96,4.05,77.74
1346.7,2,2.0,42.7,8287.0,1,Excellent,6.93,3.95,3.68,19.77,9.48,101.15,3.01,3.2,45.26
2965.4,4,3.5,1.4,9132.0,2,Good,5.48,7.19,2.09,44.98,8.66,107.96,4.48,2.98,67.12
2109.2,3,2.5,16.7,8761.6,2,Average,5.75,1.8,1.14,43.17,10.0,75.88,4.17,3.35,65.24
1776.2,2,2.0,26.4,8799.4,2,Good,3.8,4.14,1.03,63.88,9.01,60.24,3.98,3.77,50.19
1984.3,3,2.0,2.2,,2,Average,8.31,1.57,6.1,26.1,10.0,100.44,4.66,4.55,72.19
1924.6,3,2.0,2.2,8139.3,3,Average,5.06,2.61,2.38,38.19,10.0,99.38,4.86,3.66,58.79
3062.8,5,4.5,8.2,9586.6,2,Fair,7.4,8.98,0.91,21.38,7.8,103.66,5.17,4.87,78.63
1370.8,1,1.0,5.8,4481.7,1,Average,4.77,0.34,3.04,46.21,10.0,75.1,6.7,3.95,35.93
1530.1,1,1.0,4.0,6540.1,0,Average,10.0,1.19,3.44,8.82,10.0,135.13,6.48,3.18,61.7
2871.8,5,3.5,4.0,18242.4,3,Good,9.31,0.56,1.55,19.28,10.0,104.73,3.96,4.07,79.63
1622.2,2,1.5,2.5,8129.2,2,Average,10.0,2.39,0.98,8.0,10.0,119.47,5.67,3.88,64.21
2738.6,5,2.5,17.0,12025.6,2,Good,10.0,4.91,1.96,24.45,9.7,126.68,4.32,4.27,80.37
3622.1,6,5.0,21.0,16173.1,2,Good,5.36,12.22,0.92,47.63,5.31,95.24,5.36,3.95,88.0
1736.1,3,2.0,21.8,6721.3,3,Good,4.91,0.74,1.59,58.98,10.0,46.46,6.64,3.49,48.6
2536.3,5,3.5,13.7,13445.2,3,Average,10.0,0.34,3.2,8.0,10.0,147.58,4.67,3.04,80.68
1334.4,2,1.5,55.0,7144.4,2,Average,6.25,0.68,1.99,28.78,10.0,101.63,4.11,3.5,35.38
2602.3,4,2.5,38.2,9246.8,2,Good,8.0,11.29,2.78,34.48,6.65,91.59,5.26,2.29,53.42
2142.6,4,2.5,56.9,10378.6,2,Good,5.38,1.43,4.71,36.78,10.0,82.46,6.65,3.28,56.87
2358.0,4,2.5,8.9,8286.1,3,Good,5.41,1.19,4.63,25.84,10.0,103.54,7.41,2.52,69.2
1594.1,2,2.0,37.8,6082.5,1,Good,7.99,4.45,1.22,30.73,10.0,101.94,4.52,3.74,53.58
1117.2,3,2.0,25.9,6702.7,1,Fair,2.95,0.61,6.42,57.49,10.0,51.25,5.34,4.03,29.98
2383.1,4,3.0,7.5,10586.2,2,Average,7.91,1.57,2.13,17.73,10.0,154.62,5.5,3.64,73.75
970.5,2,1.0,2.0,6006.6,1,Excellent,7.44,0.7,1.91,33.58,10.0,115.17,3.64,3.28,52.14
1788.1,3,2.5,20.7,7789.2,3,Good,5.55,11.92,3.17,35.95,5.25,85.16,3.58,3.19,53.14
2777.8,4,3.5,2.6,11176.3,2,Good,6.54,1.27,2.27,23.38,9.72,93.57,5.56,4.3,71.74
2137.0,3,3.0,6.3,10347.7,2,Average,6.83,1.2,3.29,42.39,10.0,108.72,4.79,4.14,64.51
3951.8,6,5.0,12.5,19096.9,3,Good,6.93,3.42,2.92,30.88,9.88,114.25,3.66,2.6,92.9
2860.6,5,3.5,20.5,12752.1,2,Fair,7.74,0.25,2.01,39.99,10.0,83.86,5.96,3.59,77.27
1589.4,3,1.5,46.9,8371.0,1,Good,5.03,3.59,3.02,55.61,10.0,51.6,5.27,3.64,37.69
2017.4,3,2.0,16.2,12380.2,1,Good,10.0,2.14,3.01,16.12,10.0,126.03,5.21,3.25,66.4
1965.3,3,2.0,20.0,7607.2,1,Average,6.13,0.85,8.14,40.1,9.04,93.34,4.0,2.38,54.02
1148.5,2,1.0,6.7,5257.8,1,Good,6.26,2.33,3.38,38.69,10.0,98.1,3.32,1.86,38.95
1437.8,3,2.5,20.9,8213.1,3,Average,10.0,14.0,0.38,21.14,5.84,116.15,4.54,3.53,48.73
1642.1,2,1.5,10.4,7025.7,1,Good,3.21,6.04,1.76,67.55,7.63,59.02,5.25,2.13,51.78
979.8,2,2.0,35.0,3105.5,1,Average,9.98,11.9,3.68,8.0,7.4,138.78,4.42,3.01,46.03
2031.7,4,3.0,9.0,10371.8,4,Good,6.67,8.53,1.4,39.83,7.39,89.79,3.99,3.91,64.67
1831.4,2,2.0,11.4,11824.5,1,Good,5.55,5.69,2.0,38.91,9.35,81.29,4.79,3.71,56.95
1112.6,2,1.5,10.2,5312.5,1,Fair,4.48,1.5,3.05,49.73,10.0,66.4,5.24,2.95,26.97
2301.9,2,1.5,30.0,11515.3,2,Fair,4.22,4.39,3.83,56.81,8.94,79.98,6.76,4.07,50.64
2567.2,4,3.5,55.3,8031.7,3,Fair,5.88,1.79,7.07,35.31,10.0,92.77,5.37,3.79,67.79
2163.5,4,3.0,7.1,9389.5,2,Good,7.0,2.0,5.31,35.04,10.0,89.51,3.59,3.03,62.97
1783.9,3,2.5,11.6,7855.3,2,Good,7.62,6.81,2.27,28.67,9.17,126.01,2.98,4.54,69.9
2457.8,4,3.0,22.0,8717.5,2,Excellent,6.98,0.93,0.98,31.68,10.0,86.11,2.5,3.77,70.84
2535.3,4,2.5,40.6,12736.6,1,Fair,5.58,1.33,6.03,51.33,10.0,65.21,5.57,2.82,55.55
2225.2,5,3.5,12.3,8501.7,1,Excellent,8.91,8.73,4.24,14.35,8.21,124.05,4.04,1.86,63.76
1497.3,3,2.0,2.1,7496.9,1,Fair,10.0,4.05,2.16,17.16,10.0,136.5,5.75,3.57,58.7
2201.3,4,2.5,8.3,8509.1,3,Good,9.19,0.41,2.11,16.26,10.0,131.71,6.5,3.02,72.85
3036.4,5,3.0,14.4,11116.4,2,Good,5.85,0.61,0.72,44.0,10.0,75.77,5.85,3.42,74.38
1621.6,3,1.5,9.7,5440.4,2,Good,7.4,2.97,1.73,20.19,10.0,122.65,4.95,3.22,53.26
4164.2,6,5.0,3.7,22331.3,3,Average,7.52,5.33,1.09,23.25,8.38,135.48,7.23,1.8,100.59
1662.4,2,1.5,0.7,5482.2,0,Good,9.39,5.24,4.01,15.44,9.39,132.64,4.69,3.18,55.24
2021.0,4,2.5,20.9,5357.6,2,Fair,5.89,1.97,5.17,48.01,10.0,97.17,4.21,2.57,57.38
1579.1,3,2.5,65.0,8246.1,2,Good,4.76,1.16,2.98,49.88,10.0,50.16,5.57,3.02,45.78
2160.6,4,2.5,45.3,13169.2,2,Average,8.54,5.16,2.96,29.16,9.14,117.13,6.05,2.97,58.46
1086.0,1,1.0,20.7,7023.2,1,Good,7.23,9.43,1.65,25.31,7.21,98.42,2.5,3.45,47.4
1650.6,3,2.0,33.2,5186.1,2,Average,4.5,2.08,1.29,54.97,8.87,64.79,6.42,3.62,40.83
1363.4,2,2.0,5.3,5688.4,1,Average,7.77,0.67,5.15,23.15,10.0,105.15,3.41,3.75,56.04
2095.1,4,3.5,17.5,12876.7,3,Good,9.81,3.21,2.16,23.94,10.0,129.99,2.94,1.8,74.17
2830.1,4,3.5,1.1,15521.7,2,Excellent,5.25,0.44,4.36,58.55,10.0,65.02,4.82,4.47,66.45
2505.1,3,3.0,22.1,10855.1,1,Fair,4.9,3.23,5.81,50.99,9.87,74.48,4.03,2.18,57.99
871.2,1,1.0,63.0,3253.3,1,Fair,6.55,0.81,3.23,32.79,10.0,85.79,5.66,3.39,29.72
4083.6,6,5.0,35.5,10901.9,3,Average,7.72,2.52,1.27,12.99,10.0,124.87,5.59,2.78,96.86
2215.8,3,2.5,13.8,8028.1,3,Average,6.37,3.34,0.83,39.22,10.0,102.82,5.54,3.62,62.45
1522.7,3,2.5,28.0,7958.0,1,Average,8.54,2.09,0.84,21.35,10.0,127.88,6.55,2.03,54.68
2111.2,3,2.5,51.9,6740.5,1,Average,6.97,5.82,1.88,37.4,8.44,118.82,4.85,4.56,54.71
2125.3,3,2.5,4.4,12904.9,2,Good,8.32,1.7,2.34,11.58,10.0,109.12,5.6,3.13,83.43
1582.2,2,2.0,28.4,4901.5,1,Average,5.2,0.74,1.49,46.24,10.0,88.61,3.36,3.78,49.14
2141.5,3,2.5,5.7,12276.5,1,Average,4.29,2.2,1.12,54.11,9.82,89.32,6.26,2.8,47.65
1615.5,2,2.0,37.7,6125.6,1,Average,5.89,10.8,5.04,34.66,7.53,80.17,4.65,4.65,33.03
1734.5,3,2.5,1.9,8652.8,2,Good,4.08,6.99,2.8,58.44,8.09,43.47,4.89,2.37,50.25
1571.5,2,1.5,3.5,4073.0,1,Average,7.24,1.39,2.6,25.49,10.0,98.55,4.82,1.8,48.27
1210.2,3,2.0,23.0,7355.3,2,Average,2.87,1.09,1.15,55.04,9.93,71.4,5.09,4.42,44.58
2102.8,4,3.0,3.5,9697.7,3,Good,5.69,2.31,2.17,39.26,10.0,77.04,4.79,2.52,65.33
2452.5,5,3.5,3.1,6839.2,3,Average,5.99,3.61,4.22,38.28,10.0,87.32,2.82,3.35,69.49
2392.8,4,2.5,14.6,12405.7,2,Good,4.62,8.56,7.61,61.23,7.95,67.17,6.56,4.57,50.38
2662.4,5,4.0,32.4,11139.6,2,Fair,5.95,3.24,1.83,37.66,10.0,90.74,4.48,3.1,68.44
2238.4,3,2.0,5.6,11887.5,1,Average,6.51,5.99,2.87,30.67,9.24,85.16,4.79,3.6,60.79
1658.3,3,2.0,33.1,9748.2,2,Fair,8.78,4.01,3.7,27.41,10.0,105.26,4.99,4.01,47.58
2680.8,4,3.0,29.7,14834.5,3,Good,4.63,0.54,3.43,58.89,10.0,72.03,5.78,3.42,61.32
1242.5,2,1.5,15.6,4630.0,1,Excellent,7.14,7.32,2.65,37.86,8.53,103.36,4.66,4.38,55.39
1457.9,3,2.5,18.7,6347.0,3,Average,7.5,0.91,6.84,37.23,10.0,126.88,6.37,3.93,53.33
1425.9,2,1.0,0.7,8699.0,1,Good,6.46,1.66,3.7,37.45,10.0,100.24,7.26,2.73,47.19
2916.2,4,3.5,8.2,10984.7,3,Average,5.6,6.07,1.49,45.74,8.75,73.04,7.0,3.95,65.97
2779.4,5,3.5,5.5,9765.3,4,Good,4.45,12.59,5.67,46.87,4.56,65.93,5.48,3.37,63.05
2369.8,4,3.0,2.9,13231.7,2,Average,9.92,1.39,4.25,19.82,10.0,149.04,4.57,3.38,77.33
2907.9,4,2.5,8.9,10515.0,2,Good,6.63,1.75,4.09,34.71,10.0,95.32,4.54,3.65,67.81
1468.9,1,1.5,7.9,8947.3,0,Good,5.93,2.33,2.96,39.44,10.0,77.91,4.79,4.09,47.4
2257.5,3,2.5,23.5,12631.3,2,Fair,10.0,2.41,1.77,8.0,10.0,141.15,4.26,2.68,59.0
1912.5,4,2.5,16.4,8994.4,3,Good,6.9,4.64,0.85,39.12,10.0,93.29,5.66,4.38,60.86
2687.6,6,4.5,44.0,10005.3,2,Fair,10.0,5.64,1.29,9.07,10.0,146.69,4.95,4.33,83.31
1919.2,2,2.0,2.8,8318.3,0,Good,3.95,14.0,4.13,55.96,5.02,75.51,5.18,2.93,37.17
1746.3,2,1.5,1.1,8287.1,2,Good,6.07,5.42,2.43,38.3,9.63,78.78,4.86,4.72,53.85
2414.7,4,2.5,13.8,11869.2,3,Average,4.03,1.34,4.81,49.84,10.0,96.38,5.7,3.27,59.01
2715.3,5,4.0,0.0,9787.1,4,Good,6.28,1.62,2.73,36.42,10.0,95.5,5.48,3.83,71.89
1581.4,3,2.0,27.9,7408.5,1,Average,6.27,3.28,1.99,53.31,9.99,59.83,4.81,3.05,43.45
1955.9,2,1.5,12.7,9360.3,1,Average,5.68,3.91,3.7,26.93,9.41,95.6,5.04,4.01,46.32
1379.6,3,2.0,12.1,6532.0,3,Good,6.6,0.5,5.85,42.95,10.0,64.49,5.04,3.07,44.5
833.5,1,1.0,8.1,4110.1,1,Good,5.76,1.55,2.2,48.27,10.0,105.84,5.94,3.52,39.23
2143.4,3,2.0,8.5,9714.2,2,Good,6.3,0.92,3.11,22.43,10.0,98.26,4.34,1.8,65.22
2472.8,3,2.0,10.2,9149.8,2,Average,5.14,2.47,3.31,45.72,10.0,82.06,4.69,3.05,58.66
2190.1,5,3.0,0.3,9989.8,2,Excellent,9.1,0.79,3.33,24.04,10.0,128.43,3.11,2.98,84.39
1009.9,2,2.0,1.6,6869.2,2,Excellent,4.5,,1.53,43.99,10.0,83.82,4.02,1.98,49.78
1767.3,3,2.5,12.7,7815.3,1,Average,6.88,2.22,2.12,35.93,10.0,96.23,4.94,3.98,64.61
919.3,1,1.0,2.9,4117.6,0,Good,4.35,1.86,6.09,44.71,10.0,73.73,4.72,3.11,34.15
3227.3,5,4.0,27.2,11446.9,2,Average,5.0,3.55,1.78,47.33,8.68,82.93,3.04,2.04,68.16
1366.3,2,1.0,5.8,5601.5,0,Good,5.19,1.92,1.54,60.87,9.6,43.15,5.78,3.85,41.09
3100.7,5,3.5,1.9,16664.6,3,Good,6.26,1.83,3.76,50.24,10.0,104.15,4.23,4.22,92.33
2782.4,5,3.5,4.8,16318.2,1,Good,6.82,3.57,2.92,34.24,10.0,112.87,3.42,3.3,73.72
1458.0,3,2.0,8.0,7125.6,2,Good,4.51,0.39,2.8,39.98,10.0,81.98,5.6,2.27,53.03
1344.2,2,2.0,0.6,8522.1,2,Good,5.76,2.01,0.4,38.39,10.0,95.34,6.12,1.99,46.07
2258.9,3,2.0,2.7,11837.6,2,Excellent,4.72,0.9,0.35,32.21,10.0,100.39,2.52,2.48,67.42
1487.0,2,1.5,7.0,7781.2,2,Good,4.64,0.33,2.77,47.72,10.0,76.51,5.95,2.78,45.12
2071.2,2,1.5,6.7,9025.5,2,Good,8.54,0.31,2.84,28.14,10.0,121.89,4.96,4.68,61.75
1687.5,4,3.0,29.0,8614.2,2,Average,3.99,0.79,1.55,45.06,10.0,60.62,4.92,3.25,52.57
1071.3,2,1.0,33.4,4364.9,3,Average,6.63,2.02,3.09,36.41,10.0,73.31,3.97,2.45,46.33
915.4,1,1.0,3.9,2555.0,1,Good,9.56,2.88,3.42,8.0,10.0,140.12,5.03,2.94,52.94
2163.2,3,3.0,2.4,9312.0,2,Good,8.67,5.29,2.62,34.68,8.55,115.91,5.1,4.2,67.92
1641.6,2,1.5,18.1,7973.3,2,Average,7.27,3.19,5.71,36.49,8.39,80.42,7.68,3.82,38.87
1646.5,4,2.5,29.4,9306.8,3,Average,6.47,2.55,1.0,43.02,9.76,97.17,5.77,3.44,53.73
2549.2,3,3.5,59.7,13959.3,3,Average,7.83,0.32,1.32,28.34,10.0,112.36,5.2,3.27,72.25
3013.0,5,4.0,0.1,9343.9,3,Good,7.16,1.33,1.47,37.31,10.0,102.98,6.5,3.4,81.09
1816.4,3,2.0,9.6,7444.9,2,Good,9.06,3.97,0.8,24.88,10.0,129.91,6.17,3.52,69.47
1773.6,3,2.0,23.8,6914.4,1,Average,6.26,1.21,4.11,40.63,10.0,73.94,3.6,3.25,49.53
2380.5,4,2.5,31.7,8256.6,2,Fair,8.3,3.09,1.69,16.3,10.0,133.17,5.93,3.48,61.42
1242.7,1,1.5,1.2,7997.5,0,Average,5.91,3.16,0.52,32.11,9.25,97.89,5.31,3.17,49.5
2160.5,3,2.5,20.5,10293.2,2,Good,9.91,1.36,1.27,22.02,10.0,155.15,4.43,2.76,76.09
2424.0,3,3.0,6.1,11765.8,1,Good,6.21,2.91,0.8,45.58,9.38,87.45,4.06,3.2,74.61
2535.3,4,3.5,1.4,8445.6,2,Good,3.59,0.59,0.79,39.45,10.0,71.07,5.04,3.65,69.81
1014.5,3,2.0,12.1,3807.3,2,Good,6.64,4.35,2.88,35.99,9.73,74.01,5.19,2.85,39.55
1530.8,1,1.0,3.1,6964.1,1,Average,7.88,0.27,4.65,30.17,10.0,102.72,6.46,3.72,37.31
1469.4,2,1.5,24.0,6636.4,1,Average,9.43,0.32,1.08,29.33,10.0,113.06,2.72,4.02,46.85
2069.3,3,2.0,24.3,8974.2,2,Good,4.71,6.74,3.52,40.21,8.26,81.58,3.82,3.66,50.73
2364.4,4,3.0,33.2,8820.3,2,Good,3.36,2.98,4.56,64.94,10.0,46.99,5.42,2.98,59.87
3374.0,6,4.5,8.5,15768.6,1,Excellent,7.39,0.77,0.97,26.63,10.0,102.72,5.05,3.47,97.79
1680.4,3,2.0,0.2,10166.9,1,Average,7.34,3.15,3.99,19.95,9.93,108.15,5.32,3.52,54.64
1678.8,3,2.0,5.4,9731.6,3,Excellent,3.96,1.68,2.77,66.57,10.0,63.65,4.7,3.55,57.61
2988.1,4,3.0,11.4,17198.4,3,Average,5.91,1.21,2.8,34.87,10.0,73.31,5.47,4.52,68.27
2216.8,4,3.0,21.3,11643.1,3,Good,5.99,5.54,3.28,44.76,10.0,115.71,3.45,2.53,70.14
3114.0,6,4.0,8.7,16147.2,4,Good,7.98,2.28,3.84,11.69,10.0,117.21,7.51,3.56,85.39
2210.7,3,1.5,13.8,10504.3,1,Average,5.76,1.31,4.86,34.82,10.0,113.17,5.66,3.1,60.37
1332.8,3,2.0,13.4,5657.2,2,Good,5.72,9.41,4.28,48.12,8.44,75.1,5.7,2.47,44.44
1253.1,2,2.0,3.2,4893.7,2,Average,6.71,0.78,5.99,40.67,10.0,95.67,4.03,2.46,48.44
1160.9,3,2.0,17.6,7027.0,2,Good,4.02,0.69,1.48,58.02,10.0,71.25,4.55,4.06,37.79
2519.3,4,3.0,10.4,8607.5,2,Average,9.92,0.53,0.75,15.25,10.0,159.36,5.76,2.35,73.87
3029.1,5,3.5,29.7,9739.6,2,Good,8.18,0.63,4.37,18.05,10.0,140.97,4.81,3.62,85.72
3817.2,6,4.5,21.1,21100.6,4,Good,5.24,1.13,1.07,57.32,10.0,77.96,5.49,3.5,93.19
2684.1,4,3.0,2.1,7333.7,3,Excellent,4.49,4.04,2.68,55.2,9.69,65.21,4.34,2.76,63.7
3001.9,5,3.5,12.1,17598.2,3,Good,4.63,3.77,3.65,55.95,9.16,76.95,3.73,4.03,76.96
1631.1,3,3.0,21.8,8075.7,2,Good,7.56,4.81,8.5,28.76,9.41,127.51,6.42,2.51,47.46
1333.1,1,1.0,1.6,5185.8,1,Average,4.68,2.94,2.44,53.36,9.18,79.55,4.21,2.99,34.64
2690.6,5,4.0,28.3,12926.3,3,Average,6.05,,1.05,30.73,10.0,97.86,6.2,2.58,67.36
2312.7,2,2.0,4.5,12309.7,1,Average,3.46,2.01,1.91,49.41,10.0,80.24,4.28,3.97,56.78
2074.8,3,1.5,12.6,8954.8,1,Average,7.47,6.85,2.92,22.43,9.19,124.18,5.03,4.29,52.81
2288.3,4,3.0,50.8,11049.3,1,Average,7.54,1.55,2.29,30.3,10.0,125.5,4.77,3.59,67.66
2237.5,4,3.0,15.2,12899.9,3,Average,6.17,7.31,2.6,32.49,8.93,104.64,4.97,5.3,59.77
3131.7,6,4.0,9.9,11688.5,2,Excellent,6.85,1.23,2.15,28.45,10.0,122.69,6.03,3.73,85.7
3144.0,4,2.5,0.1,10352.3,2,Average,7.93,0.75,1.16,26.33,10.0,99.21,7.0,3.87,81.44
2417.5,4,3.0,2.6,10719.7,2,Good,6.8,1.14,0.7,41.02,10.0,134.69,4.99,4.15,82.33
2686.6,3,2.5,15.6,10335.7,4,Average,7.91,2.41,2.76,28.12,10.0,130.76,5.33,2.9,75.1
2392.1,4,3.0,12.3,8096.4,3,Fair,4.4,8.53,2.3,40.24,7.38,73.33,4.9,3.71,53.94
1700.4,3,2.5,8.1,8035.5,0,Excellent,7.18,0.82,6.01,29.98,10.0,123.12,5.3,2.67,53.91
2604.0,5,3.0,46.2,9647.9,3,Good,6.85,2.98,3.31,31.25,10.0,98.89,4.41,2.41,62.53
1226.5,2,1.0,7.3,7572.5,1,Good,8.66,0.99,3.0,16.71,10.0,131.28,4.06,4.22,50.02
2889.6,5,4.0,13.9,9221.3,2,Good,6.55,3.82,3.29,34.33,10.0,108.67,5.56,2.76,74.05
1315.4,3,1.5,15.1,6508.0,1,Average,6.32,2.2,4.63,44.62,10.0,109.8,5.45,3.54,50.31
2208.4,3,2.0,13.5,9260.2,2,Average,5.5,4.43,1.13,37.6,10.0,81.78,6.45,4.62,56.66
1486.5,1,1.0,11.7,9436.0,1,Good,9.18,6.4,2.66,15.53,9.95,142.99,5.25,2.04,51.86
2425.2,4,3.0,7.4,10654.9,2,Excellent,2.26,1.5,2.43,70.95,9.31,44.79,5.15,3.89,61.15
1974.6,2,2.0,43.1,8237.8,1,Average,7.42,9.11,2.19,25.76,7.45,120.56,5.77,3.38,58.52
1143.5,3,1.5,10.8,6309.1,2,Good,6.46,2.22,1.14,30.93,10.0,99.08,6.28,3.35,44.36
2315.2,4,3.0,13.5,7613.8,1,Average,6.17,9.03,2.51,35.26,6.27,70.41,5.03,3.44,58.62
1632.3,3,2.5,19.2,6333.9,1,Good,5.91,1.04,3.3,38.1,10.0,82.62,2.5,3.41,51.85
2720.0,4,2.5,1.3,12366.7,3,Average,6.4,7.48,1.98,40.97,7.36,110.47,4.04,3.79,71.27
1999.1,3,1.5,27.4,10460.3,2,Good,7.36,1.5,1.96,26.84,10.0,105.4,6.38,2.61,62.47
2294.8,4,3.0,12.9,7412.2,2,Average,5.07,4.65,5.0,43.75,8.67,100.28,7.08,3.78,62.83
1429.2,2,1.5,19.3,6811.3,0,Good,6.74,11.23,7.15,26.67,6.48,85.56,6.67,2.55,38.59
1625.8,2,1.5,26.6,8165.7,1,Good,7.13,7.98,1.54,25.98,8.58,116.76,4.72,4.98,57.11
1701.9,3,2.5,37.3,10526.8,2,Fair,4.78,2.19,5.92,50.66,10.0,79.34,4.84,3.32,45.76
2696.9,4,3.5,9.0,10448.4,4,Excellent,7.41,1.55,1.59,15.93,10.0,106.73,6.01,3.53,74.0
3594.2,5,3.0,30.0,13930.8,4,Excellent,7.15,3.23,3.4,41.17,10.0,90.68,5.86,4.73,85.6
1507.5,3,2.0,5.4,7123.9,1,Average,5.06,4.12,0.71,41.54,9.39,86.15,2.5,2.82,60.77
2912.9,5,4.5,19.4,11420.8,2,Average,4.36,2.69,1.99,67.74,9.06,61.03,5.25,3.39,66.36
935.1,2,1.5,2.0,4870.2,0,Excellent,5.04,6.24,4.95,51.24,8.9,74.03,5.14,2.34,36.19
1315.6,3,2.5,0.4,6486.8,1,Good,6.74,0.39,5.71,19.44,10.0,100.58,3.93,2.67,51.85
1428.6,2,2.0,1.8,8391.0,1,Good,6.36,3.13,1.54,39.6,9.53,93.06,4.54,2.33,49.52
1244.7,3,2.0,6.9,6122.4,2,Excellent,9.01,2.58,3.98,12.44,10.0,142.99,5.49,4.0,52.42
1148.0,2,1.5,0.6,7822.6,3,Average,5.84,0.33,6.58,47.41,10.0,55.89,4.96,3.83,31.77
2309.0,3,2.5,17.9,9560.6,1,Average,4.9,0.24,3.91,61.09,10.0,78.85,6.23,3.07,51.2
1854.0,4,3.0,6.9,10538.6,2,Good,7.68,3.18,1.42,33.01,10.0,108.27,7.14,3.02,61.17
2282.0,4,3.0,24.0,7412.2,1,Fair,4.74,0.6,1.2,47.31,10.0,79.34,6.24,4.13,57.58
2544.4,4,3.0,0.8,13286.1,2,Average,5.08,4.88,2.27,36.26,9.35,75.76,5.69,3.4,63.62
2192.9,4,2.5,4.4,9985.0,1,Average,5.1,9.74,1.6,51.6,6.06,97.99,5.04,2.75,55.44
2515.5,4,3.0,9.4,14565.5,3,Good,1.1,0.82,6.12,81.14,9.96,34.1,6.08,4.2,50.64
1950.2,4,2.5,8.7,7780.6,2,Good,7.52,,4.29,37.04,9.2,113.35,4.52,3.29,52.93
1318.9,1,1.0,2.5,6994.3,0,Fair,8.19,3.06,4.35,20.26,10.0,131.7,4.6,3.91,48.74
2893.5,4,3.0,65.0,16243.7,1,Fair,8.15,2.1,0.97,25.5,10.0,119.45,3.85,3.45,75.34
1625.9,3,2.0,6.0,8110.3,1,Average,9.89,3.56,1.92,10.17,10.0,121.01,3.49,4.96,66.95
1440.2,2,1.5,23.0,7958.0,2,Average,9.21,5.39,1.72,16.58,10.0,124.97,6.61,3.24,57.37
1877.6,3,2.0,4.5,6295.9,2,Average,5.9,11.49,2.32,28.38,6.62,91.1,5.5,1.89,55.93
1451.7,1,1.0,37.8,5861.1,1,Good,8.5,3.66,4.03,25.91,10.0,99.66,5.78,3.23,49.86
1726.6,4,3.0,8.8,11417.4,3,Average,6.32,4.6,0.71,41.32,9.21,87.76,5.06,3.6,54.72
2253.9,4,2.5,41.6,10409.5,1,Good,5.73,3.19,2.82,37.63,9.7,89.98,7.28,3.74,58.73
2257.3,3,3.0,7.5,10681.7,0,Good,5.14,2.86,4.07,47.51,9.88,112.28,7.13,4.01,58.18
1459.4,2,2.0,0.2,5802.2,2,Average,6.02,0.41,2.08,45.74,10.0,99.41,5.18,2.96,49.05
1684.6,3,2.5,13.1,5736.9,3,Excellent,7.09,0.74,2.5,42.18,10.0,108.77,5.17,4.57,62.65
2910.3,6,4.0,13.4,11800.6,4,Excellent,9.35,1.73,5.23,8.0,10.0,156.15,4.96,4.12,96.08
2377.3,4,3.0,2.3,9810.8,1,Good,7.81,3.55,2.58,30.16,9.95,123.06,3.97,3.5,75.65
4131.0,6,5.0,4.8,13317.3,3,Good,5.11,0.45,2.05,55.73,10.0,93.99,4.75,2.88,94.86
3020.1,4,3.5,27.5,10477.1,3,Average,4.62,2.72,3.39,47.85,9.84,72.44,4.85,4.85,68.68
2982.5,4,3.5,0.7,13021.5,2,Excellent,7.52,0.24,2.78,41.26,10.0,93.8,2.76,3.95,86.63
1229.4,1,1.0,12.1,6080.5,1,Good,8.12,4.85,4.17,17.17,10.0,122.09,2.69,3.03,55.25
2610.6,4,3.0,13.6,9866.2,2,Average,8.71,3.72,1.37,16.48,10.0,150.67,5.13,4.45,84.21
1961.4,3,3.0,21.0,9872.0,1,Average,6.02,2.55,5.47,23.04,9.81,115.37,6.12,3.57,55.74
1647.7,3,2.0,0.7,9199.2,1,Good,7.35,2.91,2.37,13.28,10.0,118.68,4.35,4.53,60.29
2119.2,4,2.5,15.9,8709.9,3,Average,8.04,8.84,1.7,12.78,6.6,107.85,7.12,2.77,60.53
2781.7,5,3.5,0.1,14226.0,3,Average,4.07,7.79,1.54,68.12,6.13,50.07,4.89,3.25,69.85
2381.0,3,3.0,5.5,13599.6,3,Average,7.0,5.24,1.4,27.12,8.75,93.99,4.27,4.44,70.96
1469.3,2,2.0,12.5,4084.3,2,Average,8.13,1.51,0.2,16.84,10.0,121.52,3.63,2.9,52.94
2591.2,5,3.5,43.6,8292.3,4,Average,7.42,0.56,2.9,32.82,10.0,103.72,5.31,3.21,69.13
1598.5,2,1.0,2.4,8131.1,2,Good,6.35,1.44,2.02,29.2,10.0,112.11,2.99,1.8,56.35
2155.6,3,2.5,3.3,9944.9,2,Fair,10.0,4.66,0.86,21.34,10.0,119.15,4.38,3.71,64.58
1796.9,4,2.5,19.9,7412.8,2,Good,9.97,3.22,0.86,24.52,9.72,137.91,5.25,4.27,62.73
1850.8,2,1.0,8.5,8838.2,4,Good,6.52,4.11,1.42,19.12,8.79,89.21,3.66,2.71,53.1
2612.8,4,2.5,17.6,13613.2,2,Good,6.16,0.56,4.2,40.82,10.0,109.7,4.63,3.74,69.54
1388.4,2,1.5,65.0,3944.5,0,Average,7.76,0.75,2.7,8.78,10.0,121.84,5.23,2.99,50.57
3947.4,6,5.0,65.0,22430.1,3,Average,6.4,3.69,0.46,27.03,8.64,86.93,3.86,2.27,95.37
1056.4,2,1.5,7.9,4606.6,1,Average,8.79,1.69,1.1,20.77,10.0,138.03,5.92,3.16,48.7
1621.0,2,1.5,12.6,9655.1,2,Good,4.22,1.67,2.52,48.2,9.55,50.8,6.24,2.97,55.01
2274.6,5,4.0,42.3,8700.8,3,Good,6.07,1.8,1.58,44.1,10.0,69.76,4.09,3.5,64.23
2451.6,4,2.5,1.7,8941.3,2,Average,7.73,5.29,2.57,28.12,10.0,101.54,4.98,3.17,66.36
1929.1,4,3.0,10.8,7348.3,2,Good,8.31,4.04,1.03,12.18,10.0,92.77,5.06,4.4,56.21
1958.5,4,3.0,8.5,12231.0,2,Average,3.83,0.56,8.5,61.38,10.0,67.52,5.58,2.98,51.89
2307.0,3,2.5,6.3,7632.2,1,Good,4.78,1.55,4.85,51.27,10.0,78.87,4.87,3.3,54.6
1843.0,1,1.0,65.0,9799.7,2,Fair,3.48,3.79,1.44,59.59,9.22,59.37,4.41,3.58,45.29
3253.9,5,3.5,23.8,18001.1,3,Good,4.93,12.15,3.72,41.55,7.04,89.22,4.04,3.36,67.98
2680.5,4,3.0,8.9,12016.4,4,Average,4.2,7.99,6.54,57.49,8.44,63.18,6.12,3.0,65.42
2712.1,5,4.0,31.8,10390.0,2,Average,7.47,1.11,1.65,20.2,10.0,92.74,4.56,3.44,73.89
1424.9,2,2.0,12.1,,1,Average,6.91,0.42,3.55,25.88,10.0,93.33,4.35,3.79,45.12
1943.4,3,2.0,37.1,11243.4,2,Average,6.22,2.93,1.61,42.45,10.0,79.48,6.35,4.07,44.67
1798.7,4,2.5,5.6,8416.8,2,Good,6.55,1.87,4.3,44.64,9.93,91.73,5.36,1.81,59.22
1405.3,1,1.0,4.6,8251.6,2,Average,8.65,0.85,1.92,14.62,10.0,132.82,4.08,3.78,51.4
2266.6,4,3.5,5.1,12421.8,2,Good,4.62,3.57,1.96,56.56,10.0,53.59,4.99,2.89,52.74
1655.4,2,1.5,13.9,10814.9,3,Fair,3.03,0.76,1.89,64.28,9.52,55.04,4.13,4.27,53.07
2513.4,4,3.0,6.2,10444.0,3,Excellent,7.78,1.59,2.68,27.74,10.0,127.86,3.9,4.1,82.96
1373.9,2,2.0,2.9,8582.2,1,Average,5.8,5.26,1.48,33.73,8.11,106.66,4.6,4.09,42.48
3647.0,5,3.5,65.0,13392.7,2,Good,4.67,3.89,4.93,49.58,9.35,69.12,4.97,2.96,65.67
1460.1,3,2.5,41.5,7767.9,3,Average,7.5,3.19,1.41,24.15,9.7,142.2,4.52,2.36,58.5
2157.6,4,3.0,18.1,7551.9,2,Good,2.96,8.75,1.74,76.33,7.27,44.3,5.8,4.35,42.62
2636.4,5,3.0,40.0,8797.0,3,Fair,4.96,0.63,2.71,38.98,10.0,78.8,5.92,4.28,61.69
1636.4,3,2.0,49.3,8609.8,1,Good,2.2,3.96,3.98,59.06,8.2,33.92,4.42,1.9,39.35
2692.9,4,3.0,20.3,12085.4,2,Good,6.97,0.6,3.48,55.46,10.0,111.18,5.01,4.43,69.32
1299.6,2,1.5,13.2,5946.7,1,Good,9.33,0.67,8.5,12.02,10.0,171.54,4.68,3.67,49.66
3321.7,6,4.0,38.5,13633.0,4,Average,5.47,2.46,2.27,44.84,10.0,113.7,4.11,3.5,70.41
2008.1,3,1.5,15.1,10001.0,2,Good,5.08,0.28,3.38,50.25,10.0,95.21,5.37,2.78,58.25
1621.7,2,1.5,2.4,9780.1,1,Average,9.71,2.42,1.6,18.58,10.0,128.19,3.13,4.16,73.22
1799.5,2,1.0,8.2,10037.2,1,Good,7.63,0.23,4.76,34.64,10.0,110.39,4.14,3.06,52.32
2652.1,4,3.0,10.6,10294.4,2,Average,10.0,,1.99,13.54,9.56,155.62,3.92,3.05,73.99
1628.5,1,1.0,49.3,9596.4,1,Fair,6.79,1.4,2.72,41.29,10.0,113.57,4.21,1.8,47.61
1537.2,3,2.0,19.4,6584.9,1,Good,6.91,0.48,1.82,33.84,10.0,105.6,4.01,2.84,42.53
1849.1,2,2.0,37.5,9524.7,0,Good,9.1,5.06,2.65,24.36,9.38,131.64,3.42,2.66,54.48
1323.5,1,1.0,25.5,8194.1,0,Good,6.23,1.78,4.66,51.12,10.0,111.45,4.88,1.84,43.16
3778.9,6,4.5,6.7,14444.9,3,Good,6.94,2.08,3.04,31.73,10.0,123.11,4.79,4.57,91.14
1638.9,2,2.0,22.8,7822.7,1,Good,2.14,1.7,3.46,74.97,10.0,30.0,5.19,3.31,41.77
2673.3,4,2.5,3.9,9793.9,3,Good,9.63,0.48,3.87,8.0,10.0,138.9,5.46,2.33,82.31
2150.2,4,3.0,9.4,8892.4,2,Good,7.2,2.17,6.77,28.11,10.0,115.94,5.65,2.68,64.55
1415.7,1,1.0,29.5,7927.7,2,Average,6.31,3.7,6.21,40.91,10.0,90.08,4.32,2.96,37.55
1994.0,2,2.0,17.0,11789.3,1,Good,8.13,7.68,3.17,18.09,8.55,136.44,5.27,2.95,58.34
2629.1,4,3.0,31.4,10487.7,2,Fair,4.37,4.82,2.03,53.07,9.66,71.25,4.91,4.0,58.13
1870.8,4,2.5,5.3,10882.4,2,Average,5.51,0.46,2.31,43.79,10.0,106.63,5.08,3.2,59.56
3033.9,4,3.5,24.9,18370.9,3,Good,7.5,0.78,4.23,40.96,10.0,106.05,4.7,3.47,86.95
2857.0,5,4.0,4.1,11016.8,3,Fair,6.58,0.35,3.75,27.78,10.0,104.29,4.32,3.2,78.81
2756.2,5,3.5,14.2,11598.6,3,Excellent,7.3,0.61,7.78,32.6,10.0,112.32,4.93,4.27,76.01
1701.3,1,1.0,10.2,9210.3,0,Good,6.95,2.3,3.28,24.7,10.0,128.19,4.68,4.43,57.52
1369.3,3,2.0,14.6,7629.7,2,Good,7.63,0.99,2.53,32.01,10.0,123.18,5.53,3.3,57.47
1612.0,3,1.5,2.6,4687.1,1,Excellent,4.12,3.54,4.3,61.28,9.27,66.0,6.24,2.69,43.27
2140.3,3,2.0,8.1,12456.6,2,Good,8.8,,2.27,32.17,10.0,122.4,4.17,3.32,72.89
2418.8,5,4.0,19.8,12138.4,3,Fair,5.63,6.43,0.24,39.39,9.34,85.87,4.61,1.8,61.96
934.4,2,1.5,14.7,4974.1,1,Good,6.6,3.82,1.81,36.08,8.76,101.2,7.75,3.64,41.31
1992.5,3,1.5,14.3,9788.6,3,Good,5.42,11.32,1.61,51.95,7.53,74.09,3.2,2.38,57.93
2111.9,3,1.5,12.9,7363.9,2,Average,5.98,9.97,1.61,45.06,7.45,92.66,3.43,3.23,58.49
1813.2,2,2.0,51.8,7872.5,3,Fair,6.91,3.98,1.05,10.4,10.0,123.65,6.36,3.75,47.1
3139.9,5,4.0,49.1,18578.3,3,Average,7.82,0.75,1.83,17.98,10.0,133.5,7.3,2.97,75.59
2316.1,4,2.5,8.0,12971.4,3,Average,8.12,1.0,1.93,30.62,10.0,96.5,6.8,3.07,76.86
3160.8,5,4.0,7.8,12587.2,3,Excellent,7.28,1.24,1.09,31.05,10.0,84.58,5.55,3.59,94.99
1852.7,1,1.5,14.6,9422.0,1,Good,5.43,1.98,1.23,51.35,9.49,79.11,4.73,2.98,55.3
2774.2,5,4.5,1.8,14520.1,2,Excellent,7.17,,1.34,42.01,8.33,82.49,4.9,4.09,79.79
3541.4,6,4.5,6.5,13718.4,3,Good,6.93,3.87,0.88,32.87,10.0,87.04,5.64,3.98,88.32
3162.4,5,4.0,4.7,10095.1,2,Good,6.61,0.45,3.67,39.14,10.0,105.89,6.23,3.83,76.03
1363.4,3,1.5,4.6,7695.1,3,Good,7.46,3.22,0.26,40.15,9.78,110.28,5.79,2.93,55.71
1828.4,4,3.5,18.3,9230.7,2,Good,4.2,0.4,2.41,64.18,9.77,49.25,2.98,3.83,54.48
1770.8,1,1.0,8.7,4947.3,1,Fair,2.85,5.81,2.49,55.25,8.94,74.17,3.91,2.84,38.09
2371.4,4,2.5,3.4,8016.6,1,Good,8.64,0.33,1.58,18.72,10.0,118.48,5.51,3.33,67.35
2540.8,3,2.5,39.3,8905.9,2,Good,6.26,1.78,3.9,38.61,10.0,89.77,3.68,1.8,67.81
1489.8,3,2.5,37.3,4636.4,1,Average,7.25,1.94,0.49,20.87,10.0,122.59,3.11,4.27,54.94
2046.2,3,3.0,35.7,9760.2,2,Average,4.94,2.9,1.76,55.44,10.0,87.54,6.16,4.7,55.03
985.4,2,1.5,8.9,4413.7,2,Average,8.77,0.52,0.35,13.42,10.0,125.28,5.48,3.57,41.22
3309.9,5,4.0,1.1,12826.7,2,Good,7.13,8.85,2.35,30.97,7.43,100.07,6.9,2.21,72.96
1670.2,1,1.0,2.0,9006.1,2,Excellent,6.18,1.75,4.42,45.8,10.0,104.01,6.27,3.24,48.76
2037.6,3,2.0,5.8,5926.8,2,Average,7.01,1.81,3.68,28.95,10.0,99.61,4.52,3.45,63.09
1793.0,3,2.5,4.5,8265.5,1,Fair,3.36,1.09,1.1,57.18,10.0,60.5,5.47,3.41,44.5
2984.3,6,4.0,37.3,17257.2,4,,7.17,5.06,4.91,35.32,10.0,91.0,4.33,5.31,76.85
800.0,1,1.5,65.0,4565.7,0,Average,9.18,0.22,2.02,10.25,10.0,146.52,3.43,3.22,45.2
1986.6,4,3.0,30.5,10255.5,3,Average,7.07,0.56,2.21,41.08,10.0,128.01,6.52,2.97,58.63
1925.5,3,2.5,23.6,7556.8,2,Good,6.84,2.24,2.71,25.51,10.0,106.57,4.99,3.52,61.13
1704.8,3,3.0,16.0,5266.8,2,Good,5.93,11.24,8.5,22.51,7.08,86.38,6.68,3.29,40.98
3656.2,5,4.5,26.4,16983.8,3,Good,8.45,0.32,3.11,26.13,10.0,135.26,5.32,2.84,93.32
1464.7,2,1.5,52.9,8189.6,1,Average,8.72,0.4,1.2,15.08,10.0,133.47,5.51,2.08,57.2
2617.9,5,3.5,16.6,8677.6,4,Good,5.72,4.22,3.41,35.91,8.43,84.6,5.83,3.95,74.66
2263.5,3,2.0,3.0,9602.6,2,Excellent,7.15,4.46,1.68,31.97,10.0,123.29,5.0,2.75,65.43
3107.4,4,4.0,3.2,18507.9,3,Fair,6.92,7.47,2.72,36.63,8.65,98.61,4.94,2.65,75.07
1582.1,3,2.0,15.8,5740.3,1,Good,7.22,2.95,1.81,26.31,10.0,90.06,5.47,2.79,57.06
1546.1,4,3.0,7.3,7394.2,2,Good,5.11,1.85,2.36,55.88,9.39,82.83,6.57,2.3,51.56
2932.5,4,3.0,43.4,12271.1,3,Average,8.56,2.12,3.81,25.21,10.0,138.59,5.76,3.89,76.7
2318.9,5,4.0,17.0,13579.4,1,Good,7.52,2.01,2.42,43.64,10.0,112.89,5.22,3.79,77.36
1163.6,3,1.5,20.3,6848.2,2,Good,8.66,11.82,1.94,17.63,5.59,108.22,4.75,3.54,47.62
1654.5,3,1.5,0.1,8986.3,1,Good,4.49,1.73,4.39,52.88,10.0,71.02,5.07,3.93,47.42
2287.5,3,2.5,12.4,9128.9,1,Good,4.6,0.52,3.44,50.0,10.0,94.63,4.25,3.72,66.6
2679.0,4,3.0,10.2,8414.2,1,Good,10.0,1.29,4.3,8.0,10.0,143.83,4.12,3.84,75.84
1575.4,2,2.0,22.0,7429.9,2,Average,8.56,10.51,5.45,23.34,7.94,123.23,4.94,4.77,49.24
800.0,1,1.0,8.7,5223.6,2,Average,5.03,1.99,4.11,50.9,10.0,81.05,5.21,4.14,31.23
2399.8,4,3.0,65.0,12078.4,2,Average,8.06,1.42,4.02,25.9,10.0,132.84,6.0,3.53,59.26
1303.6,3,2.0,20.0,9223.9,2,Good,5.66,1.39,1.75,37.77,10.0,104.31,3.96,2.7,49.95
986.3,1,1.0,19.4,5419.0,1,Average,3.44,0.23,2.51,59.59,10.0,44.97,5.21,2.2,30.47
800.0,1,1.0,45.3,4211.1,1,Average,2.72,3.41,0.54,58.27,9.01,69.43,5.67,2.08,22.64
2656.8,3,3.5,65.0,10973.5,2,Fair,6.46,4.32,1.27,29.16,10.0,106.52,4.12,4.11,68.37
2090.2,4,3.0,4.0,6879.5,0,Excellent,9.31,1.59,1.77,11.25,10.0,154.36,4.69,2.98,70.31
1846.5,3,1.5,29.9,8460.2,2,Good,9.24,6.8,2.18,27.22,7.84,130.27,6.04,3.46,59.54
3249.2,5,3.5,3.2,14851.8,3,Average,8.77,4.55,2.79,32.94,10.0,141.73,5.13,2.69,80.21
2497.5,4,3.0,11.0,15318.9,2,Average,7.99,3.14,1.08,34.13,10.0,123.5,2.98,5.05,86.49
3518.2,5,4.5,1.9,12898.0,1,Excellent,7.07,4.09,2.14,29.56,9.42,90.72,6.05,2.05,84.9
1227.3,2,2.0,17.6,7369.3,2,Average,8.57,4.9,5.54,21.56,9.45,137.88,5.3,3.5,40.53
1974.2,3,2.0,11.4,8322.9,2,Good,2.88,2.6,1.98,45.43,10.0,69.46,3.43,3.13,52.44
1134.7,2,2.5,17.8,3725.1,1,Average,8.28,1.82,3.47,22.08,10.0,111.14,4.23,3.41,48.43
1844.0,3,2.0,20.4,6230.9,2,Good,4.48,0.63,3.62,47.43,10.0,80.6,5.06,3.16,55.6
1831.7,4,3.0,17.4,6614.4,3,Good,4.86,1.86,6.09,59.64,10.0,110.37,5.54,2.73,58.75
2488.2,4,2.5,6.3,11141.4,4,Average,7.75,2.76,2.16,29.13,10.0,107.39,6.33,2.56,73.32
2030.3,3,1.5,32.6,5545.5,2,Good,8.17,9.65,1.03,22.24,7.69,129.14,4.21,4.94,63.01
2485.4,5,3.0,14.4,9965.4,3,Average,5.4,0.74,2.07,45.34,10.0,71.8,4.7,3.18,70.82
2556.0,4,2.0,12.1,13723.3,2,Fair,7.66,4.73,3.3,25.54,10.0,105.14,6.17,3.66,66.98
4248.1,6,5.0,65.0,20310.3,3,Fair,7.51,1.08,1.4,30.94,10.0,122.75,6.35,2.2,90.05
1789.4,3,2.5,6.0,9039.8,2,Average,5.94,10.27,3.61,34.24,8.33,96.91,4.84,1.81,51.23
1437.5,1,1.0,13.5,6271.0,2,Fair,6.78,3.09,3.52,38.37,9.71,100.12,4.61,2.89,39.96
2177.9,4,3.0,20.6,9822.8,3,Good,10.0,2.01,0.89,17.79,10.0,163.83,5.75,4.05,79.84
1509.0,3,2.0,2.4,5948.2,3,Good,5.99,1.56,1.35,42.02,10.0,81.02,2.92,3.42,61.63
3356.6,5,4.0,7.9,17946.1,2,Good,6.06,0.92,1.12,36.83,10.0,92.59,5.19,3.0,91.8
1809.6,3,2.5,29.1,5462.0,1,Good,6.77,4.21,3.52,32.25,9.59,109.74,5.17,3.72,48.25
1639.3,2,1.5,4.9,6396.9,2,Good,6.17,3.43,1.56,49.3,9.35,83.76,4.69,2.99,57.11
1694.3,3,2.0,12.2,7789.3,3,Good,7.92,7.27,1.62,25.2,7.92,123.24,5.72,4.43,55.37
2569.4,4,3.5,17.9,10896.8,2,Average,9.14,3.11,1.19,9.0,9.98,145.21,6.4,4.46,77.25
1890.9,4,3.0,20.0,9737.4,0,Good,6.06,0.8,2.43,45.76,10.0,93.04,4.13,2.97,62.04
1596.3,2,1.5,23.5,6363.0,1,Good,4.96,3.87,2.34,42.89,10.0,72.42,4.4,2.82,38.91
3579.1,5,4.5,36.2,14360.0,3,Excellent,10.0,6.95,3.6,8.0,9.74,135.63,5.93,3.35,97.4
1480.8,2,1.5,9.0,7899.7,1,Good,6.72,14.0,2.98,40.43,4.61,64.73,3.6,3.72,36.11
2023.2,3,2.0,22.1,10617.9,2,Good,3.43,3.9,1.75,50.84,8.9,78.55,4.61,3.19,51.67
2510.7,4,3.0,23.7,9082.7,4,Average,9.85,1.29,2.29,8.0,10.0,142.0,7.59,4.18,79.17
1128.9,2,1.0,6.4,3962.8,2,Good,8.53,2.87,4.93,24.26,10.0,120.59,5.41,3.6,55.3
2364.0,3,2.5,62.0,12099.8,2,Average,9.38,2.52,5.81,8.0,10.0,109.56,4.89,4.22,68.71
1381.2,1,1.0,36.1,8095.9,1,Average,9.08,2.5,4.57,8.0,10.0,144.97,3.3,2.56,47.29
2665.0,5,3.5,6.2,12133.5,2,Good,10.0,0.46,2.12,16.16,10.0,133.87,2.55,2.96,82.48
1426.6,3,2.5,20.2,8227.6,2,Good,4.63,0.89,1.05,52.28,10.0,86.2,6.37,3.8,47.58
2546.5,3,2.5,22.8,11157.0,2,Average,5.07,2.58,1.65,45.34,9.91,83.12,3.92,3.44,62.58
2942.6,6,4.0,10.2,10127.4,3,Good,5.61,5.32,1.82,38.0,8.02,66.95,5.25,3.26,78.53
2701.3,5,4.0,35.9,6961.3,2,Good,5.56,0.84,1.53,37.26,10.0,106.73,6.6,3.01,68.32
2181.9,3,2.0,21.1,9599.1,1,Average,6.72,0.77,1.87,36.85,10.0,117.4,4.65,3.47,58.33
1842.8,3,2.0,19.3,8131.2,2,Average,5.62,4.76,1.46,40.07,9.76,100.31,4.69,4.47,51.4
1633.1,2,2.0,4.5,8633.2,1,Good,4.36,3.95,3.54,41.55,7.43,79.53,5.97,1.89,52.04
3343.8,6,4.5,9.4,16190.2,3,Average,4.93,2.32,1.44,42.63,10.0,64.88,6.69,3.29,79.96
1564.3,2,2.0,10.2,9470.9,2,Average,5.97,0.37,3.31,34.8,10.0,105.83,6.13,3.32,58.11
1390.0,2,1.5,23.8,6237.1,2,Excellent,8.56,2.25,5.09,19.35,10.0,154.31,6.82,2.58,58.72
2522.2,5,3.5,17.3,10389.0,3,Average,5.46,5.96,3.54,44.22,9.09,89.47,2.66,3.28,63.12
1512.2,1,1.0,1.6,5484.0,1,Average,7.96,0.23,2.95,14.48,10.0,118.42,5.66,2.17,49.81
1432.9,1,1.0,6.6,7699.0,1,Average,4.12,0.55,1.88,66.39,10.0,56.97,6.61,2.96,38.61
1205.6,2,2.0,11.5,6611.2,0,Good,1.0,5.5,2.13,72.26,8.36,30.0,5.7,3.2,30.0
1687.5,3,2.0,24.0,5173.8,1,Average,6.26,2.58,0.58,41.68,10.0,91.97,5.04,3.4,55.42
1941.2,3,2.5,24.5,11041.1,2,Excellent,5.4,3.67,2.43,33.98,9.11,107.87,3.85,4.81,58.41
2175.6,3,2.5,12.1,12404.0,1,Average,4.91,4.57,4.21,65.36,9.93,100.31,4.39,2.79,55.61
2787.7,6,3.5,2.2,12986.0,2,Good,4.7,1.34,1.61,60.07,10.0,78.16,6.85,2.41,73.45
2402.9,4,3.5,6.2,9325.5,1,Excellent,5.23,1.33,2.8,38.47,10.0,91.13,5.16,4.14,72.24
1869.1,3,2.5,5.3,6601.7,1,Average,4.72,1.18,1.68,51.96,10.0,62.25,4.51,1.8,53.65
1864.3,2,1.0,27.3,7008.6,1,Good,4.89,0.79,1.86,39.54,10.0,82.74,3.49,2.94,52.99
2388.8,4,3.0,3.6,6827.3,3,Fair,4.05,1.36,1.86,52.3,10.0,64.28,5.71,3.16,55.74
3119.4,5,3.5,11.3,13525.9,2,Excellent,2.67,9.97,1.74,68.08,6.81,56.44,4.31,2.69,66.82
2088.5,4,3.0,20.0,8019.1,1,Good,2.52,0.49,0.95,73.1,9.94,50.17,5.16,3.33,53.28
1695.6,2,1.0,60.2,8281.4,1,Fair,10.0,1.08,1.26,8.0,10.0,135.9,7.1,2.91,51.03
1411.6,2,1.5,65.0,6379.9,2,Average,6.39,1.42,3.11,28.93,10.0,112.39,6.08,2.09,38.19
1204.9,2,1.5,55.0,4764.5,0,Good,9.24,0.73,3.52,19.16,10.0,158.8,6.64,3.86,45.82
2523.0,4,3.0,22.8,11899.4,3,Fair,6.18,0.46,7.18,49.03,10.0,93.7,5.36,3.89,62.27
2446.2,4,3.0,24.7,14749.3,1,Average,6.24,0.77,3.17,29.13,10.0,116.62,5.98,2.66,70.92
2445.7,4,2.5,25.6,,2,Good,7.05,2.6,1.06,41.29,10.0,88.72,6.66,2.99,61.57
1910.2,2,2.5,35.7,8565.7,1,Average,7.65,3.11,1.58,17.27,10.0,111.71,4.29,4.79,52.05
3269.6,6,4.5,54.6,16490.5,3,Average,4.26,0.98,1.78,52.54,10.0,55.8,5.16,3.74,77.47
1686.7,3,2.5,10.6,8413.2,2,Good,5.82,2.44,1.16,32.28,10.0,87.52,4.44,3.4,54.75
2791.5,3,3.0,9.7,15378.9,2,Good,7.05,0.22,2.69,27.12,10.0,116.08,4.53,4.61,73.92
1971.3,2,2.0,11.1,6239.4,1,Good,3.02,3.15,1.1,75.51,9.12,75.39,5.04,2.18,47.71
1615.0,2,1.0,19.4,8783.0,1,Good,8.84,0.2,5.13,18.9,10.0,115.71,4.15,1.88,51.42
2458.7,4,3.0,26.9,10141.9,3,Fair,8.41,3.49,0.92,18.2,10.0,128.16,4.79,3.53,79.54
2306.2,3,3.0,36.8,13345.1,2,Good,2.72,2.31,4.15,57.82,10.0,73.46,5.95,4.03,50.59
2264.1,3,3.0,11.0,9194.3,1,Good,4.92,0.57,2.72,43.5,10.0,96.78,5.09,2.12,62.13
2055.9,4,2.5,8.1,12884.8,2,Average,6.69,0.5,1.23,27.4,10.0,105.55,4.35,2.43,67.2
1971.9,3,1.5,65.0,11507.2,1,Fair,8.02,0.22,3.75,26.33,10.0,108.93,6.06,3.99,57.48
4609.8,6,5.0,4.7,14681.6,2,Good,9.25,2.77,2.41,15.8,10.0,121.7,4.19,2.54,104.92
3024.5,4,3.0,4.5,17191.9,3,Good,5.35,5.46,2.98,42.18,10.0,74.76,3.99,3.21,78.48
2573.4,5,3.5,22.6,7526.5,3,Fair,10.0,6.41,0.8,8.0,7.95,139.56,6.52,3.56,64.05
2077.9,3,2.5,3.6,6890.3,2,Average,6.41,2.9,0.86,39.24,10.0,87.22,6.13,4.12,60.84
2842.7,4,3.5,9.2,12484.8,3,Good,6.1,7.18,1.43,31.81,7.97,104.6,4.83,3.17,73.75
2395.4,4,3.5,6.2,14274.6,2,Good,7.51,6.54,0.73,25.76,8.44,114.57,7.29,3.77,74.49
2016.6,3,2.5,3.3,10289.9,3,Average,7.06,4.03,3.25,27.57,9.3,108.75,4.58,2.47,62.95
1796.8,3,1.5,15.6,9139.3,2,Average,6.96,1.64,1.36,17.7,10.0,79.26,5.95,3.84,54.9
1942.4,3,2.0,8.4,9390.7,2,Average,10.0,5.82,4.95,16.03,9.68,140.39,3.46,2.72,63.97
800.0,1,1.5,11.2,5912.1,1,Excellent,6.95,1.79,1.63,18.46,10.0,98.44,4.08,2.36,38.69
2151.0,3,2.5,3.9,11219.1,2,Good,4.73,1.85,1.27,31.37,8.93,109.71,6.33,4.95,59.14
1684.2,2,2.0,26.3,7194.8,2,Average,4.99,3.83,3.95,56.5,9.61,64.45,6.76,4.77,50.16
3489.2,5,4.0,6.8,12554.2,3,Average,9.15,8.62,1.1,8.0,9.15,127.36,5.03,3.51,90.27
2011.8,3,2.5,7.6,5881.9,1,Average,7.73,2.42,1.01,9.14,10.0,119.27,7.71,4.56,64.43
1318.0,1,1.0,5.2,6286.1,0,Excellent,3.7,0.82,1.55,69.3,9.4,53.92,6.64,3.16,37.31
1963.6,4,2.5,10.3,6452.5,3,Good,3.61,0.69,5.34,49.29,10.0,93.51,4.43,3.3,59.77
1385.6,3,2.0,11.2,4945.7,2,Average,6.55,1.35,0.7,41.83,10.0,127.55,4.78,3.27,49.82
2358.3,3,3.0,13.6,12778.2,1,Average,7.61,2.16,0.43,21.44,10.0,100.49,3.68,2.71,61.61
2212.4,5,3.5,61.7,9299.4,3,Fair,5.28,1.33,1.16,32.83,10.0,77.43,4.71,1.8,56.24
2794.0,4,2.5,42.3,13992.0,1,Average,3.48,4.18,3.61,52.47,8.25,95.03,5.46,3.17,64.66
1515.0,3,2.5,16.9,5663.4,4,Good,4.47,2.7,5.07,39.07,10.0,95.99,5.24,4.38,39.95
2022.1,3,2.0,0.7,7388.9,3,Good,9.46,1.87,1.15,17.13,10.0,128.65,5.23,3.61,74.02
1239.2,3,1.5,17.1,5112.7,2,Average,7.39,0.97,4.48,33.63,10.0,116.08,6.3,4.01,47.14
2554.3,4,2.5,1.7,10756.2,2,Good,8.3,3.18,0.62,31.85,10.0,101.04,5.38,3.69,87.23
2396.1,3,2.5,22.3,12271.0,1,Average,8.6,3.79,0.46,13.65,10.0,154.62,5.95,2.77,80.04
2376.9,3,3.0,8.9,9622.5,1,Average,5.37,5.11,1.73,55.19,9.13,87.81,5.69,3.59,50.33
1999.3,2,2.0,32.7,6869.3,1,Average,5.83,14.0,1.13,32.41,5.2,100.23,5.52,3.15,51.95
2310.4,4,3.0,51.4,12422.1,2,Fair,6.2,1.04,3.12,40.67,10.0,83.18,6.21,2.6,54.49
3503.5,6,4.5,9.7,17915.9,2,Good,7.25,0.25,1.72,30.85,10.0,92.47,6.08,4.09,89.99
1808.4,3,2.5,11.1,9985.7,1,Good,8.46,2.42,3.01,35.89,10.0,128.62,3.96,2.42,59.61
2097.6,3,2.5,16.1,11731.2,2,Average,9.87,8.45,3.31,16.66,8.87,165.28,7.2,2.91,60.75
1366.3,1,1.0,4.0,8061.3,1,Fair,7.97,1.12,4.82,25.78,10.0,109.04,5.33,5.06,53.75
1474.6,2,1.5,47.2,6763.3,2,Fair,7.98,4.71,1.52,27.75,10.0,103.05,4.15,3.93,34.76
2067.8,4,2.5,10.2,11118.6,3,Average,9.97,1.43,0.8,21.22,10.0,143.9,5.13,3.58,68.44
2940.6,4,3.5,3.3,13309.3,2,Average,6.13,1.79,1.52,29.76,10.0,118.43,5.49,1.8,79.24
1826.8,3,2.0,25.9,7021.9,4,Average,8.64,9.64,2.1,8.0,6.62,115.42,5.85,3.31,45.82
1839.8,2,1.5,4.5,7641.7,2,Average,7.54,2.18,0.82,20.52,10.0,108.22,6.26,2.53,56.4
1733.0,3,1.5,2.8,6408.0,1,Good,7.61,4.33,5.3,22.62,8.89,124.2,6.04,3.34,50.08
1657.1,2,2.0,14.9,6015.3,2,Fair,6.11,2.75,1.18,47.96,9.43,108.53,7.22,3.26,47.59
2215.5,4,3.0,20.0,8167.3,2,Good,3.99,4.82,5.32,63.52,9.36,66.91,5.32,2.76,53.65
1183.2,2,1.5,15.2,3903.7,0,Excellent,7.12,1.42,0.68,28.83,10.0,122.24,5.03,4.28,55.31
3128.6,5,3.5,19.2,,2,Excellent,7.13,6.9,3.98,33.81,8.45,114.38,3.59,4.12,71.06
1583.0,2,1.5,2.2,9572.3,2,Average,5.46,2.75,1.86,37.88,9.15,88.07,6.27,2.56,51.05
2572.6,4,3.0,11.6,12792.6,3,Good,6.33,1.38,2.1,52.24,10.0,110.38,5.87,4.58,68.05
1281.1,1,1.0,7.9,7642.6,0,Good,4.91,0.32,3.56,56.18,10.0,92.2,4.58,2.54,49.42
2525.2,3,2.5,65.0,8926.5,2,Average,4.93,0.24,2.46,49.83,10.0,67.01,5.47,4.65,54.67
2528.0,4,2.5,0.9,14128.7,2,Good,5.63,1.6,2.01,39.21,9.48,110.56,5.19,3.24,67.31
2285.8,4,2.5,6.4,10704.2,3,Good,4.11,0.98,2.57,58.89,10.0,77.09,5.39,3.1,59.12
1410.9,2,2.0,51.2,4681.3,2,Good,5.45,0.37,3.44,40.92,10.0,106.93,4.9,4.52,48.21
2180.6,3,2.5,65.0,7058.1,2,Fair,7.78,2.78,3.77,11.33,10.0,115.25,5.32,3.28,59.68
1320.7,3,2.0,31.4,6299.7,3,Good,9.12,14.0,2.81,27.71,5.94,133.36,3.53,4.22,49.67
1829.0,3,3.0,1.4,5440.2,1,Excellent,10.0,1.96,6.7,17.88,10.0,145.58,4.75,2.42,62.82
2864.9,5,3.0,14.8,11443.2,4,Good,5.78,2.77,2.29,43.25,9.91,99.12,5.54,3.42,68.8
2640.8,3,2.5,9.2,8851.0,1,Excellent,8.66,0.99,3.6,13.43,10.0,145.99,4.42,3.76,81.57
2008.8,1,1.0,29.6,7841.3,1,Fair,7.11,0.93,1.95,30.44,10.0,113.24,5.63,4.3,54.13
1420.6,2,2.0,1.0,4809.2,1,Good,6.07,1.47,3.08,17.86,10.0,94.44,7.47,3.93,52.1
2504.8,3,3.0,4.0,14753.0,2,Good,7.22,5.97,6.6,19.69,9.4,122.21,3.93,3.43,78.89
2011.8,3,2.0,12.1,7309.7,4,Good,8.48,10.55,1.92,34.11,6.77,128.59,3.18,3.76,59.17
887.0,1,1.0,3.1,3506.9,1,Average,5.6,4.51,2.15,41.7,9.76,130.81,6.53,2.85,46.15
2627.8,5,3.5,21.2,13083.9,3,Average,5.56,,0.8,26.76,10.0,93.04,7.5,3.85,71.27
1981.3,3,2.5,30.9,11599.7,2,Good,5.76,2.05,1.72,32.62,10.0,108.59,5.61,3.76,56.47
3043.8,5,3.5,21.9,,3,Average,5.37,1.95,4.22,27.4,9.36,99.12,5.21,2.82,72.48
1361.9,3,2.0,10.4,7862.4,1,Good,8.66,8.96,1.03,16.57,9.61,95.87,4.49,3.49,48.1
800.0,2,1.0,37.9,3647.6,2,Average,5.13,4.58,5.48,46.07,9.46,73.62,5.79,3.98,23.45
2203.2,3,3.0,2.7,8625.0,2,Good,5.44,4.21,0.8,57.3,9.37,81.43,5.18,5.23,61.78
2212.9,4,2.5,5.4,8540.6,2,Good,7.06,2.86,2.01,40.28,10.0,85.2,6.13,4.29,68.68
1105.7,1,1.0,12.1,4921.6,3,Average,6.91,3.52,0.97,30.83,9.41,98.98,3.32,3.57,41.61
1418.7,3,2.0,1.1,5008.1,2,Average,5.76,4.04,5.07,41.6,9.39,72.07,5.56,3.61,55.75
5200.0,6,5.0,1.8,24751.1,3,Good,9.53,2.77,3.38,8.22,10.0,119.07,4.28,3.29,115.0
1795.5,3,2.5,9.1,6232.5,1,Average,5.36,6.16,3.63,52.65,8.03,90.08,6.24,3.48,44.48
2580.8,4,3.0,51.8,13347.2,2,Good,6.19,0.32,5.68,44.52,10.0,123.08,3.94,3.98,61.27
1591.2,4,2.5,43.0,5704.8,1,Average,3.03,9.28,3.33,53.6,7.26,40.8,5.89,3.96,32.37
961.4,1,1.0,11.3,4341.1,2,Good,5.95,4.95,3.83,28.17,9.1,76.42,4.56,3.34,45.97
1882.6,3,2.5,2.8,7925.1,2,Average,4.12,2.61,4.65,52.13,10.0,64.91,4.72,2.58,58.76
1820.8,4,3.0,3.5,9604.7,2,Good,4.85,6.5,3.53,46.91,9.76,78.72,6.13,3.24,57.38
1737.2,3,2.0,8.5,7041.3,3,Fair,2.98,5.83,2.58,67.08,7.53,37.67,4.32,2.77,40.84
1919.6,3,2.5,4.2,10850.1,1,Excellent,4.89,1.94,7.3,35.68,9.21,71.49,3.55,2.49,50.6
2191.8,3,2.0,1.6,10465.9,1,Excellent,6.36,6.06,3.76,32.36,9.45,87.12,5.28,3.86,51.11
1895.9,3,2.5,20.2,6549.3,2,Average,6.06,0.87,5.76,37.87,10.0,99.15,4.47,3.66,54.57
1283.8,3,2.0,15.7,8128.7,2,Average,5.75,2.23,2.73,34.44,10.0,97.12,3.69,2.71,45.44
2368.9,4,3.5,6.2,10465.2,3,Good,5.92,1.05,1.68,47.28,10.0,90.89,5.59,3.16,65.93
1010.0,2,1.5,27.2,4727.1,0,Fair,5.59,0.63,4.37,58.2,10.0,84.01,5.52,3.63,34.01
974.9,1,1.0,26.9,4959.9,1,Average,6.44,7.4,1.68,33.09,8.37,89.1,5.33,3.59,28.05
2588.2,3,2.5,12.2,11484.7,0,Average,6.3,1.66,6.39,44.26,9.34,98.19,5.76,3.73,68.62
2386.2,4,3.0,1.8,7103.1,1,Good,6.99,3.89,0.33,30.76,10.0,91.78,3.01,2.83,79.05
1958.5,3,2.5,45.1,7994.4,2,Average,6.14,1.7,2.55,28.43,10.0,117.25,4.36,3.67,58.8
1226.1,4,2.0,19.9,5127.1,3,Average,5.72,2.71,1.47,38.47,9.61,69.8,5.51,3.36,43.07
1559.7,2,1.5,5.1,9766.0,1,Excellent,7.9,1.57,2.88,32.36,10.0,106.67,6.34,3.98,55.02
1822.6,4,3.0,17.0,7774.5,2,Good,7.59,,3.26,20.91,9.58,124.38,5.46,4.21,59.88
1143.0,1,1.0,9.3,7187.5,1,Fair,6.44,5.14,2.62,33.27,7.68,93.5,6.49,5.67,39.45
1542.8,3,2.0,18.2,6126.2,3,Average,8.65,2.0,2.98,9.14,10.0,133.9,4.46,4.38,63.04
2510.7,5,3.5,11.6,11461.3,4,Good,6.65,6.48,0.9,36.79,7.8,125.5,4.52,3.49,75.38
3293.0,4,3.0,12.0,16069.1,2,Good,6.21,1.6,1.18,40.19,9.95,108.08,4.79,3.37,88.25
1725.4,3,2.0,24.0,9304.1,2,Fair,6.38,4.8,1.39,50.33,10.0,81.5,5.11,2.7,50.54
2603.9,4,3.0,17.1,10565.6,1,Good,6.8,3.56,1.94,40.19,9.99,87.01,3.25,2.72,74.53
1022.6,1,1.0,1.5,4635.3,1,Good,4.85,2.15,0.86,51.86,10.0,78.14,5.18,3.6,40.26
2517.0,4,2.5,1.2,10398.8,4,Fair,3.13,7.23,4.6,65.22,7.67,67.17,5.16,3.63,49.57
1508.1,3,2.0,6.5,7148.2,3,Average,7.01,2.92,2.98,27.82,9.36,122.46,4.53,5.41,61.6
2225.1,3,3.0,10.1,7897.7,2,Good,8.0,6.07,3.91,26.55,8.88,106.02,4.35,2.85,75.45
1832.2,3,2.5,5.8,10254.1,2,Good,4.7,4.43,5.5,57.65,9.02,72.24,5.5,2.78,52.68
3172.1,5,3.0,19.0,14388.0,2,Fair,8.43,2.63,2.69,14.95,10.0,118.45,5.85,3.59,76.41
1471.4,2,1.5,3.9,5742.8,1,Average,3.54,1.46,2.12,72.26,10.0,61.88,5.36,3.02,42.72
2489.1,3,2.5,21.9,10814.1,2,Average,5.49,9.86,0.79,45.95,7.58,109.12,5.36,3.69,57.21
1812.0,4,3.0,26.7,6228.1,2,Average,9.57,0.39,1.33,28.8,10.0,133.61,5.16,3.04,62.7
1890.5,3,1.5,2.4,,3,Average,7.14,7.4,1.09,21.21,9.69,109.26,5.22,3.19,58.88
1873.7,3,2.5,18.9,9683.2,2,Average,5.96,2.46,1.09,28.92,10.0,106.25,5.95,3.72,52.6
1486.3,2,2.0,58.6,7443.3,2,Average,6.95,4.62,2.07,32.59,9.29,127.25,6.98,2.97,41.38
1988.4,3,2.5,3.9,9981.8,1,Excellent,8.65,1.5,6.57,20.45,10.0,124.02,6.84,3.13,65.55
1954.9,3,3.0,43.2,6328.0,1,Good,3.9,1.75,0.88,49.68,9.33,87.46,4.01,3.8,51.1
2174.2,2,2.0,16.8,12239.5,1,Excellent,8.87,0.88,1.34,8.0,10.0,152.62,2.88,3.43,76.82
2058.2,2,2.0,16.1,7745.5,2,Average,5.62,10.08,0.51,40.46,6.76,88.06,5.78,2.92,51.46
2642.0,4,3.5,1.0,10151.0,1,Average,7.78,0.34,2.71,28.75,10.0,106.52,5.22,3.04,76.29
2760.7,5,4.0,24.8,13631.2,3,Good,5.39,1.77,1.37,29.97,10.0,117.65,5.13,4.18,75.13
1383.4,2,1.5,11.7,7996.9,2,Good,9.53,1.5,2.51,8.0,10.0,150.3,5.62,3.63,55.17
2708.3,4,3.5,23.0,10257.2,3,Good,6.44,5.57,4.73,39.19,7.81,99.28,4.93,3.13,63.06
1319.2,2,1.5,29.8,7204.1,1,Average,4.11,2.43,1.46,59.07,10.0,81.34,3.42,4.05,44.65
2454.7,4,3.0,13.4,12205.6,2,Good,7.35,0.79,5.74,28.78,10.0,94.85,3.94,3.73,68.19
2482.2,4,3.0,5.5,13017.2,3,Good,8.84,2.48,2.84,9.7,10.0,142.22,4.01,4.42,77.02
1023.6,3,1.5,2.7,4486.7,2,Average,8.64,1.06,4.45,23.46,10.0,99.15,5.93,4.06,53.81
2064.3,4,3.0,3.1,10287.2,2,Average,6.67,0.26,3.8,31.0,10.0,116.67,7.27,4.27,61.07
1696.0,3,2.5,36.3,9518.9,1,Good,7.96,2.72,5.11,14.14,9.18,106.46,4.68,3.14,45.02
1532.2,3,2.0,2.4,7479.1,2,Good,5.74,1.63,0.8,40.66,10.0,67.87,8.06,2.73,52.13
3206.1,4,3.5,8.7,16886.9,2,Average,7.56,1.07,1.17,26.31,10.0,83.97,3.11,3.98,81.19
1589.6,2,2.0,7.3,9755.5,2,Good,7.15,0.8,3.33,31.76,10.0,100.59,4.64,3.99,53.57
1506.8,2,1.5,36.1,6999.2,2,Good,1.29,2.13,2.97,68.17,9.46,49.77,5.4,3.32,35.15
2051.8,4,3.0,11.7,6588.8,1,Good,4.7,6.72,3.53,47.33,7.84,59.58,2.5,2.62,44.68
2540.1,4,3.5,65.0,11792.2,1,Good,6.87,4.74,3.15,33.51,10.0,86.75,6.87,3.63,54.13
1901.5,2,2.0,24.0,6261.9,2,Excellent,6.8,0.21,4.86,39.42,10.0,96.25,4.44,3.69,55.78
3005.6,4,3.5,34.3,10673.4,2,Average,6.45,4.4,1.4,35.51,9.93,110.45,5.24,2.38,73.6
2406.3,4,2.5,1.9,11321.4,1,Excellent,6.66,0.44,2.98,54.26,10.0,114.66,5.69,3.68,69.58
932.3,2,1.5,5.3,3938.4,2,Good,8.67,2.74,1.43,8.9,10.0,126.71,3.45,4.26,51.05
1660.2,3,2.5,2.6,8677.8,2,Average,7.14,5.05,3.34,36.54,9.98,120.85,7.88,2.41,53.3
1641.5,2,2.0,11.2,8857.7,3,Average,2.3,2.13,2.54,65.78,9.28,61.09,5.35,3.8,47.21
2363.2,4,3.0,22.8,9415.0,2,Good,10.0,1.71,3.02,8.0,10.0,134.16,4.83,4.38,75.18
800.0,1,1.0,3.3,5299.8,2,Good,3.07,9.17,1.18,57.19,5.89,73.02,3.98,4.43,31.35
4876.4,6,4.5,2.5,14397.9,2,Average,8.22,0.3,2.53,12.71,10.0,101.61,5.43,1.99,105.47
2406.3,4,3.0,17.2,13825.4,3,Average,3.68,0.56,1.26,56.92,10.0,74.18,3.47,4.22,61.32
2105.1,3,2.0,4.7,11204.8,2,Average,9.06,6.74,0.8,15.83,9.25,112.89,5.35,3.16,66.19
3021.6,4,3.5,11.7,10086.3,3,Average,6.0,7.16,3.75,33.8,8.46,95.99,6.74,3.08,75.78
4538.2,6,5.0,0.9,16157.6,4,Fair,7.19,1.69,0.56,19.96,10.0,124.76,6.48,5.28,106.2
2710.2,4,3.0,20.5,9117.5,2,Fair,2.92,2.69,4.3,70.6,9.45,61.62,4.59,3.56,51.44
2785.2,4,3.0,14.0,15033.8,1,Average,7.81,0.77,0.76,24.52,10.0,114.68,4.89,3.11,74.55
2091.7,4,2.5,18.8,10276.3,2,Good,7.25,7.1,3.44,31.35,7.61,111.53,5.8,4.0,65.95
1901.6,5,3.5,5.8,6943.2,1,Good,7.61,2.23,0.9,27.61,10.0,121.81,6.5,4.66,66.26
1691.7,3,2.0,5.9,7982.9,1,Average,8.21,2.86,0.24,20.05,10.0,149.28,6.89,3.53,52.54
1496.5,3,2.0,29.1,6445.7,2,Fair,6.82,0.6,2.57,29.59,10.0,112.58,6.99,3.0,48.65
1571.1,3,2.0,22.8,6386.3,2,Average,6.12,3.25,1.66,51.59,9.5,88.35,4.17,3.47,45.31
1245.5,1,1.0,15.6,7854.5,1,Good,5.04,4.01,3.38,65.04,9.81,80.04,6.03,4.22,33.52
1945.8,3,2.5,17.8,7197.8,1,Good,5.7,1.32,1.29,54.87,10.0,77.96,3.68,3.17,56.85
1108.1,2,1.5,1.8,7958.9,0,Good,8.67,7.45,4.92,21.52,8.2,107.38,4.69,4.22,43.77
2136.3,4,3.0,34.9,12167.7,2,Average,4.99,0.93,7.55,50.87,10.0,48.35,3.91,3.29,57.02
1972.9,3,3.0,26.4,12452.5,2,Good,3.18,7.49,4.41,70.39,7.14,55.14,3.93,2.01,47.47
2103.6,4,3.0,16.1,7997.4,2,Average,4.72,4.09,3.74,45.5,8.31,59.65,5.47,4.54,59.86
1664.5,2,2.0,45.1,5380.9,1,Average,7.59,5.89,3.22,40.98,8.94,113.65,4.44,3.65,48.65
5200.0,6,5.0,3.3,14514.9,4,Good,5.95,4.04,3.15,47.05,9.48,86.35,5.52,4.19,106.85
3216.5,4,3.5,20.9,16628.2,3,Excellent,7.59,1.99,3.51,27.07,10.0,97.07,3.87,3.63,83.51
1292.6,2,1.5,59.3,6059.6,0,Average,2.9,1.49,2.41,68.68,9.8,30.0,5.73,3.43,27.44
2167.9,4,3.0,6.7,7171.9,2,Average,1.13,4.44,1.69,82.03,8.55,33.12,4.73,3.95,50.13
1615.2,3,2.5,0.3,8309.2,3,Average,6.98,1.33,2.17,31.65,10.0,80.68,4.88,3.28,50.0
1401.0,2,1.5,23.9,6300.8,1,Average,8.31,0.4,2.3,29.11,10.0,130.43,3.77,4.76,53.43
1250.1,3,2.5,0.1,4583.0,2,Average,3.42,1.11,4.81,68.83,10.0,67.9,6.32,3.38,35.07
2324.5,3,2.5,37.1,9533.5,3,Average,7.45,4.7,2.21,26.83,9.7,107.46,5.35,4.76,73.17
1574.2,2,1.5,1.0,4468.0,2,Good,8.64,5.24,1.01,13.25,9.96,144.7,5.79,3.85,62.01
2803.8,6,4.0,19.0,10176.6,4,Good,6.49,1.24,7.36,34.93,10.0,99.8,3.8,1.8,78.21
2829.4,5,3.5,8.5,10828.2,2,Good,8.12,1.47,5.49,13.53,10.0,123.81,5.94,2.66,78.88
3232.0,5,4.0,4.1,17510.2,3,Good,6.84,2.75,2.07,18.64,10.0,113.32,5.25,4.04,80.33
1482.8,2,2.0,41.1,7432.3,2,Fair,6.03,1.17,1.16,36.72,10.0,87.07,4.65,2.71,44.09
2359.9,4,3.0,24.7,10158.9,2,Fair,7.98,3.18,2.74,17.71,10.0,109.59,6.71,2.38,64.7
2493.3,4,3.0,7.5,12345.7,2,Average,9.94,1.26,2.02,23.73,10.0,139.93,5.65,4.36,74.0
1692.6,2,2.0,6.0,7244.6,2,Good,5.5,0.61,2.07,41.95,10.0,69.35,5.7,2.21,51.95
1525.2,2,1.5,24.0,5443.5,3,Good,6.34,0.74,3.82,37.57,10.0,122.93,3.04,3.98,55.92
3509.9,5,3.5,32.6,,4,Average,4.72,1.12,3.74,43.95,10.0,81.49,6.39,3.13,77.72
2163.8,4,3.5,22.6,10701.9,2,Excellent,6.78,0.79,2.52,48.21,10.0,100.15,5.69,3.93,68.07
2496.4,3,2.5,18.4,11962.0,2,Excellent,6.22,11.92,1.74,32.81,5.62,125.71,6.56,3.6,66.71
1498.6,3,2.0,4.7,7713.5,1,Excellent,8.59,3.64,0.51,11.83,9.61,108.31,4.55,1.85,67.17
1304.1,3,1.5,34.5,7147.5,2,Good,9.06,0.83,2.78,19.14,10.0,150.64,4.42,3.16,51.24
1637.1,2,2.0,24.9,6450.5,1,Good,7.92,1.96,2.43,25.69,10.0,127.45,6.98,3.22,63.15
1913.3,3,1.5,13.1,11512.6,1,Good,8.38,1.2,4.16,29.2,10.0,137.06,6.25,3.71,71.3
1376.8,2,1.5,12.9,4802.9,2,Fair,5.23,3.89,0.64,44.41,9.67,82.7,3.63,3.64,40.02
1991.3,3,2.5,15.2,11573.7,2,Average,4.78,6.66,4.31,49.53,7.81,80.77,5.22,3.22,53.77
1106.6,1,1.0,31.7,4787.8,0,Average,7.29,1.84,1.32,18.29,10.0,103.99,6.32,2.55,48.28
1350.2,2,1.5,24.4,5144.8,2,Good,6.54,1.99,6.6,40.47,10.0,114.11,5.4,3.76,52.39
2527.1,5,3.5,34.9,11716.6,2,Average,10.0,1.83,1.23,9.04,10.0,145.48,4.6,4.05,68.94
2468.4,5,3.0,12.7,10230.8,2,Good,3.04,2.11,2.02,61.89,10.0,52.15,4.46,3.65,60.78
1742.1,3,2.0,17.6,,1,Fair,7.62,0.32,2.38,26.3,10.0,105.4,5.27,3.24,51.64
1399.4,3,2.0,34.7,6876.6,1,Good,7.59,3.07,2.43,25.27,10.0,112.03,6.32,3.12,53.8
1394.7,1,1.0,4.8,6710.8,0,Good,5.13,9.92,6.19,53.48,7.08,79.33,4.11,2.71,42.38
1753.5,3,2.0,10.6,5766.3,1,Average,4.76,5.12,5.52,39.1,10.0,99.91,2.85,3.59,43.37
2503.8,5,3.0,17.4,8151.6,1,Good,5.89,6.52,0.95,44.95,8.48,104.04,4.75,3.54,61.95
2765.2,4,3.5,44.4,11880.5,2,Fair,3.55,1.03,0.77,43.93,10.0,77.06,5.7,4.03,53.3
1679.4,3,2.5,0.3,8147.7,2,Good,9.12,3.19,0.56,8.0,10.0,133.19,5.94,2.93,65.11
1334.5,4,3.0,4.3,7030.6,4,Good,10.0,7.35,3.44,21.87,9.32,128.43,4.08,3.49,60.26
2194.6,4,3.5,4.8,9555.7,3,Average,5.89,0.43,3.21,31.03,10.0,102.43,5.5,2.41,66.76
1497.8,3,2.0,7.1,9230.2,1,Fair,5.35,6.91,1.37,48.82,8.08,57.14,4.5,3.15,51.63
1666.7,3,2.0,6.0,7906.4,1,Average,4.14,0.41,2.32,51.18,10.0,75.05,6.01,2.98,48.89
3177.5,6,3.5,16.1,17210.4,3,Good,4.53,13.25,2.15,54.8,4.67,65.69,5.05,4.19,69.68
2669.1,4,4.0,39.0,8335.3,3,Average,5.44,0.48,2.66,45.68,10.0,75.1,6.12,4.68,68.25
2111.8,4,3.0,18.2,6979.9,2,Good,8.68,1.67,1.66,28.36,10.0,118.28,5.27,2.52,65.39
1280.3,3,2.5,5.0,5781.4,2,Average,10.0,0.38,1.47,8.0,10.0,138.82,5.75,4.08,58.37
2151.6,4,2.5,35.9,7666.1,4,Fair,5.2,0.39,1.61,51.0,10.0,84.46,4.71,3.91,56.4
2898.4,6,4.5,18.0,11707.1,3,Good,4.88,6.64,6.56,46.3,9.15,92.14,4.42,2.99,65.47
1752.0,2,2.5,4.4,8103.2,0,Good,4.4,0.41,3.86,39.7,10.0,73.14,4.89,2.84,49.78
3206.4,5,4.0,8.1,14409.6,3,Good,7.31,5.23,0.64,25.51,9.77,107.66,5.88,2.83,80.77
3141.5,5,3.5,28.1,14804.7,3,Average,7.12,7.8,1.56,20.55,8.57,87.34,7.98,3.12,77.58
3577.1,5,4.0,24.2,20377.5,1,Fair,6.68,8.95,5.11,23.09,8.05,84.12,6.59,3.13,70.9
2223.5,4,2.0,15.5,12241.8,2,Fair,5.7,6.59,2.77,37.82,7.69,94.57,6.87,3.29,49.61
2454.3,3,2.5,2.8,8365.3,1,Average,8.95,10.14,4.33,25.62,6.95,136.71,5.08,3.02,61.59
3277.9,6,4.5,29.3,12580.5,3,Average,7.88,0.37,2.89,28.24,10.0,111.92,4.61,4.0,80.66
2336.9,4,3.0,6.6,8251.3,4,Good,7.8,14.0,2.14,34.72,6.07,127.73,2.78,3.78,76.03
1676.7,2,1.5,26.6,6729.1,1,Average,7.17,0.27,5.61,33.65,10.0,87.7,4.54,3.27,53.72
1707.9,2,2.0,18.8,6505.8,2,Fair,6.16,0.78,1.91,50.04,10.0,101.41,3.68,3.0,51.88
2172.2,3,2.5,5.5,9990.9,1,Fair,5.21,0.47,3.42,58.49,10.0,73.02,6.05,2.98,51.71
1271.9,3,1.5,4.3,3812.7,1,Good,7.44,4.56,3.01,22.6,8.88,97.48,4.98,3.73,49.22
1900.5,3,2.5,2.5,9171.5,3,Good,7.26,0.49,0.49,31.81,10.0,97.8,3.75,3.44,73.79
2933.0,4,4.0,5.0,15148.9,2,Average,7.52,1.31,2.26,22.35,10.0,110.36,5.8,3.55,78.03
928.0,1,1.0,3.1,2486.5,1,Average,3.68,3.45,1.92,55.18,9.25,73.51,5.55,4.04,26.96
3418.9,6,4.5,17.3,12609.7,4,Average,7.11,2.41,1.27,43.76,10.0,111.85,3.95,3.36,90.56
2959.7,4,4.0,16.4,17970.1,2,Good,5.94,0.67,0.2,35.3,10.0,89.29,6.86,4.43,77.12
1701.2,3,2.5,15.9,6956.9,2,Good,4.92,2.56,2.87,37.17,10.0,90.41,4.37,1.9,51.63
2416.8,4,3.0,18.5,10717.7,3,Average,7.81,1.53,2.69,14.0,9.8,138.44,5.86,2.41,69.05
2000.4,3,2.5,30.4,7402.8,1,Good,6.82,3.02,3.82,30.35,9.43,101.75,5.06,4.76,56.62
3073.3,6,4.0,44.1,10559.5,4,Average,10.0,2.67,0.59,39.0,10.0,141.33,7.01,3.1,84.32
2818.4,4,3.0,4.7,9286.4,3,Excellent,7.37,14.0,5.8,41.93,4.25,101.21,6.21,3.62,67.09
1224.1,1,1.0,16.0,7997.1,0,Good,5.97,6.57,0.8,17.46,7.97,88.11,3.99,4.34,45.38
2454.2,4,3.0,1.5,6971.2,2,Good,6.31,0.21,4.62,34.82,10.0,114.99,7.2,3.66,72.92
1859.4,4,3.0,2.3,6921.9,2,Excellent,4.39,0.82,0.82,44.57,10.0,93.11,3.81,4.08,69.79
2057.0,5,3.0,19.1,7017.1,4,Average,8.72,8.02,5.32,27.16,8.2,122.41,4.03,3.86,58.68
1548.7,4,2.0,12.0,8703.5,1,Average,7.07,2.68,1.97,21.18,10.0,113.13,6.99,4.14,58.4
3684.3,6,4.5,25.6,11416.4,4,Fair,7.1,4.76,1.55,21.36,9.55,119.51,5.17,3.77,91.52
2875.6,3,3.5,10.0,11209.3,2,Good,4.58,2.44,1.85,46.43,9.86,71.47,5.54,3.95,75.7
1542.4,1,1.0,2.5,8774.4,2,Good,7.9,5.13,2.1,21.76,8.96,97.59,5.67,2.97,53.74
1252.5,2,1.5,37.0,5795.1,2,Good,4.82,0.66,4.15,52.55,10.0,90.04,4.02,3.79,40.48
1745.9,3,2.5,1.6,6998.4,2,Good,5.5,4.48,1.36,39.11,9.15,100.83,7.27,3.37,47.29
2326.4,5,3.5,3.8,8961.8,3,Excellent,6.73,6.72,5.06,40.79,8.2,112.84,7.61,3.33,67.98
2173.5,4,3.5,5.8,11535.8,2,Average,5.45,1.19,1.87,37.8,10.0,82.49,3.14,2.14,72.57
3098.3,5,3.5,65.0,18392.2,2,Good,5.07,1.67,8.5,50.91,10.0,104.67,4.71,3.08,72.33
2634.6,4,3.5,9.7,10503.1,2,Average,6.41,3.06,0.79,26.68,10.0,102.69,5.95,3.3,69.19
2805.5,4,3.0,12.5,8895.0,2,Good,8.32,6.69,3.1,28.8,8.83,104.59,5.08,4.57,76.74
2240.4,4,3.0,26.4,7507.9,2,Good,8.11,7.83,0.92,22.2,6.8,95.93,4.6,3.19,58.02
1228.7,2,1.5,18.2,7170.4,1,Excellent,7.77,2.65,0.7,33.71,9.56,110.23,5.82,3.61,50.18
1865.9,3,2.0,33.1,9108.0,2,Good,7.38,3.63,2.6,9.19,10.0,112.96,5.93,4.43,62.66
2895.8,4,3.0,12.0,,2,Good,5.64,6.8,2.01,36.44,8.15,85.87,7.06,2.47,72.16
1962.5,4,2.5,64.5,9627.4,2,Fair,8.52,1.04,1.86,26.43,10.0,150.86,3.29,3.11,57.94
2382.9,4,3.0,28.7,14035.2,3,Average,3.38,5.78,3.2,57.12,8.15,69.47,4.09,4.06,64.87
1787.3,2,2.0,9.2,11214.3,2,Good,7.28,1.17,1.06,17.84,10.0,95.11,4.37,5.25,55.47
1393.5,2,1.5,8.6,6421.0,1,Excellent,8.01,2.98,1.52,22.41,10.0,85.38,7.84,1.91,53.55
1913.8,4,3.0,47.7,8115.1,2,Average,6.34,8.93,0.89,39.64,7.44,101.17,6.86,3.31,54.16
2226.5,3,2.5,20.8,8640.8,2,Excellent,5.2,2.49,3.94,37.44,9.47,98.64,5.5,3.87,67.37
1588.4,4,2.5,17.5,6771.8,3,Fair,6.43,0.51,1.57,42.39,10.0,125.08,5.11,4.03,53.96
1840.0,3,2.0,25.5,7795.5,1,Excellent,5.14,7.44,7.29,55.09,6.99,81.23,5.68,5.08,51.26
1438.3,2,1.5,14.8,7561.3,1,Average,7.43,3.01,8.5,31.16,10.0,134.5,6.49,2.92,45.67
2956.4,5,4.5,3.1,11148.6,2,Good,8.2,0.44,1.72,33.36,10.0,100.3,4.92,3.22,91.8
1802.5,3,2.5,6.9,7629.3,1,Average,7.3,0.23,1.6,26.09,10.0,104.18,5.5,2.18,59.47
3322.5,5,4.0,14.7,13738.0,3,Good,7.2,1.17,2.51,44.05,10.0,93.56,4.83,3.5,90.18
3412.0,5,4.0,0.3,16202.8,3,Average,7.87,0.61,0.9,32.63,10.0,126.58,3.67,3.78,86.36
1942.3,4,2.5,10.4,7798.1,3,Good,8.08,3.37,2.1,24.93,9.88,99.67,3.23,4.97,66.13
1403.9,3,2.5,25.4,6562.9,2,Good,5.1,,2.86,32.66,9.28,89.26,4.44,4.68,51.09
962.9,2,1.5,3.2,5247.4,0,Average,3.73,6.08,5.27,39.87,7.2,50.53,4.79,4.54,33.83
1193.7,3,2.5,1.2,7138.9,2,Good,7.0,2.5,1.71,36.9,10.0,130.11,5.68,2.88,50.73
1235.4,2,1.5,32.5,6815.4,2,Good,8.16,1.13,6.33,10.86,10.0,113.65,5.5,3.72,39.48
3237.2,6,4.0,17.3,10825.5,3,Average,3.65,0.37,1.71,49.29,10.0,72.32,3.67,3.69,67.2
2080.9,3,2.5,3.5,6500.0,1,,6.62,0.23,1.37,41.61,10.0,76.13,5.21,3.75,54.85
2290.1,3,2.0,29.5,10519.0,2,Fair,8.53,8.52,2.41,12.45,8.03,102.18,4.6,3.37,72.62
918.6,1,1.0,19.3,4518.6,0,Average,6.29,0.7,2.92,58.09,10.0,86.51,4.93,4.25,20.49
1313.8,2,1.0,7.3,8100.8,2,Average,9.24,2.41,6.55,15.45,10.0,143.14,5.29,3.13,51.2
2725.7,4,3.0,8.5,12428.8,2,Good,8.9,5.27,5.48,28.25,10.0,136.59,6.61,3.65,73.98
2209.2,4,2.5,3.1,8218.8,2,Good,6.17,8.65,1.01,44.74,6.87,111.16,4.69,4.49,62.93
1897.9,3,3.0,32.5,9899.7,1,Fair,5.84,0.92,1.74,22.98,10.0,71.0,7.05,5.02,50.89
2435.0,3,2.0,12.8,9376.1,3,Average,5.87,1.04,5.78,45.6,10.0,99.61,3.77,2.78,57.27
3542.3,5,4.0,14.7,17876.4,2,Average,6.74,0.83,6.01,34.7,10.0,94.7,4.23,3.81,89.25
1849.4,3,2.5,38.7,6678.0,2,Good,4.39,0.75,2.7,52.6,10.0,64.15,5.09,3.74,41.91
2047.3,2,2.0,0.3,12168.6,1,Average,4.05,2.14,6.46,54.96,10.0,64.11,3.91,4.31,61.24
2137.5,3,2.5,1.2,10686.1,1,Average,2.41,3.43,8.5,75.36,8.84,51.1,3.75,4.63,50.22
4615.8,6,4.5,3.2,25536.4,3,Good,6.46,4.12,2.67,48.07,8.66,108.57,5.28,3.15,101.13
958.4,3,2.5,0.5,3817.3,2,Good,10.0,1.47,3.56,8.0,10.0,155.72,3.74,3.34,54.64
2538.0,4,3.5,19.3,10702.2,2,Average,2.92,3.33,0.2,62.63,9.99,65.84,4.14,3.45,65.49
1919.5,4,3.0,18.1,8916.6,2,Average,6.17,0.21,2.16,48.39,10.0,104.8,5.11,3.76,51.79
2436.6,3,2.5,4.3,13289.0,1,Average,6.11,7.21,1.6,33.93,8.28,120.84,7.07,4.02,63.16
1587.5,3,2.0,2.9,6317.8,1,Excellent,6.23,6.72,3.47,38.26,7.04,106.36,4.99,3.12,52.93
1964.2,4,2.5,2.8,7974.9,2,Average,8.76,2.71,5.02,20.68,10.0,122.77,5.34,4.79,64.11
2563.2,3,3.0,55.1,9318.3,1,Fair,4.9,1.09,1.26,63.79,10.0,89.5,3.94,2.03,58.36
5200.0,6,5.0,21.3,22793.5,4,Average,3.0,11.67,1.18,65.4,5.57,83.37,4.05,2.5,100.7
2651.3,5,3.5,15.8,9794.1,3,Average,5.54,5.53,1.28,61.05,10.0,76.51,2.68,3.86,69.75
1485.0,3,2.0,7.0,7426.7,2,Good,5.3,0.25,7.99,59.51,10.0,79.89,4.12,3.28,53.51
